文化,Stellarium ID,星座英文名,星座原文名,星座繁中名,筆畫,筆畫星數,HIP 順序,國際星名順序,文化內星名順序
阿努塔,CON anutan 001,The Bamboo,Te Kope,竹子,筆畫1,5,112623→112122→110997→109111→108085,HIP112623→Tiaki→HIP110997→HIP109111→Aldhanab,
阿努塔,CON anutan 002,Path of Three,Ara Toru,三星之路,筆畫1,3,25930→26311→26727,Mintaka→Alnilam→Alnitak,
阿努塔,CON anutan 003,Bird of Flight,Manu,飛翔的鳥,筆畫1,4,37279→32349→30438→32607,Procyon→Sirius→Canopus→HIP32607,—→—→—→Te Taki O Te Kapakau Tonga
阿努塔,CON anutan 004,The Tongs,Te Angaanga,火鉗,筆畫1,7,21421→20885→20713→20205→20455→20648→20889,Aldebaran→Hyadum III→HIP20713→Prima Hyadum→Secunda Hyadum→HIP20648→Ain,
阿努塔,CON anutan 005,Octopus Tentacle,Kaavei,章魚觸手,筆畫1,3,8903→9884→13209,Sheratan→Hamal→Bharani,
阿努塔,CON anutan 006,Forward Precursor,Taki Mua,前面的領路星,筆畫1,4,107354→109176→113881→113963,HIP107354→HIP109176→Scheat→Markab,
阿努塔,CON anutan 007,Adze,Toki,石錛,筆畫1,6,101421→101769→101958→102532→102281→101958,Aldulfin→Rotanev→Sualocin→Al Salib→Al Ukud→Sualocin,
阿努塔,CON anutan 008,The Carrying Stick,Te Aamonga,扁擔,筆畫1,3,97278→97649→98036,Tarazed→Altair→Alshain,
阿努塔,CON anutan 009,Crevalle-like Fish,Te Paka Poi Ika Tapu,像鰺魚的魚（不確定）,筆畫1,4,88635→90496→92855→94141,Alnasl→Kaus Borealis→Nunki→Albaldah,
阿努塔,CON anutan 009,Crevalle-like Fish,Te Paka Poi Ika Tapu,像鰺魚的魚（不確定）,筆畫2,2,92855→95865,Nunki→HIP95865,
阿努塔,CON anutan 009,Crevalle-like Fish,Te Paka Poi Ika Tapu,像鰺魚的魚（不確定）,筆畫3,3,92855→90185→88635,Nunki→Kaus Australis→Alnasl,
阿努塔,CON anutan 010,Taro Plant,Taro,芋頭（整株）,筆畫1,7,81266→80763→80112→78401→78820→80473→78401,Paikauhale→Antares→Alniyat→Dschubba→Acrab→HIP80473→Dschubba,
阿努塔,CON anutan 010,Taro Plant,Taro,芋頭（整株）,筆畫2,5,80112→78265→78104→79881→78265,Alniyat→Fang→Iklil→HIP79881→Fang,
阿努塔,CON anutan 011,The Net,Te Kupenga,漁網,筆畫1,7,71683→68702→62434→61084→59747→60718→62434,Alpha Centauri→Hadar→Mimosa→Gacrux→Imai→Acrux→Mimosa,
阿拉伯・蘇菲,CON arabic_al-sufi UMi,Ursa Minor,الدب الأصغر,小熊座,筆畫1,9,11767→85822→82080→77055→79822→75097→75097→72607→77055,Polaris→Yildun→Circitores→Akfa Farkadain→HIP79822→Pherkad→Pherkad→Kochab→Akfa Farkadain,الجدي→—→—→—→—→أخفى الفرقدين→أخفى الفرقدين→أنور الفرقدين→—
阿拉伯・蘇菲,CON arabic_al-sufi UMa,Ursa Major,الدب الأكبر,大熊座,筆畫1,5,67301→65378→62956→59774→54061,Alkaid→Mizar→Alioth→Megrez→Dubhe,القائد→العناق→الجون→—→—
阿拉伯・蘇菲,CON arabic_al-sufi UMa,Ursa Major,الدب الأكبر,大熊座,筆畫2,3,53910→58001→59774,Merak→Phecda→Megrez,
阿拉伯・蘇菲,CON arabic_al-sufi UMa,Ursa Major,الدب الأكبر,大熊座,筆畫3,4,58001→54539→50801→50372,Phecda→HIP54539→Tania Australis→Tania Borealis,
阿拉伯・蘇菲,CON arabic_al-sufi UMa,Ursa Major,الدب الأكبر,大熊座,筆畫4,5,53910→48402→46853→44471→44127,Merak→Alhaud VII→Alhaud V→Alkaphrah→Talitha,
阿拉伯・蘇菲,CON arabic_al-sufi UMa,Ursa Major,الدب الأكبر,大熊座,筆畫5,11,48402→48319→46733→45075→41704→42527→42080→44390→46977→45038→54061,Alhaud VII→Alhaud VI→Alhaud IV→Alhaud II→Muscida→Althiba III→HIP42080→Althiba IV→Althiba VII→Althiba VI→Dubhe,
阿拉伯・蘇菲,CON arabic_al-sufi UMa,Ursa Major,الدب الأكبر,大熊座,筆畫6,3,58001→55219→55203,Phecda→Alula Borealis→Alula Australis,
阿拉伯・蘇菲,CON arabic_al-sufi UMa,Ursa Major,الدب الأكبر,大熊座,筆畫7,3,48319→45493→44901,Alhaud VI→Alhaud III→Alhaud I,
阿拉伯・蘇菲,CON arabic_al-sufi Dra,Draco,التنين,天龍座,筆畫1,6,83608→85829→87585→87833→85670→85829,Alrakis→HIP85829→Grumium→Eltanin→Rastaban→HIP85829,
阿拉伯・蘇菲,CON arabic_al-sufi Dra,Draco,التنين,天龍座,筆畫2,27,87585→90156→92512→91755→90905→95081→94376→96100→97433→98702→89908→89937→94648→92782→86614→86201→85805→83895→82860→81660→80331→78527→75458→68756→67627→61281→56211,Grumium→HIP90156→HIP92512→HIP91755→HIP90905→Tais I→Altais→Alsafi→Tyl→Tais II→Aldhiba→Alahakan→Athafi II→Athafi I→Dziban→HIP86201→Adfar Aldib I→Aldhibah→HIP82860→HIP81660→Athebyne→HIP78527→Edasich→Thuban→HIP67627→HIP61281→Giausar,—→—→—→—→—→—→—→—→—→—→—→—→—→—→—→—→—→—→—→—→—→—→الذيخ→—→—→—→—
阿拉伯・蘇菲,CON arabic_al-sufi Cep,Cepheus,قيقاوس,仙王座,筆畫1,6,109857→109492→109556→108917→106032→99255,HIP109857→HIP109492→HIP109556→Kurhah→Alfirk→Al Aghnam I,
阿拉伯・蘇菲,CON arabic_al-sufi Cep,Cepheus,قيقاوس,仙王座,筆畫2,2,106032→116727,Alfirk→Errai,
阿拉伯・蘇菲,CON arabic_al-sufi Cep,Cepheus,قيقاوس,仙王座,筆畫3,4,108917→105199→102422→101093,Kurhah→Alderamin→Kabalfird→Al Kidr,
阿拉伯・蘇菲,CON arabic_al-sufi Cep,Cepheus,قيقاوس,仙王座,筆畫4,2,108917→112724,Kurhah→HIP112724,
阿拉伯・蘇菲,CON arabic_al-sufi Boo,Bootes,العواء,牧夫座,筆畫1,3,69483→69713→70497,Asellus Tertius→Asellus Secundus→Asellus Primus,
阿拉伯・蘇菲,CON arabic_al-sufi Boo,Bootes,العواء,牧夫座,筆畫2,12,69713→69732→71075→74666→73745→73568→73996→74087→75049→75312→75411→75973,Asellus Secundus→Xuange→Seginus→Thiba→Aulad Alnathlat→HIP73568→HIP73996→HIP74087→HIP75049→HIP75312→Alkalurops→HIP75973,
阿拉伯・蘇菲,CON arabic_al-sufi Boo,Bootes,العواء,牧夫座,筆畫3,3,73555→71284→71053,Nekkar→HIP71284→HIP71053,
阿拉伯・蘇菲,CON arabic_al-sufi Boo,Bootes,العواء,牧夫座,筆畫4,3,71284→72105→71795,HIP71284→Izar→HIP71795,
阿拉伯・蘇菲,CON arabic_al-sufi Boo,Bootes,العواء,牧夫座,筆畫5,4,71053→67927→67275→67459,HIP71053→Muphrid→HIP67275→HIP67459,
阿拉伯・蘇菲,CON arabic_al-sufi 05Boo04,The hyenas and their youngsters,الضباع وأولاد الضباع,鬣狗和它們的幼崽,筆畫1,2,71075→71075,Seginus→Seginus,
阿拉伯・蘇菲,CON arabic_al-sufi 05Boo04,The hyenas and their youngsters,الضباع وأولاد الضباع,鬣狗和它們的幼崽,筆畫2,2,79992→79992,HIP79992→HIP79992,
阿拉伯・蘇菲,CON arabic_al-sufi CrB,Corona Borealis,الإكليل الشمالي,北冕座,筆畫1,8,77048→76127→75695→76267→76952→77512→78159→78493,HIP77048→HIP76127→Nusakan→Alphecca→HIP76952→HIP77512→HIP78159→HIP78493,—→—→—→المنير من الفكة→—→—→—→—
阿拉伯・蘇菲,CON arabic_al-sufi Her,Hercules,الجاثي,武仙座,筆畫1,5,84345→83254→80816→80170→79043,Rasalgethi→HIP83254→Kornephoros→Nasak Shamiya III→Marsic,رأس الجاثي→—→—→—→—
阿拉伯・蘇菲,CON arabic_al-sufi Her,Hercules,الجاثي,武仙座,筆畫2,6,83254→84379→85693→86974→87998→88794,HIP83254→Sarin→Maasym→HIP86974→HIP87998→HIP88794,
阿拉伯・蘇菲,CON arabic_al-sufi Her,Hercules,الجاثي,武仙座,筆畫3,3,86974→87933→88794,HIP86974→HIP87933→HIP88794,
阿拉伯・蘇菲,CON arabic_al-sufi Her,Hercules,الجاثي,武仙座,筆畫4,8,80816→81693→81833→81126→79992→79101→77760→75973,Kornephoros→HIP81693→HIP81833→HIP81126→HIP79992→HIP79101→HIP77760→HIP75973,
阿拉伯・蘇菲,CON arabic_al-sufi Her,Hercules,الجاثي,武仙座,筆畫5,3,79992→78592→75973,HIP79992→HIP78592→HIP75973,
阿拉伯・蘇菲,CON arabic_al-sufi Her,Hercules,الجاثي,武仙座,筆畫6,12,84379→83207→83313→83838→84380→84606→85112→87808→86414→84835→86182→87212,Sarin→HIP83207→HIP83313→HIP83838→HIP84380→HIP84606→HIP85112→HIP87808→HIP86414→HIP84835→HIP86182→HIP87212,
阿拉伯・蘇菲,CON arabic_al-sufi Her,Hercules,الجاثي,武仙座,筆畫7,2,81693→83207,HIP81693→HIP83207,
阿拉伯・蘇菲,CON arabic_al-sufi Lyr,Lyra,اللورا,天琴座,筆畫1,6,91262→91919→91971→92791→94481→94713,Vega→Double Double I→Nasr Alwaki I→HIP92791→Aladfar→HIP94713,النسر الواقع→—→—→—→—→—
阿拉伯・蘇菲,CON arabic_al-sufi Lyr,Lyra,اللورا,天琴座,筆畫2,3,91971→92420→92405,Nasr Alwaki I→Sheliak→HIP92405,
阿拉伯・蘇菲,CON arabic_al-sufi Lyr,Lyra,اللورا,天琴座,筆畫3,3,92791→93194→93279,HIP92791→Sulafat→HIP93279,
阿拉伯・蘇菲,CON arabic_al-sufi Cyg,Cygnus,الطائر,天鵝座,筆畫1,5,94779→95853→97165→100453→102098,Fawaris I→HIP95853→Fawaris→Sadr→Deneb,—→—→—→—→ذنب الدجاجة
阿拉伯・蘇菲,CON arabic_al-sufi Cyg,Cygnus,الطائر,天鵝座,筆畫2,4,100453→102589→102488→104732,Sadr→HIP102589→Aljanah→Fawaris III,
阿拉伯・蘇菲,CON arabic_al-sufi Cyg,Cygnus,الطائر,天鵝座,筆畫3,4,100453→98110→96683→95947,Sadr→HIP98110→HIP96683→Albireo,—→—→—→منقار الدجاجة
阿拉伯・蘇菲,CON arabic_al-sufi Cyg,Cygnus,الطائر,天鵝座,筆畫4,3,100453→104060→103413,Sadr→HIP104060→HIP103413,
阿拉伯・蘇菲,CON arabic_al-sufi Cyg,Cygnus,الطائر,天鵝座,筆畫5,4,100453→101138→99675→99848,Sadr→Ruchba→HIP99675→HIP99848,
阿拉伯・蘇菲,CON arabic_al-sufi Cas,Cassiopeia,ذات الكرسي,仙后座,筆畫1,7,2920→3179→3821→4427→6686→8886→11569,Fulu→Shedar→Achird→Navi→Ruchbah→Segin→HIP11569,
阿拉伯・蘇菲,CON arabic_al-sufi Cas,Cassiopeia,ذات الكرسي,仙后座,筆畫2,3,3821→6242→5542,Achird→HIP6242→Marfak,
阿拉伯・蘇菲,CON arabic_al-sufi Cas,Cassiopeia,ذات الكرسي,仙后座,筆畫3,3,3179→746→118243,Shedar→Caph→HIP118243,—→الكف الخضيب→—
阿拉伯・蘇菲,CON arabic_al-sufi Cas,Cassiopeia,ذات الكرسي,仙后座,筆畫4,3,117863→746→2599,HIP117863→Caph→HIP2599,—→الكف الخضيب→—
阿拉伯・蘇菲,CON arabic_al-sufi Cas,Cassiopeia,ذات الكرسي,仙后座,筆畫5,2,4427→2599,Navi→HIP2599,
阿拉伯・蘇菲,CON arabic_al-sufi Per,Perseus,برشاوش,英仙座,筆畫1,11,11279→13268→14328→15863→16335→16826→17358→19167→20070→20354→21476,HIP11279→Miram→HIP14328→Mirfak→HIP16335→HIP16826→HIP17358→HIP19167→HIP20070→HIP20354→HIP21476,—→—→—→جنب برشاوش→—→—→—→—→—→—→—
阿拉伯・蘇菲,CON arabic_al-sufi Per,Perseus,برشاوش,英仙座,筆畫2,3,12686→13531→14328,HIP12686→HIP13531→HIP14328,
阿拉伯・蘇菲,CON arabic_al-sufi Per,Perseus,برشاوش,英仙座,筆畫3,8,13531→12777→14668→14576→14817→14354→13879→14576,HIP13531→HIP12777→Misam→Algol→Gorgonea Quarta→Gorgonea Tertia→Gorgonea Secunda→Algol,—→—→—→رأس الغول→—→—→—→رأس الغول
阿拉伯・蘇菲,CON arabic_al-sufi Per,Perseus,برشاوش,英仙座,筆畫4,8,12777→14632→16335→17529→18532→18614→17448→18246,HIP12777→HIP14632→HIP16335→HIP17529→HIP18532→Menkib→Atik→Atik,
阿拉伯・蘇菲,CON arabic_al-sufi Per,Perseus,برشاوش,英仙座,筆畫5,4,17358→19343→19812→20354,HIP17358→HIP19343→HIP19812→HIP20354,
阿拉伯・蘇菲,CON arabic_al-sufi Aur,Auriga,ممسك الأعنة,御夫座,筆畫1,3,28358→27949→26344,HIP28358→HIP27949→HIP26344,
阿拉伯・蘇菲,CON arabic_al-sufi Aur,Auriga,ممسك الأعنة,御夫座,筆畫2,6,27949→26315→24608→23416→23453→23767,HIP27949→HIP26315→Capella→Almaaz→Saclateni→Haedus,—→—→العيوق→—→—→—
阿拉伯・蘇菲,CON arabic_al-sufi Aur,Auriga,ممسك الأعنة,御夫座,筆畫3,2,23453→23015,Saclateni→Hassaleh,
阿拉伯・蘇菲,CON arabic_al-sufi Aur,Auriga,ممسك الأعنة,御夫座,筆畫4,4,26315→28360→27673→28380,HIP26315→Menkalinan→HIP27673→Mahasim,
阿拉伯・蘇菲,CON arabic_al-sufi Aur,Auriga,ممسك الأعنة,御夫座,筆畫5,4,27673→25541→25984→25428,HIP27673→HIP25541→HIP25984→Elnath,
阿拉伯・蘇菲,CON arabic_al-sufi Aur,Auriga,ممسك الأعنة,御夫座,筆畫6,2,23453→27673,Saclateni→HIP27673,
阿拉伯・蘇菲,CON arabic_al-sufi Oph,Ophiuchus,الحواء,蛇夫座,筆畫1,8,86032→85139→86742→87108→85365→86284→88048→88404,Rasalhague→HIP85139→Cebalrai→Muliphen→HIP85365→HIP86284→HIP88048→HIP88404,رأس الحواء→—→—→—→—→—→—→—
阿拉伯・蘇菲,CON arabic_al-sufi Oph,Ophiuchus,الحواء,蛇夫座,筆畫2,9,86742→83262→84012→84893→86736→85755→85340→84970→84405,Cebalrai→HIP83262→Sabik→Aggia→HIP86736→HIP85755→HIP85340→Garafsa→Guniibuu,
阿拉伯・蘇菲,CON arabic_al-sufi Oph,Ophiuchus,الحواء,蛇夫座,筆畫3,6,86032→85139→82673→80883→79593→79882,Rasalhague→HIP85139→HIP82673→Marfik→Yed Prior→Yed Posterior,رأس الحواء→—→—→—→—→—
阿拉伯・蘇菲,CON arabic_al-sufi Oph,Ophiuchus,الحواء,蛇夫座,筆畫4,9,82673→83000→82405→81377→80894→80569→80343→80975→80473,HIP82673→HIP83000→HIP82405→Saik→HIP80894→HIP80569→HIP80343→HIP80975→HIP80473,
阿拉伯・蘇菲,CON arabic_al-sufi Oph,Ophiuchus,الحواء,蛇夫座,筆畫5,2,83262→82405,HIP83262→HIP82405,
阿拉伯・蘇菲,CON arabic_al-sufi Ser,Serpens,الحية,巨蛇座,筆畫1,4,76852→77450→77661→78554,HIP76852→Gudja→HIP77661→HIP78554,
阿拉伯・蘇菲,CON arabic_al-sufi Ser,Serpens,الحية,巨蛇座,筆畫2,15,77450→78072→77233→76276→77257→77070→77622→77516→80628→84880→86263→86565→88175→89962→92946,Gudja→Nasak Shamiya II→Nasak Shamiya I→Nasak Yamani I→HIP77257→Unukalhai→Nasak Yamani II→HIP77516→HIP80628→HIP84880→HIP86263→HIP86565→HIP88175→HIP89962→Alya,—→—→—→—→—→عنق الحية→—→—→—→—→—→—→—→—→—
阿拉伯・蘇菲,CON arabic_al-sufi Sge,Sagitta,السهم,天箭座,筆畫1,4,98337→97365→96984→96837,HIP98337→HIP97365→HIP96984→HIP96837,
阿拉伯・蘇菲,CON arabic_al-sufi Sge,Sagitta,السهم,天箭座,筆畫2,2,96984→96757,HIP96984→Sham,
阿拉伯・蘇菲,CON arabic_al-sufi Sge,Sagitta,السهم,天箭座,筆畫3,2,97496→97496,HIP97496→HIP97496,
阿拉伯・蘇菲,CON arabic_al-sufi Aql,Aquila,العقاب,天鷹座,筆畫1,5,98823→98036→97938→97649→97278,HIP98823→Alshain→Libertas→Altair→Tarazed,—→—→—→النسر الطائر→—
阿拉伯・蘇菲,CON arabic_al-sufi Aql,Aquila,العقاب,天鷹座,筆畫2,2,96229→93747,HIP96229→Okab,
阿拉伯・蘇菲,CON arabic_al-sufi Aql,Aquila,العقاب,天鷹座,筆畫3,3,98103→97649→96665,HIP98103→Altair→HIP96665,—→النسر الطائر→—
阿拉伯・蘇菲,CON arabic_al-sufi Aql,Aquila,العقاب,天鷹座,筆畫4,2,97649→96229,Altair→HIP96229,النسر الطائر→—
阿拉伯・蘇菲,CON arabic_al-sufi Aql,Aquila,العقاب,天鷹座,筆畫5,2,97278→93747,Tarazed→Okab,
阿拉伯・蘇菲,CON arabic_al-sufi Del,Delphinus,الدلفين,海豚座,筆畫1,11,101421→101483→101589→101769→101958→102532→102281→101882→101800→101916→101421,Aldulfin→HIP101483→HIP101589→Rotanev→Sualocin→Al Salib→Al Ukud→HIP101882→HIP101800→HIP101916→Aldulfin,ذنب الدلفين→—→—→—→—→—→—→—→—→—→ذنب الدلفين
阿拉伯・蘇菲,CON arabic_al-sufi Equ,Equuleus,قطعة الفرس,小馬座,筆畫1,5,104521→104858→105570→104987→104521,HIP104521→HIP104858→HIP105570→Kitalpha→HIP104521,
阿拉伯・蘇菲,CON arabic_al-sufi Peg,Pegasus,الفرس,飛馬座,筆畫1,11,107315→109068→113186→113963→1067→677→113881→112748→112440→109176→107354,Enif→Fum al Faras→HIP113186→Markab→Algenib→Alpheratz→Scheat→Sadalbari→Sadalnazi→HIP109176→HIP107354,فم الفرس→—→—→متن الفرس→جناح الفرس→سرة الفرس→منكب الفرس→—→—→—→—
阿拉伯・蘇菲,CON arabic_al-sufi Peg,Pegasus,الفرس,飛馬座,筆畫2,3,113881→112158→109410,Scheat→Matar→HIP109410,منكب الفرس→—→—
阿拉伯・蘇菲,CON arabic_al-sufi Peg,Pegasus,الفرس,飛馬座,筆畫3,5,107315→109427→112029→112447→112440,Enif→Biham→Homam→Suudalnujum→Sadalnazi,فم الفرس→—→—→—→—
阿拉伯・蘇菲,CON arabic_al-sufi And,Andromeda,المسلسلة,仙女座,筆畫1,2,677→2912,Alpheratz→HIP2912,سرة الفرس→—
阿拉伯・蘇菲,CON arabic_al-sufi And,Andromeda,المسلسلة,仙女座,筆畫2,11,4463→3693→3031→3092→2912→1473→1686→1366→116631→116805→116584,HIP4463→HIP3693→HIP3031→HIP3092→HIP2912→HIP1473→HIP1686→HIP1366→HIP116631→HIP116805→HIP116584,
阿拉伯・蘇菲,CON arabic_al-sufi And,Andromeda,المسلسلة,仙女座,筆畫3,4,3092→5447→7818→9640,HIP3092→Mirach→HIP7818→Almach,—→بطن الحوت→—→رجل المسلسلة
阿拉伯・蘇菲,CON arabic_al-sufi And,Andromeda,المسلسلة,仙女座,筆畫4,9,7818→7513→7719→6999→5434→3881→4436→5447→3092,HIP7818→Titawin→HIP7719→Thail→HIP5434→HIP3881→HIP4436→Mirach→HIP3092,—→—→—→—→—→—→—→بطن الحوت→—
阿拉伯・蘇菲,CON arabic_al-sufi And,Andromeda,المسلسلة,仙女座,筆畫5,3,6999→7607→8068,Thail→Nembus→HIP8068,
阿拉伯・蘇菲,CON arabic_al-sufi And,Andromeda,المسلسلة,仙女座,筆畫6,2,1473→3881,HIP1473→HIP3881,
阿拉伯・蘇菲,CON arabic_al-sufi Tri,Triangulum,المثلث,三角座,筆畫1,5,10670→10644→10064→8796→10670,HIP10670→HIP10644→Mizan→Mothallah→HIP10670,—→—→—→رأس المثلث→—
阿拉伯・蘇菲,CON arabic_al-sufi Tri,Triangulum,المثلث,三角座,筆畫2,2,5447→3881,Mirach→HIP3881,بطن الحوت→—
阿拉伯・蘇菲,CON arabic_al-sufi Ari,Aries,الحمل,白羊座,筆畫1,12,8903→10306→10732→12332→13914→14838→15110→15737→14838→13702→13327→12832,Sheratan→HIP10306→HIP10732→HIP12332→Al Butain III→Botein→Al Butain IV→HIP15737→Botein→HIP13702→HIP13327→HIP12832,
阿拉伯・蘇菲,CON arabic_al-sufi Ari,Aries,الحمل,白羊座,筆畫2,4,13702→10328→9110→10732,HIP13702→HIP10328→HIP9110→HIP10732,
阿拉伯・蘇菲,CON arabic_al-sufi Ari,Aries,الحمل,白羊座,筆畫3,3,8832→10306→9110,Mesarthim→HIP10306→HIP9110,
阿拉伯・蘇菲,CON arabic_al-sufi Tau,Taurus,الثور,金牛座,筆畫1,8,16369→16322→16083→15900→17771→18724→19860→18907,HIP16369→HIP16322→HIP16083→HIP15900→HIP17771→HIP18724→HIP19860→HIP18907,
阿拉伯・蘇菲,CON arabic_al-sufi Tau,Taurus,الثور,金牛座,筆畫2,4,18724→20205→21589→21402,HIP18724→Prima Hyadum→HIP21589→HIP21402,
阿拉伯・蘇菲,CON arabic_al-sufi Tau,Taurus,الثور,金牛座,筆畫3,10,20205→20885→21421→22565→21881→20430→20250→19205→17499→16369,Prima Hyadum→Hyadum III→Aldebaran→HIP22565→HIP21881→Alkalbain II→Alkalbain I→HIP19205→Electra→HIP16369,—→—→الدبران→—→—→—→—→—→—→—
阿拉伯・蘇菲,CON arabic_al-sufi Tau,Taurus,الثور,金牛座,筆畫4,3,22565→23835→26451,HIP22565→HIP23835→Tianguan,
阿拉伯・蘇菲,CON arabic_al-sufi Tau,Taurus,الثور,金牛座,筆畫5,2,21881→25428,HIP21881→Elnath,
阿拉伯・蘇菲,CON arabic_al-sufi Tau,Taurus,الثور,金牛座,筆畫6,5,21881→20711→20635→19990→20205,HIP21881→Alkalbain V→Alkalbain III→HIP19990→Prima Hyadum,
阿拉伯・蘇菲,CON arabic_al-sufi Gem,Gemini,التوأمان,雙子座,筆畫1,6,31681→34088→35846→36962→37740→38722,Alhena→Mekbuda→HIP35846→HIP36962→HIP37740→HIP38722,
阿拉伯・蘇菲,CON arabic_al-sufi Gem,Gemini,التوأمان,雙子座,筆畫2,4,37740→36238→35350→32362,HIP37740→HIP36238→HIP35350→Alzirr,
阿拉伯・蘇菲,CON arabic_al-sufi Gem,Gemini,التوأمان,雙子座,筆畫3,2,36962→37826,HIP36962→Pollux,
阿拉伯・蘇菲,CON arabic_al-sufi Gem,Gemini,التوأمان,雙子座,筆畫4,4,36962→36046→34693→36850,HIP36962→HIP36046→HIP34693→Castor,—→—→—→رأس التوأم
阿拉伯・蘇菲,CON arabic_al-sufi Gem,Gemini,التوأمان,雙子座,筆畫5,2,34693→33018,HIP34693→HIP33018,
阿拉伯・蘇菲,CON arabic_al-sufi Gem,Gemini,التوأمان,雙子座,筆畫6,4,34693→32246→30343→29655,HIP34693→Mebsuta→Tejat→Propus,
阿拉伯・蘇菲,CON arabic_al-sufi Gem,Gemini,التوأمان,雙子座,筆畫7,3,36046→32921→30883,HIP36046→HIP32921→Nucatai,
阿拉伯・蘇菲,CON arabic_al-sufi Can,Cancer,السرطان,巨蟹座,筆畫1,4,43103→42806→42911→44066,Zubanah→Asellus Borealis→Asellus Australis→Acubens,
阿拉伯・蘇菲,CON arabic_al-sufi Can,Cancer,السرطان,巨蟹座,筆畫2,4,39780→41909→41822→40526,HIP39780→HIP41909→HIP41822→Tarf,
阿拉伯・蘇菲,CON arabic_al-sufi Can,Cancer,السرطان,巨蟹座,筆畫3,2,41909→42806,HIP41909→Asellus Borealis,
阿拉伯・蘇菲,CON arabic_al-sufi Can,Cancer,السرطان,巨蟹座,筆畫4,2,41822→42911,HIP41822→Asellus Australis,
阿拉伯・蘇菲,CON arabic_al-sufi Leo,Leo,الأسد,獅子座,筆畫1,3,46750→47908→48455,Alterf→Algenubi→Rasalas,
阿拉伯・蘇菲,CON arabic_al-sufi Leo,Leo,الأسد,獅子座,筆畫2,13,46146→48455→50335→50583→49583→48883→49637→51624→52911→54879→54872→53954→50583,Al Minlear al Asad→Rasalas→Adhafera→Algieba→Al Jabhah→HIP48883→HIP49637→HIP51624→HIP52911→Chertan→Zosma→HIP53954→Algieba,—→—→—→—→—→—→—→—→—→—→ظهر الأسد→—→—
阿拉伯・蘇菲,CON arabic_al-sufi Leo,Leo,الأسد,獅子座,筆畫3,3,48883→47723→46771,HIP48883→HIP47723→HIP46771,
阿拉伯・蘇菲,CON arabic_al-sufi Leo,Leo,الأسد,獅子座,筆畫4,3,49637→49029→47508,HIP49637→HIP49029→Subra,
阿拉伯・蘇菲,CON arabic_al-sufi Leo,Leo,الأسد,獅子座,筆畫5,4,52911→54182→53824→53807,HIP52911→HIP54182→HIP53824→HIP53807,
阿拉伯・蘇菲,CON arabic_al-sufi Leo,Leo,الأسد,獅子座,筆畫6,3,54879→55642→55434,Chertan→HIP55642→HIP55434,
阿拉伯・蘇菲,CON arabic_al-sufi Leo,Leo,الأسد,獅子座,筆畫7,3,54872→55765→57632,Zosma→HIP55765→Denebola,ظهر الأسد→—→ذنب الأسد
阿拉伯・蘇菲,CON arabic_al-sufi Leo,Leo,الأسد,獅子座,筆畫8,2,46146→46750,Al Minlear al Asad→Alterf,
阿拉伯・蘇菲,CON arabic_al-sufi Leo,Leo,الأسد,獅子座,筆畫9,2,47908→49583,Algenubi→Al Jabhah,
阿拉伯・蘇菲,CON arabic_al-sufi Vir,Virgo,العذراء,處女座,筆畫1,13,57757→60129→61941→63494→64238→65474→66247→66098→66006→66803→67172→69427→69974,Zavijava→Zaniah→Porrima→HIP63494→HIP64238→Spica→HIP66247→HIP66098→HIP66006→HIP66803→HIP67172→Kang→Khambaliya,—→—→—→—→—→السماك الأعزل→—→—→—→—→—→—→—
阿拉伯・蘇菲,CON arabic_al-sufi Vir,Virgo,العذراء,處女座,筆畫2,10,69427→69701→70755→67929→66249→63090→62267→61960→63608→70755,Kang→Syrma→Elgafar→HIP67929→Heze→Minelauva→HIP62267→HIP61960→Vindemiatrix→Elgafar,
阿拉伯・蘇菲,CON arabic_al-sufi Vir,Virgo,العذراء,處女座,筆畫3,2,69701→71957,Syrma→Rijl al Awwa,
阿拉伯・蘇菲,CON arabic_al-sufi Vir,Virgo,العذراء,處女座,筆畫4,5,57380→57328→58948→58590→57380,HIP57380→HIP57328→HIP58948→HIP58590→HIP57380,
阿拉伯・蘇菲,CON arabic_al-sufi Vir,Virgo,العذراء,處女座,筆畫5,5,58590→60172→60129→62267→60172,HIP58590→HIP60172→Zaniah→HIP62267→HIP60172,
阿拉伯・蘇菲,CON arabic_al-sufi Vir,Virgo,العذراء,處女座,筆畫6,2,63494→66006,HIP63494→HIP66006,
阿拉伯・蘇菲,CON arabic_al-sufi Lib,Libra,الميزان,天秤座,筆畫1,9,72489→72622→73945→74392→76742→76880→77853→77811→76742,HIP72489→Zubenelgenubi II→Zuben Hakrabi→HIP74392→HIP76742→HIP76880→HIP77853→HIP77811→HIP76742,
阿拉伯・蘇菲,CON arabic_al-sufi Lib,Libra,الميزان,天秤座,筆畫2,4,77853→76333→74785→73473,HIP77853→Zubenelhakrabi→Zubeneschamali→Zuben Elakribi,
阿拉伯・蘇菲,CON arabic_al-sufi Sco,Scorpius,العقرب,天蠍座,筆畫1,14,85696→85927→86670→87073→86228→84143→82671→82514→82396→81266→80763→80112→78401→78265,Lesath→Shaula→Mula→Girtab→Sargas→HIP84143→HIP82671→Xamidimura→Larawag→Paikauhale→Antares→Alniyat→Dschubba→Fang,—→—→—→—→—→—→—→—→—→—→قلب العقرب→—→—→—
阿拉伯・蘇菲,CON arabic_al-sufi Sco,Scorpius,العقرب,天蠍座,筆畫2,2,78401→78820,Dschubba→Acrab,
阿拉伯・蘇菲,CON arabic_al-sufi Sgr,Sagittarius,الرامي,人馬座,筆畫1,5,89341→90496→88635→90185→90037,Polis→Kaus Borealis→Alnasl→Kaus Australis→HIP90037,
阿拉伯・蘇菲,CON arabic_al-sufi Sgr,Sagittarius,الرامي,人馬座,筆畫2,6,88635→92041→92855→94643→95477→96465,Alnasl→Namalsadirah I→Nunki→Al Kiladah→Namalsadirah III→HIP96465,
阿拉伯・蘇菲,CON arabic_al-sufi Sgr,Sagittarius,الرامي,人馬座,筆畫3,7,92761→93085→93683→94141→94820→95168→95176,Ainalrami→HIP93085→HIP93683→Albaldah→HIP94820→HIP95168→HIP95176,
阿拉伯・蘇菲,CON arabic_al-sufi Sgr,Sagittarius,الرامي,人馬座,筆畫4,3,94141→96950→98258,Albaldah→HIP96950→HIP98258,
阿拉伯・蘇菲,CON arabic_al-sufi Sgr,Sagittarius,الرامي,人馬座,筆畫5,2,94141→97290,Albaldah→HIP97290,
阿拉伯・蘇菲,CON arabic_al-sufi Sgr,Sagittarius,الرامي,人馬座,筆畫6,4,92761→93864→93506→89642,Ainalrami→Namalsadirah II→Ascella→Hamalwarid,
阿拉伯・蘇菲,CON arabic_al-sufi Sgr,Sagittarius,الرامي,人馬座,筆畫7,6,93506→98066→98353→98688→98412→98032,Ascella→Terebellum→Terebellum III→Terebellum IV→HIP98412→HIP98032,
阿拉伯・蘇菲,CON arabic_al-sufi Sgr,Sagittarius,الرامي,人馬座,筆畫8,3,98412→95347→95241,HIP98412→Rukbat→Arkab Prior,—→—→عرقوب الرامي
阿拉伯・蘇菲,CON arabic_al-sufi Cap,Capricornus,الجدي,摩羯座,筆畫1,4,100027→100310→100345→101027,Prima Giedi→Alshat→Dabih→HIP101027,
阿拉伯・蘇菲,CON arabic_al-sufi Cap,Capricornus,الجدي,摩羯座,筆畫2,2,99572→100881,HIP99572→HIP100881,
阿拉伯・蘇菲,CON arabic_al-sufi Cap,Capricornus,الجدي,摩羯座,筆畫3,2,100195→101123,HIP100195→HIP101123,
阿拉伯・蘇菲,CON arabic_al-sufi Cap,Capricornus,الجدي,摩羯座,筆畫4,4,101923→101027→100881→100195,HIP101923→HIP101027→HIP100881→HIP100195,
阿拉伯・蘇菲,CON arabic_al-sufi Cap,Capricornus,الجدي,摩羯座,筆畫5,6,101923→104139→105515→107095→107517→107382,HIP101923→HIP104139→HIP105515→HIP107095→HIP107517→HIP107382,
阿拉伯・蘇菲,CON arabic_al-sufi Cap,Capricornus,الجدي,摩羯座,筆畫6,9,107095→108036→107556→107188→105881→104365→104019→101984→101123,HIP107095→HIP108036→Deneb Algedi→HIP107188→HIP105881→HIP104365→HIP104019→HIP101984→HIP101123,—→—→ذنب الجدي→—→—→—→—→—→—
阿拉伯・蘇菲,CON arabic_al-sufi Cap,Capricornus,الجدي,摩羯座,筆畫7,3,104963→104234→102978,HIP104963→HIP104234→HIP102978,
阿拉伯・蘇菲,CON arabic_al-sufi Cap,Capricornus,الجدي,摩羯座,筆畫8,2,104365→102485,HIP104365→HIP102485,
阿拉伯・蘇菲,CON arabic_al-sufi Cap,Capricornus,الجدي,摩羯座,筆畫9,2,108036→107382,HIP108036→HIP107382,
阿拉伯・蘇菲,CON arabic_al-sufi Aqr,Aquarius,ساكب الماء,寶瓶座,筆畫1,2,106944→108874,HIP106944→Sadalmulk,
阿拉伯・蘇菲,CON arabic_al-sufi Aqr,Aquarius,ساكب الماء,寶瓶座,筆畫2,10,110672→110960→110395→109074→108874→106278→106786→103401→103045→102618,Seat→Sadaltager→Sadachbia→Sadalmelik→Sadalmulk→Sadalsuud→Bunda→HIP103401→Albulan I→Albali,
阿拉伯・蘇菲,CON arabic_al-sufi Aqr,Aquarius,ساكب الماء,寶瓶座,筆畫3,5,106786→109139→110778→112211→112529,Bunda→HIP109139→HIP110778→HIP112211→HIP112529,
阿拉伯・蘇菲,CON arabic_al-sufi Aqr,Aquarius,ساكب الماء,寶瓶座,筆畫4,4,109074→111123→112716→113136,Sadalmelik→HIP111123→HIP112716→Skat,
阿拉伯・蘇菲,CON arabic_al-sufi Aqr,Aquarius,ساكب الماء,寶瓶座,筆畫5,22,110960→111497→112961→113996→114724→114939→114855→115033→115115→115404→116758→116971→116901→117089→117629→116247→115669→115438→114341→114375→114119→113368,Sadaltager→HIP111497→Hydor→HIP113996→HIP114724→HIP114939→HIP114855→HIP115033→HIP115115→HIP115404→HIP116758→HIP116971→HIP116901→HIP117089→HIP117629→HIP116247→HIP115669→HIP115438→HIP114341→HIP114375→HIP114119→Fomalhaut,—→—→—→—→—→—→—→—→—→—→—→—→—→—→—→—→—→—→—→—→—→فم الحوت الجنوبي
阿拉伯・蘇菲,CON arabic_al-sufi Psc,Pisces,السمكتان,雙魚座,筆畫1,9,113889→115227→115830→116771→118268→116928→115738→114971→113889,Fumalsamakah→HIP115227→HIP115830→HIP116771→HIP118268→HIP116928→HIP115738→HIP114971→Fumalsamakah,
阿拉伯・蘇菲,CON arabic_al-sufi Psc,Pisces,السمكتان,雙魚座,筆畫2,28,118268→1645→2548→3786→4906→5737→5346→6061→7007→7884→8833→9487→8198→7535→7097→6706→5571→5742→6193→5586→5544→4510→4366→3885→5131→5310→5454→6706,HIP118268→HIP1645→HIP2548→Kuton I→HIP4906→Revati→HIP5346→HIP6061→HIP7007→HIP7884→HIP8833→Alrescha→Torcular→HIP7535→Alpherg→HIP6706→HIP5571→HIP5742→HIP6193→HIP5586→HIP5544→HIP4510→HIP4366→HIP3885→HIP5131→HIP5310→HIP5454→HIP6706,
阿拉伯・蘇菲,CON arabic_al-sufi Cet,Cetus,قيطس,鯨魚座,筆畫1,4,13954→14135→12706→12387,Menkar→Menkar→Kaffaljidhma→Al Kaff al Jidhmah III,—→الكف الجذماء→—→—
阿拉伯・蘇菲,CON arabic_al-sufi Cet,Cetus,قيطس,鯨魚座,筆畫2,4,10324→11484→12828→13954,Al Kaff al Jidhmah I→Al Kaff al Jidhmah II→HIP12828→Menkar,
阿拉伯・蘇菲,CON arabic_al-sufi Cet,Cetus,قيطس,鯨魚座,筆畫3,17,12387→12390→12770→11783→9347→8102→3419→3849→3436→1562→3455→3909→5364→6537→8645→11345→10324,Al Kaff al Jidhmah III→Sadr al Kaitos III→Sadr al Kaitos IV→Sadr al Kaitos II→Al Naymat III→Al Naymat II→Diphda→HIP3849→HIP3436→Deneb Kaitos Shemali→Alnitham I→Alnitham II→Dheneb→Al Naymat I→Baten Kaitos→Sadr al Kaitos I→Al Kaff al Jidhmah I,—→—→—→—→—→—→—→—→—→ذنب قيطس→—→—→—→—→—→—→—
阿拉伯・蘇菲,CON arabic_al-sufi Ori,Orion,الجبار,獵戶座,筆畫1,13,26207→25336→25473→25142→24010→23607→22957→22845→22509→22449→22549→22797→23123,Meissa→Bellatrix→HIP25473→HIP25142→HIP24010→HIP23607→Al Kumm II→Al Taj IV→Al Taj I→Tabit→Al Taj II→Al Taj III→Al Taj V,
阿拉伯・蘇菲,CON arabic_al-sufi Ori,Orion,الجبار,獵戶座,筆畫2,9,26207→27989→28614→29800→29426→29038→29434→29704→29426,Meissa→Betelgeuse→HIP28614→HIP29800→HIP29426→HIP29038→HIP29434→HIP29704→HIP29426,—→منكب الجوزاء→—→—→—→—→—→—→—
阿拉伯・蘇菲,CON arabic_al-sufi Ori,Orion,الجبار,獵戶座,筆畫3,3,29704→27913→28716,HIP29704→HIP27913→HIP28716,
阿拉伯・蘇菲,CON arabic_al-sufi Ori,Orion,الجبار,獵戶座,筆畫4,5,25473→25930→25281→24674→24436,HIP25473→Mintaka→Saif al Jabbar→HIP24674→Rigel,—→—→—→—→رجل الجوزاء
阿拉伯・蘇菲,CON arabic_al-sufi Ori,Orion,الجبار,獵戶座,筆畫5,5,24674→25923→26563→26727→27989,HIP24674→Thabit→Mizan Batil III→Alnitak→Betelgeuse,—→—→—→—→منكب الجوزاء
阿拉伯・蘇菲,CON arabic_al-sufi Ori,Orion,الجبار,獵戶座,筆畫6,2,26563→27366,Mizan Batil III→Saiph,
阿拉伯・蘇菲,CON arabic_al-sufi Ori,Orion,الجبار,獵戶座,筆畫7,3,25930→26311→26727,Mintaka→Alnilam→Alnitak,
阿拉伯・蘇菲,CON arabic_al-sufi Ori,Orion,الجبار,獵戶座,筆畫8,4,26311→26237→26221→26241,Alnilam→Mizan Batil I→Becklin's Star→Hatysa,
阿拉伯・蘇菲,CON arabic_al-sufi Eri,Eridanus,النهر,波江座,筆畫1,34,23972→23875→23364→22701→22109→21444→20507→19849→19587→18543→17593→17378→16537→15197→14293→13701→12444→12843→13288→14146→15474→16611→17651→17717→18216→18673→21248→21393→20535→20042→17874→17797→17351→13847,Kursi al Jauzah II→Cursa→Kursi al Jauzah I→HIP22701→HIP22109→HIP21444→HIP20507→Keid→Beid→Zaurak→HIP17593→Rana→Ran→Zibal→Aludhi III→Azha→HIP12444→HIP12843→Angetenar→HIP14146→HIP15474→HIP16611→HIP17651→HIP17717→HIP18216→HIP18673→Beemim→Theemin→Beemim→Beemim I→HIP17874→HIP17797→HIP17351→Acamar,—→—→—→—→—→—→—→—→—→—→—→—→—→—→—→—→—→—→—→—→—→—→—→—→—→—→—→—→—→—→—→—→—→آخر النهر
阿拉伯・蘇菲,CON arabic_al-sufi Lep,Lepus,الأرنب,天兔座,筆畫1,3,24244→24327→24305,HIP24244→HIP24327→HIP24305,
阿拉伯・蘇菲,CON arabic_al-sufi Lep,Lepus,الأرنب,天兔座,筆畫2,6,24873→24845→24305→25985→25606→23685,HIP24873→HIP24845→HIP24305→Arneb→Nihal→HIP23685,
阿拉伯・蘇菲,CON arabic_al-sufi Lep,Lepus,الأرنب,天兔座,筆畫3,5,25985→27288→28103→27654→27072,Arneb→HIP27288→HIP28103→Arsh al Jauzah→Kursi al Jabbar,
阿拉伯・蘇菲,CON arabic_al-sufi CMa,Canis Major,الكلب الأكبر,大犬座,筆畫1,5,32349→33345→33160→34045→32349,Sirius→HIP33345→HIP33160→Muliphein→Sirius,الشعرى اليمانية→—→—→—→الشعرى اليمانية
阿拉伯・蘇菲,CON arabic_al-sufi CMa,Canis Major,الكلب الأكبر,大犬座,筆畫2,9,34045→33347→33302→31700→30324→31592→33152→31416→31125,Muliphein→HIP33347→HIP33302→HIP31700→Mirzam→HIP31592→Udra→HIP31416→HIP31125,
阿拉伯・蘇菲,CON arabic_al-sufi CMa,Canis Major,الكلب الأكبر,大犬座,筆畫3,4,33152→33579→32759→30122,Udra→Adhara→HIP32759→Furud,
阿拉伯・蘇菲,CON arabic_al-sufi CMa,Canis Major,الكلب الأكبر,大犬座,筆畫4,4,33579→34444→33977→33302,Adhara→Wezen→Al Zara→HIP33302,
阿拉伯・蘇菲,CON arabic_al-sufi CMa,Canis Major,الكلب الأكبر,大犬座,筆畫5,2,34444→35904,Wezen→Aludra,
阿拉伯・蘇菲,CON arabic_al-sufi CMi,Canis Minor,الكلب الأصغر,小犬座,筆畫1,2,37279→36188,Procyon→Gomeisa,الشعرى الشامية→—
阿拉伯・蘇菲,CON arabic_al-sufi Arg,Argo Navis,السفينة,阿爾戈納維斯,筆畫1,18,38835→39757→38901→40091→40326→42312→42884→44816→46651→48774→45556→38827→36377→35264→36514→37648→38170→38835,HIP38835→Tureis→HIP38901→HIP40091→HIP40326→HIP42312→HIP42884→Suhail→HIP46651→HIP48774→Aspidiske→HIP38827→HIP36377→HIP35264→HIP36514→HIP37648→Azmidi→HIP38835,
阿拉伯・蘇菲,CON arabic_al-sufi Arg,Argo Navis,السفينة,阿爾戈納維斯,筆畫2,6,40091→42515→42828→43409→43825→44816,HIP40091→HIP42515→HIP42828→HIP43409→HIP43825→Suhail,
阿拉伯・蘇菲,CON arabic_al-sufi Arg,Argo Navis,السفينة,阿爾戈納維斯,筆畫3,3,36377→31685→28328,HIP36377→HIP31685→HIP28328,
阿拉伯・蘇菲,CON arabic_al-sufi Arg,Argo Navis,السفينة,阿爾戈納維斯,筆畫4,3,38164→32768→30438,HIP38164→HIP32768→Canopus,—→—→سهيل
阿拉伯・蘇菲,CON arabic_al-sufi Hya,Hydra,الشجاع,長蛇座,筆畫1,5,42402→42313→43109→42799→42402,Minchir→Minazal I→Ashlesha→Minazal II→Minchir,
阿拉伯・蘇菲,CON arabic_al-sufi Hya,Hydra,الشجاع,長蛇座,筆畫2,25,43109→43813→44659→45336→46776→47431→46509→46404→46390→48356→49402→49841→51069→52085→52943→53740→54682→54204→56343→56922→57936→59199→61359→64962→68895,Ashlesha→Minazal V→HIP44659→HIP45336→Ukdah II→Ukdah→Ukdah I→HIP46404→Alphard→Zhang→HIP49402→HIP49841→HIP51069→HIP52085→HIP52943→Alkes→Al Sharasif→HIP54204→HIP56343→HIP56922→HIP57936→Alchiba→Kraz→HIP64962→HIP68895,—→—→—→—→—→—→—→—→الفرد→—→—→—→—→—→—→—→—→—→—→—→—→—→—→—→—
阿拉伯・蘇菲,CON arabic_al-sufi Crt,Crater,الباطية,巨爵座,筆畫1,8,53740→55282→55687→56633→58188→57283→55705→53740,Alkes→HIP55282→HIP55687→HIP56633→HIP58188→HIP57283→HIP55705→Alkes,
阿拉伯・蘇菲,CON arabic_al-sufi Crt,Crater,الباطية,巨爵座,筆畫2,2,55282→55705,HIP55282→HIP55705,
阿拉伯・蘇菲,CON arabic_al-sufi Crv,Corvus,الغراب,烏鴉座,筆畫1,6,59199→59316→60189→59803→60965→61174,Alchiba→Minkar→HIP60189→Gienah→Algorab→HIP61174,—→—→—→جناح الغراب الأيمن→—→—
阿拉伯・蘇菲,CON arabic_al-sufi Crv,Corvus,الغراب,烏鴉座,筆畫2,2,60965→61359,Algorab→Kraz,
阿拉伯・蘇菲,CON arabic_al-sufi Crv,Corvus,الغراب,烏鴉座,筆畫3,2,60965→60189,Algorab→HIP60189,
阿拉伯・蘇菲,CON arabic_al-sufi Cen,Centaurus,قنطورس,半人馬座,筆畫1,16,67457→67153→67786→67669→67457→65109→65936→65144→64004→61932→61622→60823→59196→59449→61084→62434,HIP67457→HIP67153→HIP67786→HIP67669→HIP67457→HIP65109→HIP65936→HIP65144→HIP64004→Muhlifain→HIP61622→HIP60823→HIP59196→HIP59449→Gacrux→Mimosa,
阿拉伯・蘇菲,CON arabic_al-sufi Cen,Centaurus,قنطورس,半人馬座,筆畫2,3,59449→59747→60718,HIP59449→Imai→Acrux,
阿拉伯・蘇菲,CON arabic_al-sufi Cen,Centaurus,قنطورس,半人馬座,筆畫3,4,59449→63003→66821→68702,HIP59449→HIP63003→HIP66821→Hadar,
阿拉伯・蘇菲,CON arabic_al-sufi Cen,Centaurus,قنطورس,半人馬座,筆畫4,3,66821→66657→71683,HIP66821→HIP66657→Alpha Centauri,—→—→رجل قنطورس
阿拉伯・蘇菲,CON arabic_al-sufi Cen,Centaurus,قنطورس,半人馬座,筆畫5,7,66657→67234→68002→68523→68282→68933→67457,HIP66657→HIP67234→Alnair→HIP68523→HIP68282→Menkent→HIP67457,
阿拉伯・蘇菲,CON arabic_al-sufi Cen,Centaurus,قنطورس,半人馬座,筆畫6,4,68933→68862→71352→73334,Menkent→HIP68862→HIP71352→HIP73334,
阿拉伯・蘇菲,CON arabic_al-sufi Cen,Centaurus,قنطورس,半人馬座,筆畫7,3,67464→70090→72010,HIP67464→HIP70090→HIP72010,
阿拉伯・蘇菲,CON arabic_al-sufi Cen,Centaurus,قنطورس,半人馬座,筆畫8,4,67472→68245→70300→71865,HIP67472→HIP68245→Bidelman's Helium Variable Star→HIP71865,
阿拉伯・蘇菲,CON arabic_al-sufi Cen,Centaurus,قنطورس,半人馬座,筆畫9,3,65109→63972→67464,HIP65109→HIP63972→HIP67464,
阿拉伯・蘇菲,CON arabic_al-sufi Cen,Centaurus,قنطورس,半人馬座,筆畫10,2,63972→67472,HIP63972→HIP67472,
阿拉伯・蘇菲,CON arabic_al-sufi Lup,Lupus,السبع,豺狼座,筆畫1,6,73273→71860→74117→73807→74376→74395,HIP73273→HIP71860→HIP74117→HIP73807→HIP74376→HIP74395,
阿拉伯・蘇菲,CON arabic_al-sufi Lup,Lupus,السبع,豺狼座,筆畫2,13,74376→74911→75264→76297→78384→78918→78105→77634→78384→75141→74857→74604→74117,HIP74376→HIP74911→HIP75264→HIP76297→HIP78384→HIP78918→HIP78105→HIP77634→HIP78384→HIP75141→HIP74857→HIP74604→HIP74117,
阿拉伯・蘇菲,CON arabic_al-sufi Ara,Ara,المجمرة,天壇座,筆畫1,5,86092→88714→86796→85792→86092,HIP86092→HIP88714→Cervantes→HIP85792→HIP86092,
阿拉伯・蘇菲,CON arabic_al-sufi Ara,Ara,المجمرة,天壇座,筆畫2,3,86248→85258→85267,HIP86248→HIP85258→HIP85267,
阿拉伯・蘇菲,CON arabic_al-sufi Ara,Ara,المجمرة,天壇座,筆畫3,3,86248→83153→83081,HIP86248→HIP83153→HIP83081,
阿拉伯・蘇菲,CON arabic_al-sufi CrA,Corona Australis,الإكليل الجنوبي,南冕座,筆畫1,14,90422→92308→92953→93542→94005→94160→94114→93825→93174→92989→91875→90887→90982→90422,HIP90422→HIP92308→HIP92953→HIP93542→HIP94005→HIP94160→Meridiana→HIP93825→HIP93174→HIP92989→HIP91875→HIP90887→HIP90982→HIP90422,
阿拉伯・蘇菲,CON arabic_al-sufi PsA,Piscis Austrinus,الحوت الجنوبي,南魚座,筆畫1,13,111188→112948→113246→113368→111954→111045→109789→108661→107608→107380→108085→109285→111188,Fum al Hui→HIP112948→HIP113246→Fomalhaut→HIP111954→HIP111045→HIP109789→HIP108661→HIP107608→HIP107380→Aldhanab→HIP109285→Fum al Hui,—→—→—→فم الحوت الجنوبي→—→—→—→—→—→—→—→—→—
阿拉伯・蘇菲,CON arabic_al-sufi SHr,The horse,فرس الصوفي,那匹馬,筆畫1,20,113788→112917→111944→111104→109754→109937→109654→109410→107763→107310→107354→107472→109176→110992→112158→111841→112031→112242→113281→113726,HIP113788→HIP112917→HIP111944→HIP111104→HIP109754→HIP109937→HIP109654→HIP109410→HIP107763→HIP107310→HIP107354→HIP107472→HIP109176→HIP110992→Matar→HIP111841→HIP112031→HIP112242→HIP113281→HIP113726,
阿拉伯・蘇菲,CON arabic_al-sufi SHr,The horse,فرس الصوفي,那匹馬,筆畫2,2,112158→113881,Matar→Scheat,—→منكب الفرس
阿拉伯・蘇菲,CON arabic_al-sufi SHr,The horse,فرس الصوفي,那匹馬,筆畫3,2,112158→112748,Matar→Sadalbari,
阿拉伯・蘇菲,CON arabic_al-sufi SHr,The horse,فرس الصوفي,那匹馬,筆畫4,4,107310→106140→106787→107348,HIP107310→HIP106140→HIP106787→HIP107348,
阿拉伯・蘇菲,CON arabic_al-sufi SHr,The horse,فرس الصوفي,那匹馬,筆畫5,2,107472→107887,HIP107472→HIP107887,
阿拉伯・蘇菲,CON book-of-the-stars-almagest SFA,The great fish,الحوت العظيم,偉大的魚,筆畫1,12,3231→2912→3092→3031→3693→5454→6706→6193→5447→4436→3881→3231,HIP3231→HIP2912→HIP3092→HIP3031→HIP3693→HIP5454→HIP6706→HIP6193→Mirach→HIP4436→HIP3881→HIP3231,—→—→—→—→—→—→—→—→بطن الحوت→—→—→—
阿拉伯・蘇菲,CON arabic_al-sufi SFB,The other fish,الحوت الآخر,另一條魚,筆畫1,12,7513→7719→7607→8068→9505→11060→11313→10340→9640→8814→7818→7513,Titawin→HIP7719→Nembus→HIP8068→HIP9505→HIP11060→HIP11313→HIP10340→Almach→HIP8814→HIP7818→Titawin,—→—→—→—→—→—→—→—→رجل المسلسلة→—→—→—
阿拉伯・古代,CON arabic_ancient 0199,The two oryx calves,الفرقدان,兩隻羚羊小牛,筆畫1,2,72607→75097,Kochab→Pherkad,الفرقدان 1→الفرقدان 2
阿拉伯・古代,CON arabic_ancient 0299,The axe of the grindstone,فأس الرحى,磨刀石的斧頭,筆畫1,9,11767→85822→82080→77055→72607→70692→69112→62572→11767,Polaris→Yildun→Circitores→Akfa Farkadain→Kochab→HIP70692→HIP69112→HIP62572→Polaris,الجدي→—→—→—→الفرقدان 1→—→—→—→الجدي
阿拉伯・古代,CON arabic_ancient 0399,Daughters of Na'sh,بنات نعش,納什的女兒們,筆畫1,7,54061→53910→58001→59774→62956→65378→67301,Dubhe→Merak→Phecda→Megrez→Alioth→Mizar→Alkaid,المقدمان 1→المقدمان 2→الأعرجان 1→الأعرجان 2→الجون→العناق→القائد
阿拉伯・古代,CON arabic_ancient 0410,The first leap,القفزة الأولى,第一次飛躍,筆畫1,2,55219→55203,Alula Borealis→Alula Australis,
阿拉伯・古代,CON arabic_ancient 0420,The second leap,القفزة الثانية,第二次飛躍,筆畫1,2,50372→50801,Tania Borealis→Tania Australis,
阿拉伯・古代,CON arabic_ancient 0430,The third leap,القفزة الثالثة,第三次飛躍,筆畫1,2,44127→44471,Talitha→Alkaphrah,
阿拉伯・古代,CON arabic_ancient 0499,The Gazelles and their youngsters,الظباء وأولاد الظباء,瞪羚和他們的孩子們,筆畫1,6,61317→58684→55560→54539→52469→48682,Chara→HIP58684→HIP55560→HIP54539→HIP52469→HIP48682,
阿拉伯・古代,CON arabic_ancient 0499,The Gazelles and their youngsters,الظباء وأولاد الظباء,瞪羚和他們的孩子們,筆畫2,7,57565→54951→53417→50303→45860→44700→44248,HIP57565→Zubrah→HIP53417→HIP50303→HIP45860→HIP44700→HIP44248,
阿拉伯・古代,CON arabic_ancient 0499,The Gazelles and their youngsters,الظباء وأولاد الظباء,瞪羚和他們的孩子們,筆畫3,3,60485→57399→54539,HIP60485→Taiyangshou→HIP54539,
阿拉伯・古代,CON arabic_ancient 0501,The two preceding to the water,الفارطان,水前的兩人,筆畫1,2,46733→48319,Alhaud IV→Alhaud VI,الفارطان 1→الفارطان 2
阿拉伯・古代,CON arabic_ancient 0599,The pool,الحوض,游泳池,筆畫1,7,41704→45075→46733→48319→48402→46853→44901,Muscida→Alhaud II→Alhaud IV→Alhaud VI→Alhaud VII→Alhaud V→Alhaud I,—→—→الفارطان 1→الفارطان 2→—→—→—
阿拉伯・古代,CON arabic_ancient 0601,The wolf claws,أظفار الذئب,狼爪,筆畫1,2,85805→86201,Adfar Aldib I→HIP86201,
阿拉伯・古代,CON arabic_ancient 0699,The two wolves,الذئبان,兩隻狼,筆畫1,2,83895→80331,Aldhibah→Athebyne,الذئبان 1→الذئبان 2
阿拉伯・古代,CON arabic_ancient 0799,The mother camels,العوائذ,駱駝媽媽,筆畫1,5,85819→85670→87833→87585→85819,HIP85819→Rastaban→Eltanin→Grumium→HIP85819,
阿拉伯・古代,CON arabic_ancient 0899,The three stone support,الأثافي,三石支撐,筆畫1,4,94376→97433→89937→94376,Altais→Tyl→Alahakan→Altais,الأثافي 1→الأثافي 2→الأثافي 3→الأثافي 1
阿拉伯・古代,CON arabic_ancient 0999,The pot,القدر,鍋,筆畫1,11,102422→101093→98962→97892→98073→99655→101084→102431→102775→102727→102422,Kabalfird→Al Kidr→HIP98962→HIP97892→HIP98073→HIP99655→HIP101084→HIP102431→HIP102775→HIP102727→Kabalfird,
阿拉伯・古代,CON arabic_ancient 1001,The two stars of separation,كوكبا الفرق,分離的兩顆星,筆畫1,2,106032→105199,Alfirk→Alderamin,كوكبا الفرق 2→كوكبا الفرق 1
阿拉伯・古代,CON arabic_ancient 1099,The sheep,الشاء,羊,筆畫1,12,107119→112724→117371→3721→5626→5372→109693→101044→99255→99255→101260→107119,HIP107119→HIP112724→HIP117371→HIP3721→HIP5626→HIP5372→HIP109693→HIP101044→Al Aghnam I→Al Aghnam I→HIP101260→HIP107119,
阿拉伯・古代,CON arabic_ancient 1101,The spear,الرمح,長矛,筆畫1,6,71053→71284→72105→67927→67275→67459,HIP71053→HIP71284→Izar→Muphrid→HIP67275→HIP67459,عذبة الرمح الأولى→—→الرمح 2→الرمح 1→—→عذبة الرمح الثانية
阿拉伯・古代,CON arabic_ancient 1199,The armed one,ذو السلاح,武裝的,筆畫1,3,69673→69226→67665,Arcturus→HIP69226→HIP67665,السماك الرامح→—→—
阿拉伯・古代,CON arabic_ancient 1199,The armed one,ذو السلاح,武裝的,筆畫2,6,71053→71284→72105→67927→67275→67459,HIP71053→HIP71284→Izar→Muphrid→HIP67275→HIP67459,عذبة الرمح الأولى→—→الرمح 2→الرمح 1→—→عذبة الرمح الثانية
阿拉伯・古代,CON arabic_ancient 1299,The unarmed one,السماك الأعزل,手無寸鐵的,筆畫1,2,65474→65239,Spica→HIP65239,السماك الأعزل→—
阿拉伯・古代,CON arabic_ancient 1399,The hyenas and their youngsters,الضباع وأولاد الضباع,鬣狗和它們的幼崽,筆畫1,15,71075→72552→73568→73996→75312→76617→80181→81693→81833→81126→79992→70497→69483→69732→71075,Seginus→HIP72552→HIP73568→HIP73996→HIP75312→HIP76617→HIP80181→HIP81693→HIP81833→HIP81126→HIP79992→Asellus Primus→Asellus Tertius→Xuange→Seginus,
阿拉伯・古代,CON arabic_ancient 1499,The bowl of the poor,قصعة المساكين,窮人的碗,筆畫1,8,77048→76127→75695→76267→76952→77512→78159→78493,HIP77048→HIP76127→Nusakan→Alphecca→HIP76952→HIP77512→HIP78159→HIP78493,—→—→—→منير الفكة→—→—→—→—
阿拉伯・古代,CON arabic_ancient 1501,The northern line,النسق الشآمي,北線,筆畫1,11,92420→87933→86974→85693→84379→80816→80170→79043→78072→77233→75530,Sheliak→HIP87933→HIP86974→Maasym→Sarin→Kornephoros→Nasak Shamiya III→Marsic→Nasak Shamiya II→Nasak Shamiya I→HIP75530,
阿拉伯・古代,CON arabic_ancient 1502,The southern line,النسق اليماني,南線,筆畫1,10,75530→76276→77070→77622→79593→79882→80628→81377→84012→84893,HIP75530→Nasak Yamani I→Unukalhai→Nasak Yamani II→Yed Prior→Yed Posterior→HIP80628→Saik→Sabik→Aggia,
阿拉伯・古代,CON arabic_ancient 1599,The desert garden and the goats,الروضة والأغنام,沙漠花園和山羊,筆畫1,2,75530→75530,HIP75530→HIP75530,
阿拉伯・古代,CON arabic_ancient 1599,The desert garden and the goats,الروضة والأغنام,沙漠花園和山羊,筆畫2,2,92420→92420,Sheliak→Sheliak,
阿拉伯・古代,CON arabic_ancient 1599,The desert garden and the goats,الروضة والأغنام,沙漠花園和山羊,筆畫3,2,84893→84893,Aggia→Aggia,
阿拉伯・古代,CON arabic_ancient 1699,The landing eagle,النسر الواقع,著陸之鷹,筆畫1,2,91262→91919,Vega→Double Double I,النسر الواقع→—
阿拉伯・古代,CON arabic_ancient 1699,The landing eagle,النسر الواقع,著陸之鷹,筆畫2,2,91262→91971,Vega→Nasr Alwaki I,النسر الواقع→—
阿拉伯・古代,CON arabic_ancient 1799,The flying eagle,النسر الطائر,飛翔的鷹,筆畫1,2,97649→98036,Altair→Alshain,النسر الطائر→—
阿拉伯・古代,CON arabic_ancient 1799,The flying eagle,النسر الطائر,飛翔的鷹,筆畫2,2,97649→97278,Altair→Tarazed,النسر الطائر→—
阿拉伯・古代,CON arabic_ancient 1899,The knights,الفوارس,騎士,筆畫1,5,94779→97165→100453→102488→104732,Fawaris I→Fawaris→Sadr→Aljanah→Fawaris III,الفوارس 1→الفوارس 2→الفوارس 3→الفوارس 4→الفوارس 5
阿拉伯・古代,CON arabic_ancient 1901,The camel head,رأس الناقة,駱駝頭,筆畫1,4,116631→116805→116584→117221,HIP116631→HIP116805→HIP116584→HIP117221,
阿拉伯・古代,CON arabic_ancient 1902,The camel neck,عنق الناقة,駱駝脖子,筆畫1,8,117221→841→2225→2900→3414→3504→3300→2920,HIP117221→HIP841→HIP2225→HIP2900→HIP3414→HIP3504→HIP3300→Fulu,
阿拉伯・古代,CON arabic_ancient 1903,The camel front legs,يدا الناقة,駱駝的前腿,筆畫1,2,5251→8068,HIP5251→HIP8068,
阿拉伯・古代,CON arabic_ancient 1903,The camel front legs,يدا الناقة,駱駝的前腿,筆畫2,2,4998→7607,HIP4998→Nembus,
阿拉伯・古代,CON arabic_ancient 1999,The she-camel,الناقة,母駱駝,筆畫1,15,116631→116805→116584→117221→841→2225→2900→3414→3504→3300→2920→2505→746→2599→8886,HIP116631→HIP116805→HIP116584→HIP117221→HIP841→HIP2225→HIP2900→HIP3414→HIP3504→HIP3300→Fulu→HIP2505→Caph→HIP2599→Segin,—→—→—→—→—→—→—→—→—→—→—→—→سنام الناقة→—→—
阿拉伯・古代,CON arabic_ancient 1999,The she-camel,الناقة,母駱駝,筆畫2,6,2505→3179→3821→4292→4427→2599,HIP2505→Shedar→Achird→HIP4292→Navi→HIP2599,
阿拉伯・古代,CON arabic_ancient 2001,The henna tinted hand,الكف الخضيب,指甲花染過的手,筆畫1,2,8886→8886,Segin→Segin,
阿拉伯・古代,CON arabic_ancient 2001,The henna tinted hand,الكف الخضيب,指甲花染過的手,筆畫2,2,4427→4427,Navi→Navi,
阿拉伯・古代,CON arabic_ancient 2001,The henna tinted hand,الكف الخضيب,指甲花染過的手,筆畫3,2,6686→6686,Ruchbah→Ruchbah,
阿拉伯・古代,CON arabic_ancient 2001,The henna tinted hand,الكف الخضيب,指甲花染過的手,筆畫4,2,746→746,Caph→Caph,سنام الناقة→سنام الناقة
阿拉伯・古代,CON arabic_ancient 2001,The henna tinted hand,الكف الخضيب,指甲花染過的手,筆畫5,2,3179→3179,Shedar→Shedar,
阿拉伯・古代,CON arabic_ancient 2002,The shoulder blade,العاتق,肩胛骨,筆畫1,2,17702→18246,Alcyone→Atik,—→العاتق
阿拉伯・古代,CON arabic_ancient 2002,The shoulder blade,العاتق,肩胛骨,筆畫2,2,17702→17448,Alcyone→Atik,
阿拉伯・古代,CON arabic_ancient 2003,The shoulder,المنكب,肩,筆畫1,2,18246→18614,Atik→Menkib,العاتق→منكب الثريا
阿拉伯・古代,CON arabic_ancient 2003,The shoulder,المنكب,肩,筆畫2,2,17448→17460,Atik→HIP17460,
阿拉伯・古代,CON arabic_ancient 2004,The arm,العضد,手臂,筆畫1,3,18614→18532→17358,Menkib→HIP18532→HIP17358,منكب الثريا→العضد→إبرة المرفق
阿拉伯・古代,CON arabic_ancient 2004,The arm,العضد,手臂,筆畫2,3,17460→17529→16335,HIP17460→HIP17529→HIP16335,—→—→المأبض
阿拉伯・古代,CON arabic_ancient 2005,The elbow,المرفق,肘部,筆畫1,2,17358→14328,HIP17358→HIP14328,إبرة المرفق→الساعد
阿拉伯・古代,CON arabic_ancient 2005,The elbow,المرفق,肘部,筆畫2,3,16335→15863→14328,HIP16335→Mirfak→HIP14328,المأبض→المرفق→الساعد
阿拉伯・古代,CON arabic_ancient 2006,The forearm,الساعد,前臂,筆畫1,3,14328→13268→11020,HIP14328→Miram→HIP11020,الساعد→—→المعصم
阿拉伯・古代,CON arabic_ancient 2008,The short hand,الكف الجذماء,短手,筆畫1,3,14135→13954→12828,Menkar→Menkar→HIP12828,
阿拉伯・古代,CON arabic_ancient 2008,The short hand,الكف الجذماء,短手,筆畫2,3,14135→12706→11484,Menkar→Kaffaljidhma→Al Kaff al Jidhmah II,
阿拉伯・古代,CON arabic_ancient 2008,The short hand,الكف الجذماء,短手,筆畫3,3,14135→12387→11484,Menkar→Al Kaff al Jidhmah III→Al Kaff al Jidhmah II,
阿拉伯・古代,CON arabic_ancient 2008,The short hand,الكف الجذماء,短手,筆畫4,3,17702→16369→14135,Alcyone→HIP16369→Menkar,
阿拉伯・古代,CON arabic_ancient 2008,The short hand,الكف الجذماء,短手,筆畫5,5,17702→16322→16083→15900→14135,Alcyone→HIP16322→HIP16083→HIP15900→Menkar,
阿拉伯・古代,CON arabic_ancient 2008,The short hand,الكف الجذماء,短手,筆畫6,2,11791→11791,HIP11791→HIP11791,
阿拉伯・古代,CON arabic_ancient 2099,Al-Thurayya image,الثريا الصورة,阿爾圖拉亞圖像,筆畫1,3,14135→13954→12828,Menkar→Menkar→HIP12828,
阿拉伯・古代,CON arabic_ancient 2099,Al-Thurayya image,الثريا الصورة,阿爾圖拉亞圖像,筆畫2,3,14135→12706→11484,Menkar→Kaffaljidhma→Al Kaff al Jidhmah II,
阿拉伯・古代,CON arabic_ancient 2099,Al-Thurayya image,الثريا الصورة,阿爾圖拉亞圖像,筆畫3,3,14135→12387→11484,Menkar→Al Kaff al Jidhmah III→Al Kaff al Jidhmah II,
阿拉伯・古代,CON arabic_ancient 2099,Al-Thurayya image,الثريا الصورة,阿爾圖拉亞圖像,筆畫4,14,11020→13268→14328→17358→18532→18614→18246→17702→17448→17460→17529→16335→15863→14328,HIP11020→Miram→HIP14328→HIP17358→HIP18532→Menkib→Atik→Alcyone→Atik→HIP17460→HIP17529→HIP16335→Mirfak→HIP14328,المعصم→—→الساعد→إبرة المرفق→العضد→منكب الثريا→العاتق→—→—→—→—→المأبض→المرفق→الساعد
阿拉伯・古代,CON arabic_ancient 2099,Al-Thurayya image,الثريا الصورة,阿爾圖拉亞圖像,筆畫5,3,17702→16369→14135,Alcyone→HIP16369→Menkar,
阿拉伯・古代,CON arabic_ancient 2099,Al-Thurayya image,الثريا الصورة,阿爾圖拉亞圖像,筆畫6,5,17702→16322→16083→15900→14135,Alcyone→HIP16322→HIP16083→HIP15900→Menkar,
阿拉伯・古代,CON arabic_ancient 2199,Al-Ayyuq and the posts,العيوق وتوابعه,Al-Ayyuq 和帖子,筆畫1,6,24608→28360→28380→25428→23015→24608,Capella→Menkalinan→Mahasim→Elnath→Hassaleh→Capella,العيوق→الأعلام 1→الأعلام 2→الأعلام 3→رجل العيوق→العيوق
阿拉伯・古代,CON arabic_ancient 2299,The northern tent,الخباء الشآمي,北方帳篷,筆畫1,5,28358→33449→22783→23522→28358,HIP28358→HIP33449→HIP22783→HIP23522→HIP28358,
阿拉伯・古代,CON arabic_ancient 2399,The young camel,القعود,年輕的駱駝,筆畫1,5,101769→101958→102532→102281→101769,Rotanev→Sualocin→Al Salib→Al Ukud→Rotanev,
阿拉伯・古代,CON arabic_ancient 2499,The caracal,عناق الأرض,獰貓,筆畫1,2,9640→9640,Almach→Almach,عناق الأرض→عناق الأرض
阿拉伯・古代,CON arabic_ancient 2499,The caracal,عناق الأرض,獰貓,筆畫2,2,9438→9438,HIP9438→HIP9438,
阿拉伯・古代,CON arabic_ancient 2501,The bucket rope knot - The well poles,الكرب - النعام,鬥繩結——井桿,筆畫1,2,115250→115623,Salm→Alkarab,
阿拉伯・古代,CON arabic_ancient 2502,The front bucket mouth,الفرغ المقدم,前斗口,筆畫1,2,113881→113963,Scheat→Markab,الفرغ المقدم 2→الفرغ المقدم 1
阿拉伯・古代,CON arabic_ancient 2504,The rear bucket mouth,الفرغ المؤخر,後斗口,筆畫1,2,677→1067,Alpheratz→Algenib,الفرغ المؤخر 2→الفرغ المؤخر 1
阿拉伯・古代,CON arabic_ancient 2506,The well bucket rope,الرشاء,井鬥繩,筆畫1,3,115623→3092→5447,Alkarab→HIP3092→Mirach,—→—→بطن الحوت
阿拉伯・古代,CON arabic_ancient 2506,The well bucket rope,الرشاء,井鬥繩,筆畫2,11,3881→3231→2912→3031→3693→5454→5571→6193→6315→5447→3881,HIP3881→HIP3231→HIP2912→HIP3031→HIP3693→HIP5454→HIP5571→HIP6193→HIP6315→Mirach→HIP3881,—→—→—→—→—→—→—→—→—→بطن الحوت→—
阿拉伯・古代,CON arabic_ancient 2550,The fish,الحوت,魚,筆畫1,11,3881→3231→2912→3031→3693→5454→5571→6193→6315→5447→3881,HIP3881→HIP3231→HIP2912→HIP3031→HIP3693→HIP5454→HIP5571→HIP6193→HIP6315→Mirach→HIP3881,—→—→—→—→—→—→—→—→—→بطن الحوت→—
阿拉伯・古代,CON arabic_ancient 2599,The well bucket,الدلو,井桶,筆畫1,4,115250→115623→3092→5447,Salm→Alkarab→HIP3092→Mirach,—→—→—→بطن الحوت
阿拉伯・古代,CON arabic_ancient 2599,The well bucket,الدلو,井桶,筆畫2,2,113881→677,Scheat→Alpheratz,الفرغ المقدم 2→الفرغ المؤخر 2
阿拉伯・古代,CON arabic_ancient 2599,The well bucket,الدلو,井桶,筆畫3,2,113881→1067,Scheat→Algenib,الفرغ المقدم 2→الفرغ المؤخر 1
阿拉伯・古代,CON arabic_ancient 2599,The well bucket,الدلو,井桶,筆畫4,2,113963→677,Markab→Alpheratz,الفرغ المقدم 1→الفرغ المؤخر 2
阿拉伯・古代,CON arabic_ancient 2599,The well bucket,الدلو,井桶,筆畫5,2,113963→1067,Markab→Algenib,الفرغ المقدم 1→الفرغ المؤخر 1
阿拉伯・古代,CON arabic_ancient 2599,The well bucket,الدلو,井桶,筆畫6,2,677→1067,Alpheratz→Algenib,الفرغ المؤخر 2→الفرغ المؤخر 1
阿拉伯・古代,CON arabic_ancient 2599,The well bucket,الدلو,井桶,筆畫7,2,113881→113963,Scheat→Markab,الفرغ المقدم 2→الفرغ المقدم 1
阿拉伯・古代,CON arabic_ancient 2601,The two forelegs of the lamb,الأيبسان,羔羊的兩條前腿,筆畫1,2,8796→10064,Mothallah→Mizan,الأيبسان 1→الأيبسان 2
阿拉伯・古代,CON arabic_ancient 2602,The two signs,الشرطان,兩個標誌,筆畫1,2,9884→8903,Hamal→Sheratan,
阿拉伯・古代,CON arabic_ancient 2603,The little abdomen,البطين,小腹肌,筆畫1,4,12719→13209→13061→12719,Barani II→Bharani→Lilii Borea→Barani II,
阿拉伯・古代,CON arabic_ancient 2604,Al-Thurayya,الثريا,圖拉亞,筆畫1,2,17608→17608,Merope→Merope,
阿拉伯・古代,CON arabic_ancient 2604,Al-Thurayya,الثريا,圖拉亞,筆畫2,2,18163→18163,HIP18163→HIP18163,
阿拉伯・古代,CON arabic_ancient 2699,The lamb,الحمل,羔羊,筆畫1,11,14576→14354→15549→15696→15861→15110→14838→9884→10535→13061→15549,Algol→Gorgonea Tertia→HIP15549→HIP15696→HIP15861→Al Butain IV→Botein→Hamal→HIP10535→Lilii Borea→HIP15549,
阿拉伯・古代,CON arabic_ancient 2699,The lamb,الحمل,羔羊,筆畫2,2,10535→8796,HIP10535→Mothallah,—→الأيبسان 1
阿拉伯・古代,CON arabic_ancient 2699,The lamb,الحمل,羔羊,筆畫3,2,10535→10064,HIP10535→Mizan,—→الأيبسان 2
阿拉伯・古代,CON arabic_ancient 2699,The lamb,الحمل,羔羊,筆畫4,5,8903→9153→9884→8903→8832,Sheratan→HIP9153→Hamal→Sheratan→Mesarthim,
阿拉伯・古代,CON arabic_ancient 2702,The two dogs of Al-Dabaran,كلبا الدبران,達巴蘭的兩條狗,筆畫1,2,20711→20635,Alkalbain V→Alkalbain III,
阿拉伯・古代,CON arabic_ancient 2703,The young she-camels,القلاص,年輕的母駱駝,筆畫1,8,21273→20219→19284→19038→20250→21881→22565→21273,HIP21273→HIP20219→HIP19284→HIP19038→Alkalbain I→HIP21881→HIP22565→HIP21273,
阿拉伯・古代,CON arabic_ancient 2799,"Al-Dabaran, his camels and two dogs",الدبران وقلاصه وكلباه,Al-Dabaran，他的駱駝和兩條狗,筆畫1,2,21421→21421,Aldebaran→Aldebaran,الدبران→الدبران
阿拉伯・古代,CON arabic_ancient 2799,"Al-Dabaran, his camels and two dogs",الدبران وقلاصه وكلباه,Al-Dabaran，他的駱駝和兩條狗,筆畫2,8,21273→20219→19284→19038→20250→21881→22565→21273,HIP21273→HIP20219→HIP19284→HIP19038→Alkalbain I→HIP21881→HIP22565→HIP21273,
阿拉伯・古代,CON arabic_ancient 2799,"Al-Dabaran, his camels and two dogs",الدبران وقلاصه وكلباه,Al-Dabaran，他的駱駝和兩條狗,筆畫3,2,20711→20635,Alkalbain V→Alkalbain III,
阿拉伯・古代,CON arabic_ancient 2801,Retracted arm [of the lion],الذراع المقبوضة,[獅子的]手臂縮回,筆畫1,2,37279→36188,Procyon→Gomeisa,الشعرى الشامية→مرزم الغميصاء
阿拉伯・古代,CON arabic_ancient 2802,The extended arm [of the lion],الذراع المبسوطة,[獅子的]伸出的手臂,筆畫1,2,36850→37826,Castor→Pollux,
阿拉伯・古代,CON arabic_ancient 2803,Nostrils [of the lion],النثرة,[獅子的]鼻孔,筆畫1,3,42806→42556→42911,Asellus Borealis→Meleph→Asellus Australis,
阿拉伯・古代,CON arabic_ancient 2803,Nostrils [of the lion],النثرة,[獅子的]鼻孔,筆畫2,2,43004→43004,HIP43004→HIP43004,
阿拉伯・古代,CON arabic_ancient 2804,Eyes [of the lion],الطرف,[獅子的]眼睛,筆畫1,2,47908→47508,Algenubi→Subra,
阿拉伯・古代,CON arabic_ancient 2805,Forehead [of the lion],الجبهة,[獅子的]額頭,筆畫1,4,50335→50583→49583→49669,Adhafera→Algieba→Al Jabhah→Regulus,
阿拉伯・古代,CON arabic_ancient 2806,Mane [of the lion],الزبرة,[獅子的]鬃毛,筆畫1,2,54872→54879,Zosma→Chertan,
阿拉伯・古代,CON arabic_ancient 2808,The bend,العوا,彎道,筆畫1,5,63608→63090→61941→60129→57757,Vindemiatrix→Minelauva→Porrima→Zaniah→Zavijava,
阿拉伯・古代,CON arabic_ancient 2810,The cover,الغفر,封面,筆畫1,3,69701→69427→69974,Syrma→Kang→Khambaliya,
阿拉伯・古代,CON arabic_ancient 2810,The cover,الغفر,封面,筆畫2,2,70784→70784,HIP70784→HIP70784,
阿拉伯・古代,CON arabic_ancient 2811,The tassel,الهلبة,流蘇,筆畫1,13,61394→60087→59847→59468→59364→59489→59923→60742→60697→60746→60904→61071→61394,HIP61394→HIP60087→HIP59847→HIP59468→HIP59364→HIP59489→HIP59923→Al Dafirah→HIP60697→HIP60746→HIP60904→Kissin→HIP61394,
阿拉伯・古代,CON arabic_ancient 2899,The lion,الأسد,獅子,筆畫1,10,37279→47508→57757→60129→61941→63090→63608→60202→48455→37826,Procyon→Subra→Zavijava→Zaniah→Porrima→Minelauva→Vindemiatrix→HIP60202→Rasalas→Pollux,الشعرى الشامية→—→—→—→—→—→—→—→الأشفار→—
阿拉伯・古代,CON arabic_ancient 2899,The lion,الأسد,獅子,筆畫2,3,42806→42556→42911,Asellus Borealis→Meleph→Asellus Australis,
阿拉伯・古代,CON arabic_ancient 2899,The lion,الأسد,獅子,筆畫3,2,43004→43004,HIP43004→HIP43004,
阿拉伯・古代,CON arabic_ancient 2899,The lion,الأسد,獅子,筆畫4,2,47508→42911,Subra→Asellus Australis,
阿拉伯・古代,CON arabic_ancient 2899,The lion,الأسد,獅子,筆畫5,2,48455→42806,Rasalas→Asellus Borealis,الأشفار→—
阿拉伯・古代,CON arabic_ancient 2899,The lion,الأسد,獅子,筆畫6,6,61394→62886→64241→64792→64852→63090,HIP61394→HIP62886→Diadem→HIP64792→HIP64852→Minelauva,
阿拉伯・古代,CON arabic_ancient 2901,Claws of the scorpion,الزبانى,蝎子的爪子,筆畫1,2,72622→74785,Zubenelgenubi II→Zubeneschamali,
阿拉伯・古代,CON arabic_ancient 2902,The diadem,الإكليل,王冠,筆畫1,3,78820→78401→78265,Acrab→Dschubba→Fang,
阿拉伯・古代,CON arabic_ancient 2906,Raised Tail of the Scorpion,الشولة,蠍尾翹起,筆畫1,2,85927→85696,Shaula→Lesath,الشولة→—
阿拉伯・古代,CON arabic_ancient 2999,The scorpion,العقرب,蝎子,筆畫1,3,74785→78820→80112,Zubeneschamali→Acrab→Alniyat,—→—→النياط 1
阿拉伯・古代,CON arabic_ancient 2999,The scorpion,العقرب,蝎子,筆畫2,3,72622→78265→80112,Zubenelgenubi II→Fang→Alniyat,—→—→النياط 1
阿拉伯・古代,CON arabic_ancient 2999,The scorpion,العقرب,蝎子,筆畫3,12,78401→80112→80763→81266→82396→82514→82729→84143→86228→87073→86670→85927,Dschubba→Alniyat→Antares→Paikauhale→Larawag→Xamidimura→HIP82729→HIP84143→Sargas→Girtab→Mula→Shaula,—→النياط 1→القلب→النياط 2→الفقرات 1→الفقرات 2→الفقرات 3→الفقرات 4→الفقرات 5→الفقرات 6→الفقرات 7→الشولة
阿拉伯・古代,CON arabic_ancient 3001,The Ostriches drinking at the river,النعام الوارد,鴕鳥在河邊喝水,筆畫1,5,88635→89642→90185→89931→88635,Alnasl→Hamalwarid→Kaus Australis→Kaus Media→Alnasl,
阿拉伯・古代,CON arabic_ancient 3002,The Ostriches leaving the river,النعام الصادر,離開河流的鴕鳥,筆畫1,5,92855→93864→93506→92041→92855,Nunki→Namalsadirah II→Ascella→Namalsadirah I→Nunki,
阿拉伯・古代,CON arabic_ancient 3003,The Ostrich nest - The necklace,الأدحي - القلادة,鴕鳥窩 - 項鍊,筆畫1,6,93085→93683→94141→94820→95168→95176,HIP93085→HIP93683→Albaldah→HIP94820→HIP95168→HIP95176,
阿拉伯・古代,CON arabic_ancient 3004,The Ostrich nest,أدحي النعام,鴕鳥窩,筆畫1,13,90759→90982→91494→92308→93542→94005→94160→94114→93825→93174→91875→90887→90759,HIP90759→HIP90982→HIP91494→HIP92308→HIP93542→HIP94005→HIP94160→Meridiana→HIP93825→HIP93174→HIP91875→HIP90887→HIP90759,
阿拉伯・古代,CON arabic_ancient 3005,The empty place,البلدة,空曠的地方,筆畫1,6,97290→96760→95503→95564→96440→97290,HIP97290→HIP96760→Namalsadirah IV→HIP95564→HIP96440→HIP97290,
阿拉伯・古代,CON arabic_ancient 3099,The Ostriches,النعائم,鴕鳥,筆畫1,5,89931→90185→93506→92041→89931,Kaus Media→Kaus Australis→Ascella→Namalsadirah I→Kaus Media,
阿拉伯・古代,CON arabic_ancient 3099,The Ostriches,النعائم,鴕鳥,筆畫2,5,88635→89642→90185→89931→88635,Alnasl→Hamalwarid→Kaus Australis→Kaus Media→Alnasl,
阿拉伯・古代,CON arabic_ancient 3099,The Ostriches,النعائم,鴕鳥,筆畫3,5,92855→93864→93506→92041→92855,Nunki→Namalsadirah II→Ascella→Namalsadirah I→Nunki,
阿拉伯・古代,CON arabic_ancient 3099,The Ostriches,النعائم,鴕鳥,筆畫4,3,89931→90496→92041,Kaus Media→Kaus Borealis→Namalsadirah I,
阿拉伯・古代,CON arabic_ancient 3199,The lucky star of the slaughterer,سعد الذابح,屠宰場的幸運星,筆畫1,3,100064→100310→100345,Algedi→Alshat→Dabih,—→الشاة→—
阿拉伯・古代,CON arabic_ancient 3299,The lucky star of the swallower,سعد بلع,吞噬者的幸運星,筆畫1,3,102618→103045→104459,Albali→Albulan I→Albulan II,
阿拉伯・古代,CON arabic_ancient 3399,The luckiest of the lucky stars,سعد السعود,幸運星中最幸運的,筆畫1,3,106278→106786→107382,Sadalsuud→Bunda→HIP107382,
阿拉伯・古代,CON arabic_ancient 3499,The lucky star of the tents,سعد الأخبية,帳篷的幸運星,筆畫1,3,110395→110960→110672,Sadachbia→Sadaltager→Seat,
阿拉伯・古代,CON arabic_ancient 3499,The lucky star of the tents,سعد الأخبية,帳篷的幸運星,筆畫2,2,110960→111497,Sadaltager→HIP111497,
阿拉伯・古代,CON arabic_ancient 3499,The lucky star of the tents,سعد الأخبية,帳篷的幸運星,筆畫3,2,110395→110672,Sadachbia→Seat,
阿拉伯・古代,CON arabic_ancient 3499,The lucky star of the tents,سعد الأخبية,帳篷的幸運星,筆畫4,2,110395→111497,Sadachbia→HIP111497,
阿拉伯・古代,CON arabic_ancient 3599,The lucky star of Nashira,سعد ناشرة,Nashira的幸運星,筆畫1,2,106985→107556,Nashira→Deneb Algedi,
阿拉伯・古代,CON arabic_ancient 3699,The lucky star of the king,سعد الملك,國王的幸運星,筆畫1,2,109074→108874,Sadalmelik→Sadalmulk,
阿拉伯・古代,CON arabic_ancient 3799,The lucky star of the young sheep,سعد البهام,小羊的幸運星,筆畫1,2,109427→109068,Biham→Fum al Faras,
阿拉伯・古代,CON arabic_ancient 3899,The lucky star of the one with great endeavour,سعد الهمام,努力的人的幸運星,筆畫1,2,112029→112447,Homam→Suudalnujum,
阿拉伯・古代,CON arabic_ancient 3999,The lucky star of the excellent one,سعد البارع,優秀者的幸運星,筆畫1,2,112440→112748,Sadalnazi→Sadalbari,
阿拉伯・古代,CON arabic_ancient 4099,The lucky star of Matar,سعد مطر,馬塔爾的幸運星,筆畫1,2,112158→112051,Matar→Sadalmatar,
阿拉伯・古代,CON arabic_ancient 4199,The ringed rope,الربق,帶環的繩索,筆畫1,10,113889→115227→115830→116771→117245→116928→116422→115738→114971→115227,Fumalsamakah→HIP115227→HIP115830→HIP116771→HIP117245→HIP116928→HIP116422→HIP115738→HIP114971→HIP115227,
阿拉伯・古代,CON arabic_ancient 4199,The ringed rope,الربق,帶環的繩索,筆畫2,2,116771→118268,HIP116771→HIP118268,
阿拉伯・古代,CON arabic_ancient 4201,The circular mark,الهقعة,圓形標記,筆畫1,4,26207→26176→26366→26207,Meissa→Heka→HIP26366→Meissa,—→—→الهقعة→—
阿拉伯・古代,CON arabic_ancient 4201,The circular mark,الهقعة,圓形標記,筆畫2,2,26444→26444,HIP26444→HIP26444,
阿拉伯・古代,CON arabic_ancient 4202,The string,النظم,一串（珠子）,筆畫1,3,25930→26311→26727,Mintaka→Alnilam→Alnitak,
阿拉伯・古代,CON arabic_ancient 4203,The facial line tattoo,اللعط,面部線條紋身,筆畫1,3,26237→26235→26241,Mizan Batil I→Mizan Batil II→Hatysa,
阿拉伯・古代,CON arabic_ancient 4204,Hair braids of al-Jawza,ذوائب الجوزاء,al-Jawza 的髮辮,筆畫1,8,24010→23607→22957→22509→22449→22549→22797→23123,HIP24010→HIP23607→Al Kumm II→Al Taj I→Tabit→Al Taj II→Al Taj III→Al Taj V,
阿拉伯・古代,CON arabic_ancient 4205,Bow of al-Jawza,قوس الجوزاء,al-Jawza 之弓,筆畫1,8,30419→31216→31978→32362→31681→30883→30343→29655,HIP30419→HIP31216→HIP31978→Alzirr→Alhena→Nucatai→Tejat→Propus,—→—→—→الميسان→الزر→التحايي 3→التحايي 2→التحايي 1
阿拉伯・古代,CON arabic_ancient 4206,Stoopness [of the camel neck],الهنعة,[駱駝脖子的] 駝背,筆畫1,2,31681→32362,Alhena→Alzirr,الزر→الميسان
阿拉伯・古代,CON arabic_ancient 4207,Stars of abundant rain,التحايي,充沛的雨星,筆畫1,3,29655→30343→30883,Propus→Tejat→Nucatai,التحايي 1→التحايي 2→التحايي 3
阿拉伯・古代,CON arabic_ancient 4299,Al-Jawza,الجوزاء,賈瓦扎,筆畫1,2,26207→26487,Meissa→HIP26487,
阿拉伯・古代,CON arabic_ancient 4299,Al-Jawza,الجوزاء,賈瓦扎,筆畫2,3,25336→26487→27989,Bellatrix→HIP26487→Betelgeuse,الناجذ→—→منكب الجوزاء
阿拉伯・古代,CON arabic_ancient 4299,Al-Jawza,الجوزاء,賈瓦扎,筆畫3,6,25336→25930→26311→26727→27366→24436,Bellatrix→Mintaka→Alnilam→Alnitak→Saiph→Rigel,الناجذ→—→—→—→—→رجل الجوزاء
阿拉伯・古代,CON arabic_ancient 4299,Al-Jawza,الجوزاء,賈瓦扎,筆畫4,2,27989→32362,Betelgeuse→Alzirr,منكب الجوزاء→الميسان
阿拉伯・古代,CON arabic_ancient 4299,Al-Jawza,الجوزاء,賈瓦扎,筆畫5,8,30419→31216→31978→32362→31681→30883→30343→29655,HIP30419→HIP31216→HIP31978→Alzirr→Alhena→Nucatai→Tejat→Propus,—→—→—→الميسان→الزر→التحايي 3→التحايي 2→التحايي 1
阿拉伯・古代,CON arabic_ancient 4299,Al-Jawza,الجوزاء,賈瓦扎,筆畫6,8,24010→23607→22957→22509→22449→22549→22797→23123,HIP24010→HIP23607→Al Kumm II→Al Taj I→Tabit→Al Taj II→Al Taj III→Al Taj V,
阿拉伯・古代,CON arabic_ancient 4299,Al-Jawza,الجوزاء,賈瓦扎,筆畫7,2,25336→22449,Bellatrix→Tabit,الناجذ→—
阿拉伯・古代,CON arabic_ancient 4299,Al-Jawza,الجوزاء,賈瓦扎,筆畫8,2,24436→25930,Rigel→Mintaka,رجل الجوزاء→—
阿拉伯・古代,CON arabic_ancient 4299,Al-Jawza,الجوزاء,賈瓦扎,筆畫9,2,27989→26727,Betelgeuse→Alnitak,منكب الجوزاء→—
阿拉伯・古代,CON arabic_ancient 4399,The front footstool of al-Jawza,كرسي الجوزاء المقدم,al-Jawza 的前腳凳,筆畫1,5,23972→23364→23875→24674→23972,Kursi al Jauzah II→Kursi al Jauzah I→Cursa→HIP24674→Kursi al Jauzah II,
阿拉伯・古代,CON arabic_ancient 4499,The rear footstool of al-Jawza,كرسي الجوزاء المؤخر,al-Jawza 的後腳凳,筆畫1,5,25985→25606→27072→27654→25985,Arneb→Nihal→Kursi al Jabbar→Arsh al Jauzah→Arneb,
阿拉伯・古代,CON arabic_ancient 4599,The virgins,العذارى,處女,筆畫1,6,35264→33579→33977→34444→35904→35264,HIP35264→Adhara→Al Zara→Wezen→Aludra→HIP35264,
阿拉伯・古代,CON arabic_ancient 4699,The ravens,الأغربة,烏鴉,筆畫1,5,25859→26634→27628→30277→30122,HIP25859→Phact→Wazn→HIP30277→Furud,
阿拉伯・古代,CON arabic_ancient 4799,The Ostriches,النعامات,鴕鳥,筆畫1,5,9347→8102→8645→6537→5364,Al Naymat III→Al Naymat II→Baten Kaitos→Al Naymat I→Dheneb,
阿拉伯・古代,CON arabic_ancient 4899,"The ostriches nest, the eggs and egg shells",أدحي النعام والبيض والقيض,鴕鳥巢、蛋和蛋殼,筆畫1,8,13701→12770→12843→13288→14146→14757→16611→18543,Azha→Sadr al Kaitos IV→HIP12843→Angetenar→HIP14146→HIP14757→HIP16611→Zaurak,
阿拉伯・古代,CON arabic_ancient 4999,The oryxes,البقر,大羚羊,筆畫1,6,15457→16852→18255→19860→18724→15457,HIP15457→HIP16852→HIP18255→HIP19860→HIP18724→HIP15457,
阿拉伯・古代,CON arabic_ancient 5099,The tied camels,الشراسيف,被捆綁的駱駝,筆畫1,8,49841→52943→59316→61359→64962→68895→73714→76470,HIP49841→HIP52943→Minkar→Kraz→HIP64962→HIP68895→Brachium→HIP76470,
阿拉伯・古代,CON arabic_ancient 5199,The trough,المعلف,低谷,筆畫1,6,58188→57283→55705→55282→55687→56633,HIP58188→HIP57283→HIP55705→HIP55282→HIP55687→HIP56633,
阿拉伯・古代,CON arabic_ancient 5299,The southern tent,الخباء اليماني,南方帳篷,筆畫1,5,59316→61359→60965→59803→59316,Minkar→Kraz→Algorab→Gienah→Minkar,
阿拉伯・古代,CON arabic_ancient 5399,The date clusters,الشماريخ,日期集群,筆畫1,8,71683→68702→66657→61932→57803→59196→61084→62434,Alpha Centauri→Hadar→HIP66657→Muhlifain→HIP57803→HIP59196→Gacrux→Mimosa,—→المعقل→—→—→—→—→—→—
阿拉伯・古代,CON arabic_ancient 5399,The date clusters,الشماريخ,日期集群,筆畫2,4,59196→59747→60260→60718,HIP59196→Imai→Ginan→Acrux,
阿拉伯・古代,CON arabic_ancient 5399,The date clusters,الشماريخ,日期集群,筆畫3,3,57803→57443→56343,HIP57803→HIP57443→HIP56343,
阿拉伯・古代,CON arabic_ancient 5499,The horses and the foals,الخيل وأفلاء الخيل,馬和小馬駒,筆畫1,11,68933→72010→75177→78384→80000→85792→88714→82363→68002→65109→68933,Menkent→HIP72010→HIP75177→HIP78384→HIP80000→HIP85792→HIP88714→HIP82363→Alnair→HIP65109→Menkent,
阿拉伯・古代,CON arabic_ancient 5599,The two shrikes,الصردان,兩隻伯勞,筆畫1,2,101772→100751,Persian→Peacock,الصردان 1→الصردان 2
阿拉伯・古代,CON arabic_ancient 5699,The two doves,اليمامتان,兩隻鴿子,筆畫1,2,112122→109268,Tiaki→Alnair,اليمامتان 2→اليمامتان 1
阿拉伯・古代,CON arabic_ancient 5799,The two male ostriches,الظليمان,兩隻雄性鴕鳥,筆畫1,2,113368→3419,Fomalhaut→Diphda,الظليمان 1→الظليمان 2
阿拉伯・古代,CON arabic_ancient 5899,The young ostriches,الرئال,年輕的鴕鳥,筆畫1,3,114341→114375→114119,HIP114341→HIP114375→HIP114119,
阿拉伯・古代,CON arabic_ancient 5899,The young ostriches,الرئال,年輕的鴕鳥,筆畫2,3,115438→115669→116247,HIP115438→HIP115669→HIP116247,
阿拉伯・古代,CON arabic_ancient 5899,The young ostriches,الرئال,年輕的鴕鳥,筆畫3,3,117629→117089→116901,HIP117629→HIP117089→HIP116901,
阿拉伯・古代,CON arabic_ancient 5899,The young ostriches,الرئال,年輕的鴕鳥,筆畫4,3,301→983→1170,HIP301→HIP983→HIP1170,
阿拉伯・古代,CON arabic_ancient 5999,The larks,المكاكي,雲雀,筆畫1,7,114421→116602→765→3245→5165→7083→9007,HIP114421→HIP116602→HIP765→Alrial II→Alrial III→HIP7083→HIP9007,
阿拉伯・古代,CON arabic_ancient 6099,The sandgrouses,القطا,沙雞,筆畫1,11,113246→111188→109306→107380→105140→103738→108085→108543→109111→109973→110997,HIP113246→Fum al Hui→HIP109306→HIP107380→HIP105140→HIP103738→Aldhanab→HIP108543→HIP109111→HIP109973→HIP110997,
阿拉伯・古代,CON arabic_ancient 6199,The wild asses,العانة,野驢,筆畫1,8,112961→112716→113136→116971→1562→118209→117375→112961,Hydor→HIP112716→Skat→HIP116971→Deneb Kaitos Shemali→HIP118209→HIP117375→Hydor,
阿拉伯・古代,CON arabic_ancient 6299,The ladder,السلم,梯子,筆畫1,5,3786→4906→7007→7884→9487,Kuton I→HIP4906→HIP7007→HIP7884→Alrescha,
阿拉伯・阿拉伯半島,CON arabic_arabian_peninsula Hjzn,The Two Guards,الحويجزين,兩位守衛,筆畫1,2,72607→75097,Kochab→Pherkad,الحويجزين 1→الحويجزين 2
阿拉伯・阿拉伯半島,CON arabic_arabian_peninsula Dkhl,The Two Refugees,الدخيلين,兩名難民,筆畫1,2,72607→75097,Kochab→Pherkad,الحويجزين 1→الحويجزين 2
阿拉伯・阿拉伯半島,CON arabic_arabian_peninsula Bzay,The Family Of Aba Bzay,آل أبا بزي,阿巴·布宰家族,筆畫1,2,72607→75097,Kochab→Pherkad,الحويجزين 1→الحويجزين 2
阿拉伯・阿拉伯半島,CON arabic_arabian_peninsula Naym,Al-Naayem,النعايم,阿爾-納阿耶姆,筆畫1,7,54061→53910→58001→59774→62956→65378→67301,Dubhe→Merak→Phecda→Megrez→Alioth→Mizar→Alkaid,الخلج 1→الخلج 2→الخلج التوالي 1→الخلج التوالي 2→الخامس→السات→السويبع
阿拉伯・阿拉伯半島,CON arabic_arabian_peninsula Siba,The Seven,السبَّع,七者,筆畫1,7,54061→53910→58001→59774→62956→65378→67301,Dubhe→Merak→Phecda→Megrez→Alioth→Mizar→Alkaid,الخلج 1→الخلج 2→الخلج التوالي 1→الخلج التوالي 2→الخامس→السات→السويبع
阿拉伯・阿拉伯半島,CON arabic_arabian_peninsula BNas,Daughters Of Na'sh,بنات نعش,納什之女,筆畫1,7,54061→53910→58001→59774→62956→65378→67301,Dubhe→Merak→Phecda→Megrez→Alioth→Mizar→Alkaid,الخلج 1→الخلج 2→الخلج التوالي 1→الخلج التوالي 2→الخامس→السات→السويبع
阿拉伯・阿拉伯半島,CON arabic_arabian_peninsula Shda,Saddle Of The Camel,الشداد,駱駝之鞍,筆畫1,5,746→3179→4427→6686→8886,Caph→Shedar→Navi→Ruchbah→Segin,
阿拉伯・阿拉伯半島,CON arabic_arabian_peninsula Migz,The Wool Spindle,المغزل,羊毛紡錘,筆畫1,3,102098→100453→95947,Deneb→Sadr→Albireo,
阿拉伯・阿拉伯半島,CON arabic_arabian_peninsula Migz,The Wool Spindle,المغزل,羊毛紡錘,筆畫2,3,102488→100453→97165,Aljanah→Sadr→Fawaris,
阿拉伯・阿拉伯半島,CON arabic_arabian_peninsula Mqdm,The Front,المقدم,前部,筆畫1,2,113881→113963,Scheat→Markab,المقدم 2→المقدم 1
阿拉伯・阿拉伯半島,CON arabic_arabian_peninsula Mkhr,The Rear,الموخر,後部,筆畫1,2,677→1067,Alpheratz→Algenib,الموخر 2→الموخر 1
阿拉伯・阿拉伯半島,CON arabic_arabian_peninsula Rsha,The Bucket Cord,الرشا,水桶繩,筆畫1,11,3881→3231→2912→3031→3693→5454→5571→6193→6315→5447→3881,HIP3881→HIP3231→HIP2912→HIP3031→HIP3693→HIP5454→HIP5571→HIP6193→HIP6315→Mirach→HIP3881,
阿拉伯・阿拉伯半島,CON arabic_arabian_peninsula Shrt,The Two Marks,الشرطين,兩個記號,筆畫1,2,9884→8903,Hamal→Sheratan,
阿拉伯・阿拉伯半島,CON arabic_arabian_peninsula Btyn,The Little Abdomen,البطين,小腹,筆畫1,4,12719→13209→13061→12719,Barani II→Bharani→Lilii Borea→Barani II,
阿拉伯・阿拉伯半島,CON arabic_arabian_peninsula Thur,Al-Thurayya,الثريا,Al-Thurayya (昴宿),筆畫1,0,M45→M45,,
阿拉伯・阿拉伯半島,CON arabic_arabian_peninsula Twbi,The Little Follower,التويبع,小跟隨者,筆畫1,2,21421→21421,Aldebaran→Aldebaran,التويبع→التويبع
阿拉伯・阿拉伯半島,CON arabic_arabian_peninsula Thra,The Arm,الذراع,手臂 (井宿),筆畫1,2,37279→36188,Procyon→Gomeisa,
阿拉伯・阿拉伯半島,CON arabic_arabian_peninsula Klib,The Two Little Dogs,الكليبين,兩隻小狗,筆畫1,2,33579→34444,Adhara→Wezen,
阿拉伯・阿拉伯半島,CON arabic_arabian_peninsula Nath,The Nostrils,النثرة,鼻孔,筆畫1,3,42806→42556→42911,Asellus Borealis→Meleph→Asellus Australis,
阿拉伯・阿拉伯半島,CON arabic_arabian_peninsula Tarf,The Eyes,الطرف,,筆畫1,2,47908→47508,Algenubi→Subra,
阿拉伯・阿拉伯半島,CON arabic_arabian_peninsula Jabh,The Forehead,الجبهة,前額,筆畫1,4,50335→50583→49583→49669,Adhafera→Algieba→Al Jabhah→Regulus,
阿拉伯・阿拉伯半島,CON arabic_arabian_peninsula Zubr,The Mane,الزبرة,鬃毛,筆畫1,2,54872→54879,Zosma→Chertan,
阿拉伯・阿拉伯半島,CON arabic_arabian_peninsula Sarf,Star Of Weather Change,الصرفة,變天之星,筆畫1,2,57632→57632,Denebola→Denebola,الصرفة→الصرفة
阿拉伯・阿拉伯半島,CON arabic_arabian_peninsula Awwa,The Bend,العوا,彎曲 (軫宿),筆畫1,5,63608→63090→61941→60129→57757,Vindemiatrix→Minelauva→Porrima→Zaniah→Zavijava,
阿拉伯・阿拉伯半島,CON arabic_arabian_peninsula Smak,The High Unarmed One,السماك الأعزل,高懸的無矛者,筆畫1,2,65474→65474,Spica→Spica,السماك الأعزل→السماك الأعزل
阿拉伯・阿拉伯半島,CON arabic_arabian_peninsula Ghfr,The Cover,الغفر,遮蓋,筆畫1,3,69701→69427→69974,Syrma→Kang→Khambaliya,
阿拉伯・阿拉伯半島,CON arabic_arabian_peninsula Zban,Claws Of The Scorpion,الزبانى,天蠍之鉗,筆畫1,2,72622→74785,Zubenelgenubi II→Zubeneschamali,
阿拉伯・阿拉伯半島,CON arabic_arabian_peninsula Ikll,The Diadem,الإكليل,冠冕,筆畫1,3,78820→78401→78265,Acrab→Dschubba→Fang,
阿拉伯・阿拉伯半島,CON arabic_arabian_peninsula Qalb,The Heart,القلب,心臟 (心宿),筆畫1,2,80763→80763,Antares→Antares,القلب→القلب
阿拉伯・阿拉伯半島,CON arabic_arabian_peninsula Shwl,Raised Tail Of The Scorpion,الشولة,高舉的蠍尾,筆畫1,2,85927→85696,Shaula→Lesath,الشولة→—
阿拉伯・阿拉伯半島,CON arabic_arabian_peninsula Akrb,The Scorpion,العقرب,天蠍座,筆畫1,3,74785→78820→80112,Zubeneschamali→Acrab→Alniyat,
阿拉伯・阿拉伯半島,CON arabic_arabian_peninsula Akrb,The Scorpion,العقرب,天蠍座,筆畫2,3,72622→78265→80112,Zubenelgenubi II→Fang→Alniyat,
阿拉伯・阿拉伯半島,CON arabic_arabian_peninsula Akrb,The Scorpion,العقرب,天蠍座,筆畫3,12,78401→80112→80763→81266→82396→82514→82729→84143→86228→87073→86670→85927,Dschubba→Alniyat→Antares→Paikauhale→Larawag→Xamidimura→HIP82729→HIP84143→Sargas→Girtab→Mula→Shaula,—→—→القلب→—→—→—→—→—→—→—→—→الشولة
阿拉伯・阿拉伯半島,CON arabic_arabian_peninsula Blda,The Empty Place,البلدة,空白之地,筆畫1,0,"(19.44°,-23.81°)→(19.43°,-23.59°)→(19.43°,-23.37°)→(19.43°,-23.17°)→(19.43°,-22.95°)→(19.44°,-22.66°)→(19.44°,-22.36°)→(19.45°,-22.04°)→(19.46°,-21.80°)→(19.47°,-21.56°)→(19.49°,-21.26°)→(19.50°,-21.00°)→(19.51°,-20.85°)→(19.52°,-20.73°)→(19.53°,-20.61°)→(19.54°,-20.46°)→(19.55°,-20.29°)→(19.57°,-20.21°)→(19.58°,-20.13°)→(19.59°,-20.07°)→(19.60°,-20.01°)→(19.62°,-19.96°)→(19.63°,-19.97°)→(19.65°,-19.96°)→(19.66°,-20.03°)→(19.68°,-20.07°)→(19.69°,-20.22°)→(19.69°,-20.37°)→(19.71°,-20.61°)→(19.71°,-20.87°)→(19.72°,-21.22°)→(19.72°,-21.53°)→(19.71°,-21.81°)→(19.71°,-22.11°)→(19.70°,-22.40°)→(19.69°,-22.66°)→(19.67°,-22.97°)→(19.65°,-23.18°)→(19.64°,-23.31°)→(19.62°,-23.45°)→(19.60°,-23.55°)→(19.58°,-23.64°)→(19.56°,-23.78°)→(19.55°,-23.88°)→(19.53°,-23.98°)→(19.52°,-24.04°)→(19.51°,-24.11°)→(19.49°,-24.18°)→(19.48°,-24.24°)→(19.46°,-24.20°)→(19.45°,-24.13°)→(19.45°,-24.05°)→(19.44°,-23.92°)→(19.44°,-23.81°)",,
阿拉伯・阿拉伯半島,CON arabic_arabian_peninsula Naim,The Ostriches,النعائم,鴕鳥 (箕宿),筆畫1,5,89931→90185→93506→92041→89931,Kaus Media→Kaus Australis→Ascella→Namalsadirah I→Kaus Media,
阿拉伯・阿拉伯半島,CON arabic_arabian_peninsula Naim,The Ostriches,النعائم,鴕鳥 (箕宿),筆畫2,5,88635→89642→90185→89931→88635,Alnasl→Hamalwarid→Kaus Australis→Kaus Media→Alnasl,
阿拉伯・阿拉伯半島,CON arabic_arabian_peninsula Naim,The Ostriches,النعائم,鴕鳥 (箕宿),筆畫3,5,92855→93864→93506→92041→92855,Nunki→Namalsadirah II→Ascella→Namalsadirah I→Nunki,
阿拉伯・阿拉伯半島,CON arabic_arabian_peninsula Naim,The Ostriches,النعائم,鴕鳥 (箕宿),筆畫4,3,89931→90496→92041,Kaus Media→Kaus Borealis→Namalsadirah I,
阿拉伯・阿拉伯半島,CON arabic_arabian_peninsula SDab,The Lucky Star Of The Slaughterer,سعد الذابح,屠夫之吉星,筆畫1,3,100064→100310→100345,Algedi→Alshat→Dabih,
阿拉伯・阿拉伯半島,CON arabic_arabian_peninsula SBul,The Lucky Star Of The Swallower,سعد بلع,吞食者的幸運之星,筆畫1,3,102618→103045→104459,Albali→Albulan I→Albulan II,
阿拉伯・阿拉伯半島,CON arabic_arabian_peninsula SSud,The Luckiest Of The Lucky Stars,سعد السعود,最幸運的吉星,筆畫1,3,106278→106786→107382,Sadalsuud→Bunda→HIP107382,
阿拉伯・阿拉伯半島,CON arabic_arabian_peninsula SAkh,The Lucky Star Of The Tents,سعد الأخبية,帳篷的幸運星,筆畫1,6,110395→110960→110672→110395→111497→110960,Sadachbia→Sadaltager→Seat→Sadachbia→HIP111497→Sadaltager,
阿拉伯・阿拉伯半島,CON arabic_arabian_peninsula Haqa,The Circular Mark,الهقعة,圓形斑點,筆畫1,4,26207→26176→26366→26207,Meissa→Heka→HIP26366→Meissa,
阿拉伯・阿拉伯半島,CON arabic_arabian_peninsula Hana,The Downward Bend,الهنعة,向下的彎曲,筆畫1,2,31681→32362,Alhena→Alzirr,
阿拉伯・阿拉伯半島,CON arabic_arabian_peninsula ZwJ1,Claws Of Al-Jawza,زوابن الجوزا,Al-Jawza 之爪,筆畫1,2,25336→27989,Bellatrix→Betelgeuse,—→قرن الجوزا الشمالي
阿拉伯・阿拉伯半島,CON arabic_arabian_peninsula Zbn1,The Claws,الزبَّن,雙螯,筆畫1,2,25336→27989,Bellatrix→Betelgeuse,—→قرن الجوزا الشمالي
阿拉伯・阿拉伯半島,CON arabic_arabian_peninsula ZwJ2,Claws Of Al-Jawza,زوابن الجوزا,Al-Jawza 之爪,筆畫1,2,24436→27366,Rigel→Saiph,قرن الجوزا الجنوبي→رجل الجوزا
阿拉伯・阿拉伯半島,CON arabic_arabian_peninsula Zbn1,The Claws,الزبَّن,雙螯,筆畫1,2,24436→27366,Rigel→Saiph,قرن الجوزا الجنوبي→رجل الجوزا
阿拉伯・阿拉伯半島,CON arabic_arabian_peninsula ZaJa,Back Of Al-Jawza,ظهر الجوزا,Al-Jawza 的背部,筆畫1,3,25930→26311→26727,Mintaka→Alnilam→Alnitak,
阿拉伯・阿拉伯半島,CON arabic_arabian_peninsula MThu,Mosque Of Al-Thurayya,مسجد الثريا,Al-Thurayya 清真寺,筆畫1,3,9884→8796→10064,Hamal→Mothallah→Mizan,
阿拉伯・阿拉伯半島,CON arabic_arabian_peninsula Jwza,Al-Jawza,الجوزا,阿爾-賈瓦扎,筆畫1,2,26207→26487,Meissa→HIP26487,
阿拉伯・阿拉伯半島,CON arabic_arabian_peninsula Jwza,Al-Jawza,الجوزا,阿爾-賈瓦扎,筆畫2,3,25336→26487→27989,Bellatrix→HIP26487→Betelgeuse,—→—→قرن الجوزا الشمالي
阿拉伯・阿拉伯半島,CON arabic_arabian_peninsula Jwza,Al-Jawza,الجوزا,阿爾-賈瓦扎,筆畫3,7,25336→25930→26311→26727→27366→24436→25930,Bellatrix→Mintaka→Alnilam→Alnitak→Saiph→Rigel→Mintaka,—→—→—→—→رجل الجوزا→قرن الجوزا الجنوبي→—
阿拉伯・阿拉伯半島,CON arabic_arabian_peninsula Jwza,Al-Jawza,الجوزا,阿爾-賈瓦扎,筆畫4,2,27989→26727,Betelgeuse→Alnitak,قرن الجوزا الشمالي→—
阿拉伯・月站,CON arabic_lunar_stations 0199,The two oryx calves,الفرقدان,兩隻羚羊小牛,筆畫1,2,72607→75097,Kochab→Pherkad,الفرقدان 1→الفرقدان 2
阿拉伯・月站,CON arabic_lunar_stations 0299,The axe of the grindstone,فأس الرحى,磨刀石的斧頭,筆畫1,9,11767→85822→82080→77055→72607→70692→69112→62572→11767,Polaris→Yildun→Circitores→Akfa Farkadain→Kochab→HIP70692→HIP69112→HIP62572→Polaris,الجدي→—→—→—→الفرقدان 1→—→—→—→الجدي
阿拉伯・月站,CON arabic_lunar_stations 0399,Daughters of Na'sh,بنات نعش,納什的女兒們,筆畫1,7,54061→53910→58001→59774→62956→65378→67301,Dubhe→Merak→Phecda→Megrez→Alioth→Mizar→Alkaid,—→—→—→—→الجون→العناق→القائد
阿拉伯・月站,CON arabic_lunar_stations 0699,The two wolves,الذئبان,兩隻狼,筆畫1,2,83895→80331,Aldhibah→Athebyne,الذئبان 1→الذئبان 2
阿拉伯・月站,CON arabic_lunar_stations 0799,The mother camels,العوائذ,駱駝媽媽,筆畫1,5,85819→85670→87833→87585→85819,HIP85819→Rastaban→Eltanin→Grumium→HIP85819,
阿拉伯・月站,CON arabic_lunar_stations 1499,The bowl of the poor,قصعة المساكين,窮人的碗,筆畫1,8,77048→76127→75695→76267→76952→77512→78159→78493,HIP77048→HIP76127→Nusakan→Alphecca→HIP76952→HIP77512→HIP78159→HIP78493,—→—→—→منير الفكة→—→—→—→—
阿拉伯・月站,CON arabic_lunar_stations 1901,The camel head,رأس الناقة,駱駝頭,筆畫1,4,116631→116805→116584→117221,HIP116631→HIP116805→HIP116584→HIP117221,
阿拉伯・月站,CON arabic_lunar_stations 1902,The camel neck,عنق الناقة,駱駝脖子,筆畫1,8,117221→841→2225→2900→3414→3504→3300→2920,HIP117221→HIP841→HIP2225→HIP2900→HIP3414→HIP3504→HIP3300→Fulu,
阿拉伯・月站,CON arabic_lunar_stations 1903,The camel front legs,يدا الناقة,駱駝的前腿,筆畫1,2,5251→8068,HIP5251→HIP8068,
阿拉伯・月站,CON arabic_lunar_stations 1903,The camel front legs,يدا الناقة,駱駝的前腿,筆畫2,2,4998→7607,HIP4998→Nembus,
阿拉伯・月站,CON arabic_lunar_stations 1999,The she-camel,الناقة,母駱駝,筆畫1,15,116631→116805→116584→117221→841→2225→2900→3414→3504→3300→2920→2505→746→2599→8886,HIP116631→HIP116805→HIP116584→HIP117221→HIP841→HIP2225→HIP2900→HIP3414→HIP3504→HIP3300→Fulu→HIP2505→Caph→HIP2599→Segin,—→—→—→—→—→—→—→—→—→—→—→—→سنام الناقة→—→—
阿拉伯・月站,CON arabic_lunar_stations 1999,The she-camel,الناقة,母駱駝,筆畫2,6,2505→3179→3821→4292→4427→2599,HIP2505→Shedar→Achird→HIP4292→Navi→HIP2599,
阿拉伯・月站,CON arabic_lunar_stations 2501,The bucket rope knot - The well poles,الكرب - النعام,鬥繩結——井桿,筆畫1,2,115250→115623,Salm→Alkarab,
阿拉伯・月站,CON arabic_lunar_stations 2502,The front bucket mouth,الفرغ المقدم,前斗口,筆畫1,2,113881→113963,Scheat→Markab,الفرغ المقدم 2→الفرغ المقدم 1
阿拉伯・月站,CON arabic_lunar_stations 2504,The rear bucket mouth,الفرغ المؤخر,後斗口,筆畫1,2,677→1067,Alpheratz→Algenib,الفرغ المؤخر 2→الفرغ المؤخر 1
阿拉伯・月站,CON arabic_lunar_stations 2550,The well bucket rope - The fish,الرشاء - الحوت,井桶繩——魚,筆畫1,11,3881→3231→2912→3031→3693→5454→5571→6193→6315→5447→3881,HIP3881→HIP3231→HIP2912→HIP3031→HIP3693→HIP5454→HIP5571→HIP6193→HIP6315→Mirach→HIP3881,—→—→—→—→—→—→—→—→—→بطن الحوت→—
阿拉伯・月站,CON arabic_lunar_stations 2602,The two signs,الشرطان,兩個標誌,筆畫1,2,9884→8903,Hamal→Sheratan,
阿拉伯・月站,CON arabic_lunar_stations 2603,The little abdomen,البطين,小腹肌,筆畫1,4,12719→13209→13061→12719,Barani II→Bharani→Lilii Borea→Barani II,
阿拉伯・月站,CON arabic_lunar_stations 2604,Al-Thurayya,الثريا,圖拉亞,筆畫1,2,17608→17608,Merope→Merope,
阿拉伯・月站,CON arabic_lunar_stations 2604,Al-Thurayya,الثريا,圖拉亞,筆畫2,2,18163→18163,HIP18163→HIP18163,
阿拉伯・月站,CON arabic_lunar_stations 2801,Retracted arm [of the lion],الذراع المقبوضة,[獅子的]手臂縮回,筆畫1,2,37279→36188,Procyon→Gomeisa,الشعرى الشامية→مرزم الغميصاء
阿拉伯・月站,CON arabic_lunar_stations 2802,The extended arm [of the lion],الذراع المبسوطة,[獅子的]伸出的手臂,筆畫1,2,36850→37826,Castor→Pollux,
阿拉伯・月站,CON arabic_lunar_stations 2803,Nostrils [of the lion],النثرة,[獅子的]鼻孔,筆畫1,3,42806→42556→42911,Asellus Borealis→Meleph→Asellus Australis,
阿拉伯・月站,CON arabic_lunar_stations 2803,Nostrils [of the lion],النثرة,[獅子的]鼻孔,筆畫2,2,43004→43004,HIP43004→HIP43004,
阿拉伯・月站,CON arabic_lunar_stations 2804,Eyes [of the lion],الطرف,[獅子的]眼睛,筆畫1,2,47908→47508,Algenubi→Subra,
阿拉伯・月站,CON arabic_lunar_stations 2805,Forehead [of the lion],الجبهة,[獅子的]額頭,筆畫1,4,50335→50583→49583→49669,Adhafera→Algieba→Al Jabhah→Regulus,
阿拉伯・月站,CON arabic_lunar_stations 2806,Mane [of the lion],الزبرة,[獅子的]鬃毛,筆畫1,2,54872→54879,Zosma→Chertan,
阿拉伯・月站,CON arabic_lunar_stations 2808,The bend,العوا,彎道,筆畫1,5,63608→63090→61941→60129→57757,Vindemiatrix→Minelauva→Porrima→Zaniah→Zavijava,
阿拉伯・月站,CON arabic_lunar_stations 2810,The cover,الغفر,封面,筆畫1,3,69701→69427→69974,Syrma→Kang→Khambaliya,
阿拉伯・月站,CON arabic_lunar_stations 2810,The cover,الغفر,封面,筆畫2,2,70784→70784,HIP70784→HIP70784,
阿拉伯・月站,CON arabic_lunar_stations 2901,Claws of the scorpion,الزبانى,蝎子的爪子,筆畫1,2,72622→74785,Zubenelgenubi II→Zubeneschamali,
阿拉伯・月站,CON arabic_lunar_stations 2902,The diadem,الإكليل,王冠,筆畫1,3,78820→78401→78265,Acrab→Dschubba→Fang,
阿拉伯・月站,CON arabic_lunar_stations 2906,Raised tail of the scorpion,الشولة,蠍尾翹起,筆畫1,2,85927→85696,Shaula→Lesath,الشولة→—
阿拉伯・月站,CON arabic_lunar_stations 2999,The scorpion,العقرب,蝎子,筆畫1,3,74785→78820→80112,Zubeneschamali→Acrab→Alniyat,—→—→النياط 1
阿拉伯・月站,CON arabic_lunar_stations 2999,The scorpion,العقرب,蝎子,筆畫2,3,72622→78265→80112,Zubenelgenubi II→Fang→Alniyat,—→—→النياط 1
阿拉伯・月站,CON arabic_lunar_stations 2999,The scorpion,العقرب,蝎子,筆畫3,12,78401→80112→80763→81266→82396→82514→82729→84143→86228→87073→86670→85927,Dschubba→Alniyat→Antares→Paikauhale→Larawag→Xamidimura→HIP82729→HIP84143→Sargas→Girtab→Mula→Shaula,—→النياط 1→القلب→النياط 2→—→—→—→—→—→—→—→الشولة
阿拉伯・月站,CON arabic_lunar_stations 3001,The ostriches drinking at the river,النعام الوارد,鴕鳥在河邊喝水,筆畫1,5,88635→89642→90185→89931→88635,Alnasl→Hamalwarid→Kaus Australis→Kaus Media→Alnasl,
阿拉伯・月站,CON arabic_lunar_stations 3002,The ostriches leaving the river,النعام الصادر,離開河流的鴕鳥,筆畫1,5,92855→93864→93506→92041→92855,Nunki→Namalsadirah II→Ascella→Namalsadirah I→Nunki,
阿拉伯・月站,CON arabic_lunar_stations 3003,The ostrich nest - The necklace,الأدحي - القلادة,鴕鳥窩——項鍊,筆畫1,6,93085→93683→94141→94820→95168→95176,HIP93085→HIP93683→Albaldah→HIP94820→HIP95168→HIP95176,
阿拉伯・月站,CON arabic_lunar_stations 3005,The empty place,البلدة,空曠的地方,筆畫1,6,97290→96760→95503→95564→96440→97290,HIP97290→HIP96760→Namalsadirah IV→HIP95564→HIP96440→HIP97290,
阿拉伯・月站,CON arabic_lunar_stations 3099,The ostriches,النعائم,鴕鳥,筆畫1,5,89931→90185→93506→92041→89931,Kaus Media→Kaus Australis→Ascella→Namalsadirah I→Kaus Media,
阿拉伯・月站,CON arabic_lunar_stations 3099,The ostriches,النعائم,鴕鳥,筆畫2,5,88635→89642→90185→89931→88635,Alnasl→Hamalwarid→Kaus Australis→Kaus Media→Alnasl,
阿拉伯・月站,CON arabic_lunar_stations 3099,The ostriches,النعائم,鴕鳥,筆畫3,5,92855→93864→93506→92041→92855,Nunki→Namalsadirah II→Ascella→Namalsadirah I→Nunki,
阿拉伯・月站,CON arabic_lunar_stations 3099,The ostriches,النعائم,鴕鳥,筆畫4,3,89931→90496→92041,Kaus Media→Kaus Borealis→Namalsadirah I,
阿拉伯・月站,CON arabic_lunar_stations 3199,The lucky star of the slaughterer,سعد الذابح,屠宰場的幸運星,筆畫1,3,100064→100310→100345,Algedi→Alshat→Dabih,
阿拉伯・月站,CON arabic_lunar_stations 3299,The lucky star of the swallower,سعد بلع,吞噬者的幸運星,筆畫1,3,102618→103045→104459,Albali→Albulan I→Albulan II,
阿拉伯・月站,CON arabic_lunar_stations 3399,The luckiest of the lucky stars,سعد السعود,幸運星中最幸運的,筆畫1,3,106278→106786→107382,Sadalsuud→Bunda→HIP107382,
阿拉伯・月站,CON arabic_lunar_stations 3499,The lucky star of the tents,سعد الأخبية,帳篷的幸運星,筆畫1,3,110395→110960→110672,Sadachbia→Sadaltager→Seat,
阿拉伯・月站,CON arabic_lunar_stations 3499,The lucky star of the tents,سعد الأخبية,帳篷的幸運星,筆畫2,2,110960→111497,Sadaltager→HIP111497,
阿拉伯・月站,CON arabic_lunar_stations 3499,The lucky star of the tents,سعد الأخبية,帳篷的幸運星,筆畫3,2,110395→110672,Sadachbia→Seat,
阿拉伯・月站,CON arabic_lunar_stations 3499,The lucky star of the tents,سعد الأخبية,帳篷的幸運星,筆畫4,2,110395→111497,Sadachbia→HIP111497,
阿拉伯・月站,CON arabic_lunar_stations 3599,The lucky star of Nashira,سعد ناشرة,Nashira的幸運星,筆畫1,2,106985→107556,Nashira→Deneb Algedi,
阿拉伯・月站,CON arabic_lunar_stations 3699,The lucky star of the king,سعد الملك,國王的幸運星,筆畫1,2,109074→108874,Sadalmelik→Sadalmulk,
阿拉伯・月站,CON arabic_lunar_stations 3799,The lucky star of the young sheep,سعد البهام,小羊的幸運星,筆畫1,2,109427→109068,Biham→Fum al Faras,
阿拉伯・月站,CON arabic_lunar_stations 3899,The lucky star of the one with great endeavour,سعد الهمام,努力的人的幸運星,筆畫1,2,112029→112447,Homam→Suudalnujum,
阿拉伯・月站,CON arabic_lunar_stations 3999,The lucky star of the excellent one,سعد البارع,優秀者的幸運星,筆畫1,2,112440→112748,Sadalnazi→Sadalbari,
阿拉伯・月站,CON arabic_lunar_stations 4099,The lucky star of Matar,سعد مطر,馬塔爾的幸運星,筆畫1,2,112158→112051,Matar→Sadalmatar,
阿拉伯・月站,CON arabic_lunar_stations 4201,The circular mark,الهقعة,圓形標記,筆畫1,4,26207→26176→26366→26207,Meissa→Heka→HIP26366→Meissa,—→—→الهقعة→—
阿拉伯・月站,CON arabic_lunar_stations 4201,The circular mark,الهقعة,圓形標記,筆畫2,2,26444→26444,HIP26444→HIP26444,
阿拉伯・月站,CON arabic_lunar_stations 4202,The string,النظم,一串（珠子）,筆畫1,3,25930→26311→26727,Mintaka→Alnilam→Alnitak,
阿拉伯・月站,CON arabic_lunar_stations 4206,Stoopness [of the camel neck],الهنعة,[駱駝脖子的] 駝背,筆畫1,2,31681→32362,Alhena→Alzirr,الزر→الميسان
阿拉伯・月站,CON arabic_lunar_stations 4299,Al-Jawza,الجوزاء,賈瓦扎,筆畫1,2,26207→26487,Meissa→HIP26487,
阿拉伯・月站,CON arabic_lunar_stations 4299,Al-Jawza,الجوزاء,賈瓦扎,筆畫2,3,25336→26487→27989,Bellatrix→HIP26487→Betelgeuse,الناجذ→—→منكب الجوزاء
阿拉伯・月站,CON arabic_lunar_stations 4299,Al-Jawza,الجوزاء,賈瓦扎,筆畫3,6,25336→25930→26311→26727→27366→24436,Bellatrix→Mintaka→Alnilam→Alnitak→Saiph→Rigel,الناجذ→—→—→—→—→رجل الجوزاء
阿拉伯・月站,CON arabic_lunar_stations 4299,Al-Jawza,الجوزاء,賈瓦扎,筆畫4,2,27989→32362,Betelgeuse→Alzirr,منكب الجوزاء→الميسان
阿拉伯・月站,CON arabic_lunar_stations 4299,Al-Jawza,الجوزاء,賈瓦扎,筆畫5,8,30419→31216→31978→32362→31681→30883→30343→29655,HIP30419→HIP31216→HIP31978→Alzirr→Alhena→Nucatai→Tejat→Propus,—→—→—→الميسان→الزر→التحايي 3→التحايي 2→التحايي 1
阿拉伯・月站,CON arabic_lunar_stations 4299,Al-Jawza,الجوزاء,賈瓦扎,筆畫6,8,24010→23607→22957→22509→22449→22549→22797→23123,HIP24010→HIP23607→Al Kumm II→Al Taj I→Tabit→Al Taj II→Al Taj III→Al Taj V,
阿拉伯・月站,CON arabic_lunar_stations 4299,Al-Jawza,الجوزاء,賈瓦扎,筆畫7,2,25336→22449,Bellatrix→Tabit,الناجذ→—
阿拉伯・月站,CON arabic_lunar_stations 4299,Al-Jawza,الجوزاء,賈瓦扎,筆畫8,2,24436→25930,Rigel→Mintaka,رجل الجوزاء→—
阿拉伯・月站,CON arabic_lunar_stations 4299,Al-Jawza,الجوزاء,賈瓦扎,筆畫9,2,27989→26727,Betelgeuse→Alnitak,منكب الجوزاء→—
阿拉伯・月站,CON arabic_lunar_stations 5599,The two shrikes,الصردان,兩隻伯勞,筆畫1,2,101772→100751,Persian→Peacock,الصردان 1→الصردان 2
阿拉伯・月站,CON arabic_lunar_stations 5699,The two doves,اليمامتان,兩隻鴿子,筆畫1,2,112122→109268,Tiaki→Alnair,اليمامتان 2→اليمامتان 1
阿拉伯・月站,CON arabic_lunar_stations 5799,The two male ostriches,الظليمان,兩隻雄性鴕鳥,筆畫1,2,113368→3419,Fomalhaut→Diphda,الظليمان 1→الظليمان 2
白俄羅斯,CON belarusian 001,Elias's Cart,Іллёў воз,Elias 的推車,筆畫1,8,67301→65378→62956→59774→58001→53910→54061→59774,Alkaid→Mizar→Alioth→Megrez→Phecda→Merak→Dubhe→Megrez,
白俄羅斯,CON belarusian 002,The Bride,Нявеста,新娘,筆畫1,6,91262→91971→92420→93194→92791→91971,Vega→Nasr Alwaki I→Sheliak→Sulafat→HIP92791→Nasr Alwaki I,
白俄羅斯,CON belarusian 003,The Hens,Куркі,母雞,筆畫1,8,17847→17702→17573→17531→17489→17499→17608→17702,Atlas→Alcyone→Maia→Taygeta→Celaeno→Electra→Merope→Alcyone,
白俄羅斯,CON belarusian 004,The Cross of Saint Peter,Пятроў крэст,聖彼得十字架,筆畫1,3,102098→100453→97165,Deneb→Sadr→Fawaris,
白俄羅斯,CON belarusian 004,The Cross of Saint Peter,Пятроў крэст,聖彼得十字架,筆畫2,2,100453→102488,Sadr→Aljanah,
白俄羅斯,CON belarusian 004,The Cross of Saint Peter,Пятроў крэст,聖彼得十字架,筆畫3,2,100453→95947,Sadr→Albireo,
白俄羅斯,CON belarusian 005,The Crown,Карона,皇冠,筆畫1,7,76127→75695→76267→76952→77512→78159→78493,HIP76127→Nusakan→Alphecca→HIP76952→HIP77512→HIP78159→HIP78493,
白俄羅斯,CON belarusian 006,The She-Goat,Каза,母山羊,筆畫1,2,24608→24608,Capella→Capella,Kaza→Kaza
白俄羅斯,CON belarusian 007,The Grass Snakes,Вужы,草蛇,筆畫1,4,20205→20455→20648→20889,Prima Hyadum→Secunda Hyadum→HIP20648→Ain,
白俄羅斯,CON belarusian 007,The Grass Snakes,Вужы,草蛇,筆畫2,3,20205→20894→21421,Prima Hyadum→Chamukuy→Aldebaran,
白俄羅斯,CON belarusian 008,Poland and Lithuania,,波蘭和立陶宛,筆畫1,2,37826→36850,Pollux→Castor,
白俄羅斯,CON belarusian 009,The Mowers,Касцы,割草的人,筆畫1,3,26727→26311→25930,Alnitak→Alnilam→Mintaka,
白俄羅斯,CON belarusian 010,The Nail,Гвоздзь,釘子,筆畫1,2,11767→11767,Polaris→Polaris,The Nail→The Nail
白俄羅斯,CON belarusian 011,The Ploughman,Ратай,農夫,筆畫1,6,74666→73555→71075→71053→69673→67927,Thiba→Nekkar→Seginus→HIP71053→Arcturus→Muphrid,
白俄羅斯,CON belarusian 011,The Ploughman,Ратай,農夫,筆畫2,3,69673→72105→74666,Arcturus→Izar→Thiba,
白俄羅斯,CON belarusian 011,The Ploughman,Ратай,農夫,筆畫3,2,67927→67459,Muphrid→HIP67459,
白俄羅斯,CON belarusian 011,The Ploughman,Ратай,農夫,筆畫4,2,72105→74666,Izar→Thiba,
白俄羅斯,CON belarusian 012,The Rake,Граблі,耙子,筆畫1,3,26263→26173→26563,HIP26263→HIP26173→Mizan Batil III,
白俄羅斯,CON belarusian 012,The Rake,Граблі,耙子,筆畫2,2,26173→25923,HIP26173→Thabit,
白俄羅斯,CON belarusian 013,The Ram,Баран,白羊座,筆畫1,4,13209→9884→8903→8832,Bharani→Hamal→Sheratan→Mesarthim,
白俄羅斯,CON belarusian 014,The Serpent,Змей,蛇,筆畫1,16,87585→87833→85670→85829→87585→94376→97433→94648→89937→83895→80331→78527→75458→68756→61281→56211,Grumium→Eltanin→Rastaban→HIP85829→Grumium→Altais→Tyl→Athafi II→Alahakan→Aldhibah→Athebyne→HIP78527→Edasich→Thuban→HIP61281→Giausar,
白俄羅斯,CON belarusian 015,The Sieve,Сіта,篩子,筆畫1,3,64241→64394→60742,Diadem→HIP64394→Al Dafirah,
白俄羅斯,CON belarusian 016,The Small Cart,Малы воз,小推車,筆畫1,8,11767→85822→82080→77055→79822→75097→72607→77055,Polaris→Yildun→Circitores→Akfa Farkadain→HIP79822→Pherkad→Kochab→Akfa Farkadain,The Nail→—→—→—→—→—→—→—
白俄羅斯,CON belarusian 017,The Throne of Jesus,Крэсельца Пана Езуса,耶穌的寶座,筆畫1,5,27989→26207→25336→25930→24436,Betelgeuse→Meissa→Bellatrix→Mintaka→Rigel,
白俄羅斯,CON belarusian 017,The Throne of Jesus,Крэсельца Пана Езуса,耶穌的寶座,筆畫2,4,27989→26727→27366→24436,Betelgeuse→Alnitak→Saiph→Rigel,
白俄羅斯,CON belarusian 018,The Twins,Блізнюкі,雙子座,筆畫1,5,31681→34088→35550→35350→32362,Alhena→Mekbuda→Wasat→HIP35350→Alzirr,
白俄羅斯,CON belarusian 018,The Twins,Блізнюкі,雙子座,筆畫2,3,35550→36962→37740,Wasat→HIP36962→HIP37740,
白俄羅斯,CON belarusian 018,The Twins,Блізнюкі,雙子座,筆畫3,2,36962→37826,HIP36962→Pollux,
白俄羅斯,CON belarusian 018,The Twins,Блізнюкі,雙子座,筆畫4,4,36962→36046→34693→36850,HIP36962→HIP36046→HIP34693→Castor,
白俄羅斯,CON belarusian 018,The Twins,Блізнюкі,雙子座,筆畫5,2,34693→33018,HIP34693→HIP33018,
白俄羅斯,CON belarusian 018,The Twins,Блізнюкі,雙子座,筆畫6,3,34693→32246→30883,HIP34693→Mebsuta→Nucatai,
白俄羅斯,CON belarusian 018,The Twins,Блізнюкі,雙子座,筆畫7,4,32246→30343→29655→28734,Mebsuta→Tejat→Propus→HIP28734,
白俄羅斯,CON belarusian 019,The Wild Goat,Казярог,野山羊,筆畫1,6,100064→100345→104139→105515→106985→107556,Algedi→Dabih→HIP104139→HIP105515→Nashira→Deneb Algedi,
白俄羅斯,CON belarusian 019,The Wild Goat,Казярог,野山羊,筆畫2,3,105515→105881→104139,HIP105515→HIP105881→HIP104139,
白俄羅斯,CON belarusian 019,The Wild Goat,Казярог,野山羊,筆畫3,2,100345→102485,Dabih→HIP102485,
白俄羅斯,CON belarusian 019,The Wild Goat,Казярог,野山羊,筆畫4,2,104139→102978,HIP104139→HIP102978,
白俄羅斯,CON belarusian 020,The Goose's Way,Гусіная дарога,鵝之路,筆畫1,2,746→746,Caph→Caph,
黑腳族,CON blackfoot 001,Seven Brothers and Their Sister,,七兄弟和他們的妹妹,筆畫1,7,67301→65378→62956→59774→58001→53910→54061,Alkaid→Mizar→Alioth→Megrez→Phecda→Merak→Dubhe,Last Brother→—→—→—→—→—→—
黑腳族,CON blackfoot 001,Seven Brothers and Their Sister,,七兄弟和他們的妹妹,筆畫2,2,65477→65477,Alcor→Alcor,Little Sister→Little Sister
黑腳族,CON blackfoot 002,Ashes-Chief and Stuck-Behind,,灰燼酋長和被困在後面,筆畫1,2,36850→37826,Castor→Pollux,
黑腳族,CON blackfoot 003,Spider Man's Fingers,,蜘蛛俠的手指,筆畫1,2,84345→80170,Rasalgethi→Nasak Shamiya III,
黑腳族,CON blackfoot 003,Spider Man's Fingers,,蜘蛛俠的手指,筆畫2,5,86414→84380→83207→80816→80170,HIP86414→HIP84380→HIP83207→Kornephoros→Nasak Shamiya III,
黑腳族,CON blackfoot 003,Spider Man's Fingers,,蜘蛛俠的手指,筆畫3,6,79101→79992→81126→81833→81693→80816,HIP79101→HIP79992→HIP81126→HIP81833→HIP81693→Kornephoros,
黑腳族,CON blackfoot 003,Spider Man's Fingers,,蜘蛛俠的手指,筆畫4,5,87933→86974→85693→84379→80170,HIP87933→HIP86974→Maasym→Sarin→Nasak Shamiya III,
黑腳族,CON blackfoot 003,Spider Man's Fingers,,蜘蛛俠的手指,筆畫5,5,92161→92043→90139→88267→80170,HIP92161→HIP92043→HIP90139→HIP88267→Nasak Shamiya III,
黑腳族,CON blackfoot 004,Lodge of the Spider Man,,蜘蛛俠小屋,筆畫1,6,76127→75695→76267→76952→77512→78159,HIP76127→Nusakan→Alphecca→HIP76952→HIP77512→HIP78159,
布吉斯,CON bugis 001,Incomplete House,Bintoѐng Bola Kѐppang,不完整的房子,筆畫1,4,60718→62434→61084→59747,Acrux→Mimosa→Gacrux→Imai,
布吉斯,CON bugis 001,Incomplete House,Bintoѐng Bola Kѐppang,不完整的房子,筆畫2,3,62434→63003→61084,Mimosa→HIP63003→Gacrux,
布吉斯,CON bugis 002,Shark,Bintoѐng Balѐ Mangiwѐng,鯊魚,筆畫1,6,87261→85927→85696→86670→86228→85792,Fuyue→Shaula→Lesath→Mula→Sargas→HIP85792,
布吉斯,CON bugis 003,Ray Fish,Bintoѐng Lambaruѐ,雷魚,筆畫1,6,78820→78401→78265→78104→80112→78820,Acrab→Dschubba→Fang→Iklil→Alniyat→Acrab,
布吉斯,CON bugis 003,Ray Fish,Bintoѐng Lambaruѐ,雷魚,筆畫2,6,80112→80763→81266→82396→82514→82729,Alniyat→Antares→Paikauhale→Larawag→Xamidimura→HIP82729,—→Lost Pleiad→—→—→—→—
布吉斯,CON bugis 004,Mandar Widow,Bintoѐng Balu Mandara',曼達寡婦,筆畫1,2,53910→54061,Merak→Dubhe,
布吉斯,CON bugis 005,Ship,Bintoѐng Kappala'ѐ,船,筆畫1,6,58001→59774→62956→65378→67301→58001,Phecda→Megrez→Alioth→Mizar→Alkaid→Phecda,
布吉斯,CON bugis 006,Ship,Bintoѐng Kappala'ѐ,船,筆畫1,12,58001→59774→62956→65378→67301→58001→54539→53910→54061→72607→75097→59774,Phecda→Megrez→Alioth→Mizar→Alkaid→Phecda→HIP54539→Merak→Dubhe→Kochab→Pherkad→Megrez,
布吉斯,CON bugis 007,Sign of Three,Tanra Tѐlluѐ,三的標誌,筆畫1,3,26727→26311→25930,Alnitak→Alnilam→Mintaka,
布吉斯,CON bugis 008,Plough,Bintoéng Rakkalaé,犁,筆畫1,5,25336→25930→26311→26727→27366,Bellatrix→Mintaka→Alnilam→Alnitak→Saiph,
布吉斯,CON bugis 008,Plough,Bintoéng Rakkalaé,犁,筆畫2,2,26311→24436,Alnilam→Rigel,—→Pajjѐkoѐ
布吉斯,CON bugis 009,Widow Before Marriage,Bintoѐng Baluѐ,婚前寡婦,筆畫1,2,68702→71683,Hadar→Alpha Centauri,
布吉斯,CON bugis 010,Chicken,Manu',雞,筆畫1,3,30438→32349→37279,Canopus→Sirius→Procyon,
布吉斯,CON bugis 011,Job’s Tears Stalk,Watang-mpata,約伯的眼淚莖,筆畫1,2,49669→57632,Regulus→Denebola,
布吉斯,CON bugis 012,Pushed Plough,Tékkoroso,推犁,筆畫1,3,10064→8796→10670,Mizan→Mothallah→HIP10670,
中國,CON chinese 001,Net,毕宿,畢宿,筆畫1,4,20889→20648→20455→20205,Ain→HIP20648→Secunda Hyadum→Prima Hyadum,Net I→Net II→Net III→Net IV
中國,CON chinese 001,Net,毕宿,畢宿,筆畫2,5,21421→20885→20713→20205→18724,Aldebaran→Hyadum III→HIP20713→Prima Hyadum→HIP18724,Net V→Net VI→Net VII→Net IV→Net VIII
中國,CON chinese 001,Net,毕宿,畢宿,筆畫3,2,21421→21683,Aldebaran→HIP21683,Net V→Whisper
中國,CON chinese 002,Wall,壁宿,壁宿,筆畫1,2,1067→677,Algenib→Alpheratz,Wall I→Wall II
中國,CON chinese 003,Three Stars,参宿,參宿,筆畫1,5,27989→26727→26311→25930→24436,Betelgeuse→Alnitak→Alnilam→Mintaka→Rigel,Three Stars IV→Three Stars I→Three Stars II→Three Stars III→Three Stars VII
中國,CON chinese 003,Three Stars,参宿,參宿,筆畫2,2,25930→25336,Mintaka→Bellatrix,Three Stars III→Three Stars V
中國,CON chinese 003,Three Stars,参宿,參宿,筆畫3,2,26727→27366,Alnitak→Saiph,Three Stars I→Three Stars VI
中國,CON chinese 004,Root,氐宿,氐宿,筆畫1,4,72622→74392→76333→74785,Zubenelgenubi II→HIP74392→Zubenelhakrabi→Zubeneschamali,Root I→Root II→Root III→Root IV
中國,CON chinese 005,Dipper,斗宿,斗宿,筆畫1,6,89341→90496→92041→92855→93864→93506,Polis→Kaus Borealis→Namalsadirah I→Nunki→Namalsadirah II→Ascella,Dipper III→Dipper II→Dipper I→Dipper IV→Dipper V→Dipper VI
中國,CON chinese 006,Room,房宿,房宿,筆畫1,4,78820→78401→78265→78104,Acrab→Dschubba→Fang→Iklil,Room IV→Room III→Room I→Room II
中國,CON chinese 007,Ghosts,鬼宿,鬼宿,筆畫1,4,41822→41909→42806→42911,HIP41822→HIP41909→Asellus Borealis→Asellus Australis,Ghosts I→Ghosts II→Ghosts III→Ghosts IV
中國,CON chinese 008,Winnowing Basket,箕宿,箕宿,筆畫1,4,88635→89931→90185→89642,Alnasl→Kaus Media→Kaus Australis→Hamalwarid,Winnowing Basket I→Winnowing Basket II→Winnowing Basket III→Winnowing Basket IV
中國,CON chinese 009,Horn,角宿,角宿,筆畫1,2,65474→66249,Spica→Heze,Horn I→Horn II
中國,CON chinese 010,Well,井宿,井宿,筆畫1,4,35350→34088→32921→32246,HIP35350→Mekbuda→HIP32921→Mebsuta,Well VIII→Well VII→Well VI→Well V
中國,CON chinese 010,Well,井宿,井宿,筆畫2,3,32921→30883→30343,HIP32921→Nucatai→Tejat,Well VI→Well II→Well I
中國,CON chinese 010,Well,井宿,井宿,筆畫3,3,30883→31681→34088,Nucatai→Alhena→Mekbuda,Well II→Well III→Well VII
中國,CON chinese 010,Well,井宿,井宿,筆畫4,2,31681→32362,Alhena→Alzirr,Well III→Well IV
中國,CON chinese 010,Well,井宿,井宿,筆畫5,2,30343→29655,Tejat→Propus,Well I→Battle Axe
中國,CON chinese 011,Neck,亢宿,亢宿,筆畫1,3,69427→69701→70755,Kang→Syrma→Elgafar,Neck I→Neck II→Neck III
中國,CON chinese 011,Neck,亢宿,亢宿,筆畫2,2,69427→69974,Kang→Khambaliya,Neck I→Neck IV
中國,CON chinese 012,Legs,奎宿,奎宿,筆畫1,17,4463→3693→3885→3031→3092→2912→3881→4436→5447→5175→5586→6315→6193→5742→5571→5131→4463,HIP4463→HIP3693→HIP3885→HIP3031→HIP3092→HIP2912→HIP3881→HIP4436→Mirach→HIP5175→HIP5586→HIP6315→HIP6193→HIP5742→HIP5571→HIP5131→HIP4463,Legs I→Legs II→Legs III→Legs IV→Legs V→Legs VI→Legs VII→Legs VIII→Legs IX→Legs X→Legs XI→Legs XII→Legs XIII→Legs XIV→Legs XV→Legs XVI→Legs I
中國,CON chinese 013,Willow,柳宿,柳宿,筆畫1,4,42402→42799→43234→43109,Minchir→Minazal II→Minazal IV→Ashlesha,Willow II→Willow III→Willow IV→Willow V
中國,CON chinese 013,Willow,柳宿,柳宿,筆畫2,2,42313→43109,Minazal I→Ashlesha,Willow I→Willow V
中國,CON chinese 013,Willow,柳宿,柳宿,筆畫3,4,43234→43813→44659→45336,Minazal IV→Minazal V→HIP44659→HIP45336,Willow IV→Willow VI→Willow VII→Willow VIII
中國,CON chinese 014,Bond,娄宿,婁宿,筆畫1,3,9884→8903→8832,Hamal→Sheratan→Mesarthim,Bond III→Bond I→Bond II
中國,CON chinese 015,Hairy Head,昴宿,昴宿,筆畫1,4,17499→17531→17579→17573,Electra→Taygeta→Asterope→Maia,Hairy Head I→Hairy Head II→Hairy Head III→Hairy Head IV
中國,CON chinese 015,Hairy Head,昴宿,昴宿,筆畫2,4,17499→17608→17702→17847,Electra→Merope→Alcyone→Atlas,Hairy Head I→Hairy Head V→Hairy Head VI→Hairy Head VII
中國,CON chinese 016,Ox,牛宿,牛宿,筆畫1,3,100345→100064→99572,Dabih→Algedi→HIP99572,Ox I→Ox II→Ox III
中國,CON chinese 016,Ox,牛宿,牛宿,筆畫2,4,100345→100881→101123→101027,Dabih→HIP100881→HIP101123→HIP101027,Ox I→Ox IV→Ox V→Ox VI
中國,CON chinese 016,Ox,牛宿,牛宿,筆畫3,2,100881→101027,HIP100881→HIP101027,Ox IV→Ox VI
中國,CON chinese 017,Girl,女宿,女宿,筆畫1,4,102618→103045→102945→102624,Albali→Albulan I→HIP102945→HIP102624,Girl I→Girl II→Girl III→Girl IV
中國,CON chinese 018,Encampment,室宿,室宿,筆畫1,2,113963→113881,Markab→Scheat,Encampment I→Encampment II
中國,CON chinese 019,Supreme Palace Right Wall,太微右垣,太微右垣,筆畫1,5,57757→55434→55642→54879→54872,Zavijava→HIP55434→HIP55642→Chertan→Zosma,Supreme Palace Right Wall I→Supreme Palace Right Wall II→Supreme Palace Right Wall III→Supreme Palace Right Wall IV→Supreme Palace Right Wall V
中國,CON chinese 020,Supreme Palace Left Wall,太微左垣,太微左垣,筆畫1,5,60129→61941→63090→63608→64241,Zaniah→Porrima→Minelauva→Vindemiatrix→Diadem,Supreme Palace Left Wall I→Supreme Palace Left Wall II→Supreme Palace Left Wall III→Supreme Palace Left Wall IV→Supreme Palace Left Wall V
中國,CON chinese 021,Heavenly Market Right Wall,天市右垣,天市右垣,筆畫1,11,80816→80170→79043→78072→77233→76276→77070→77622→79593→79882→81377,Kornephoros→Nasak Shamiya III→Marsic→Nasak Shamiya II→Nasak Shamiya I→Nasak Yamani I→Unukalhai→Nasak Yamani II→Yed Prior→Yed Posterior→Saik,Heavenly Market Right Wall I→Heavenly Market Right Wall II→Heavenly Market Right Wall III→Heavenly Market Right Wall IV→Heavenly Market Right Wall V→Heavenly Market Right Wall VI→Heavenly Market Right Wall VII→Heavenly Market Right Wall VIII→Heavenly Market Right Wall IX→Heavenly Market Right Wall X→Heavenly Market Right Wall XI
中國,CON chinese 022,Heavenly Market Left Wall,天市左垣,天市左垣,筆畫1,11,84379→85693→86974→88794→92614→93747→92946→89962→88048→86263→84012,Sarin→Maasym→HIP86974→HIP88794→HIP92614→Okab→Alya→HIP89962→HIP88048→HIP86263→Sabik,Heavenly Market Left Wall I→Heavenly Market Left Wall II→Heavenly Market Left Wall III→Heavenly Market Left Wall IV→Heavenly Market Left Wall V→Heavenly Market Left Wall VI→Heavenly Market Left Wall VII→Heavenly Market Left Wall VIII→Heavenly Market Left Wall IX→Heavenly Market Left Wall X→Heavenly Market Left Wall XI
中國,CON chinese 023,Rooftop,危宿,危宿,筆畫1,3,109074→109427→107315,Sadalmelik→Biham→Enif,Rooftop I→Rooftop II→Rooftop III
中國,CON chinese 024,Tail,尾宿,尾宿,筆畫1,9,82396→82514→82671→84143→86228→87073→86670→85927→85696,Larawag→Xamidimura→HIP82671→HIP84143→Sargas→Girtab→Mula→Shaula→Lesath,Tail II→Tail I→Tail III→Tail IV→Tail V→Tail VI→Tail VII→Tail VIII→Tail IX
中國,CON chinese 024,Tail,尾宿,尾宿,筆畫2,2,82514→82545,Xamidimura→Pipirima,Tail I→Tail Added II
中國,CON chinese 025,Stomach,胃宿,胃宿,筆畫1,3,12719→13061→13209,Barani II→Lilii Borea→Bharani,Stomach I→Stomach II→Stomach III
中國,CON chinese 026,Heart,心宿,心宿,筆畫1,3,80112→80763→81266,Alniyat→Antares→Paikauhale,Heart I→Heart II→Heart III
中國,CON chinese 027,Star,,星宿,筆畫1,4,46390→46509→46776→47431,Alphard→Ukdah I→Ukdah II→Ukdah,Star I→Star II→Star III→Star IV
中國,CON chinese 027,Star,,星宿,筆畫2,4,46390→45811→45751→46744,Alphard→HIP45811→HIP45751→HIP46744,Star I→Star V→Star VI→Star VII
中國,CON chinese 027,Star,,星宿,筆畫3,2,46390→46744,Alphard→HIP46744,Star I→Star VII
中國,CON chinese 028,Emptiness,虚宿,虛宿,筆畫1,2,106278→104987,Sadalsuud→Kitalpha,Emptiness I→Emptiness II
中國,CON chinese 029,Wings,翼宿,翼宿,筆畫1,2,53740→55705,Alkes→HIP55705,Wings I→Wings II
中國,CON chinese 029,Wings,翼宿,翼宿,筆畫2,2,53740→55598,Alkes→HIP55598,Wings I→Wings IV
中國,CON chinese 029,Wings,翼宿,翼宿,筆畫3,2,53740→52943,Alkes→HIP52943,Wings I→Wings V
中國,CON chinese 029,Wings,翼宿,翼宿,筆畫4,3,55705→57283→55598,HIP55705→HIP57283→HIP55598,Wings II→Wings III→Wings IV
中國,CON chinese 029,Wings,翼宿,翼宿,筆畫5,2,57283→58188,HIP57283→HIP58188,Wings III→Wings VI
中國,CON chinese 029,Wings,翼宿,翼宿,筆畫6,6,55705→55282→56802→55874→55687→53975,HIP55705→HIP55282→HIP56802→HIP55874→HIP55687→HIP53975,Wings II→Wings VII→Wings VIII→Wings IX→Wings X→Wings XII
中國,CON chinese 029,Wings,翼宿,翼宿,筆畫7,3,55687→56633→57587,HIP55687→HIP56633→HIP57587,Wings X→Wings XIII→Wings XIV
中國,CON chinese 029,Wings,翼宿,翼宿,筆畫8,3,55598→54682→54204,HIP55598→Al Sharasif→HIP54204,Wings IV→Wings XVI→Wings XX
中國,CON chinese 030,Extended Net,张宿,張宿,筆畫1,4,48356→49841→51069→49321,Zhang→HIP49841→HIP51069→HIP49321,Extended Net I→Extended Net II→Extended Net III→Extended Net IV
中國,CON chinese 030,Extended Net,张宿,張宿,筆畫2,2,48356→49321,Zhang→HIP49321,Extended Net I→Extended Net IV
中國,CON chinese 030,Extended Net,张宿,張宿,筆畫3,2,48356→47452,Zhang→Al Sharasif I,Extended Net I→Extended Net V
中國,CON chinese 030,Extended Net,张宿,張宿,筆畫4,2,51069→52085,HIP51069→HIP52085,Extended Net III→Extended Net VI
中國,CON chinese 031,Chariot,轸宿,軫宿,筆畫1,4,61359→60965→59803→59316,Kraz→Algorab→Gienah→Minkar,Chariot IV→Chariot III→Chariot I→Chariot II
中國,CON chinese 031,Chariot,轸宿,軫宿,筆畫2,2,59803→60189,Gienah→HIP60189,Chariot I→Changsha
中國,CON chinese 031,Chariot,轸宿,軫宿,筆畫3,2,60965→61174,Algorab→HIP61174,Chariot III→Left linchpin
中國,CON chinese 031,Chariot,轸宿,軫宿,筆畫4,2,59316→59199,Minkar→Alchiba,Chariot II→Right linchpin
中國,CON chinese 032,Purple Forbidden Right Wall,紫微右垣,紫微右垣,筆畫1,7,68756→61281→56211→46977→33104→22783→15520,Thuban→HIP61281→Giausar→Althiba VII→HIP33104→HIP22783→HIP15520,Purple Forbidden Right Wall I→Purple Forbidden Right Wall II→Purple Forbidden Right Wall III→Purple Forbidden Right Wall IV→Purple Forbidden Right Wall V→Purple Forbidden Right Wall VI→Purple Forbidden Right Wall VII
中國,CON chinese 033,Purple Forbidden Left Wall,紫微左垣,紫微左垣,筆畫1,8,75458→78527→80331→83895→92782→101260→114222→3721,Edasich→HIP78527→Athebyne→Aldhibah→Athafi I→HIP101260→Al Aghnam II→HIP3721,Purple Forbidden Left Wall I→Purple Forbidden Left Wall II→Purple Forbidden Left Wall III→Purple Forbidden Left Wall IV→Purple Forbidden Left Wall V→Purple Forbidden Left Wall VI→Purple Forbidden Left Wall VII→Purple Forbidden Left Wall VIII
中國,CON chinese 034,Turtle Beak,觜宿,觜宿,筆畫1,2,26207→26176,Meissa→Heka,Turtle Beak I→Turtle Beak II
中國,CON chinese 034,Turtle Beak,觜宿,觜宿,筆畫2,2,26207→26366,Meissa→HIP26366,Turtle Beak I→Turtle Beak III
中國,CON chinese 035,Eight Kinds of Crops,八谷,八穀,筆畫1,4,28358→27949→27249→24348,HIP28358→HIP27949→HIP27249→HIP24348,Eight Kinds of Crops I→Eight Kinds of Crops II→Eight Kinds of Crops III→Eight Kinds of Crops IV
中國,CON chinese 035,Eight Kinds of Crops,八谷,八穀,筆畫2,2,27249→23040,HIP27249→HIP23040,Eight Kinds of Crops III→Eight Kinds of Crops V
中國,CON chinese 035,Eight Kinds of Crops,八谷,八穀,筆畫3,3,23783→23734→27971,HIP23783→HIP23734→HIP27971,Eight Kinds of Crops VI→Eight Kinds of Crops VII→Eight Kinds of Crops VIII
中國,CON chinese 036,Net for Catching Birds,八魁,八魁,筆畫1,3,910→301→118178,HIP910→HIP301→HIP118178,Net for Catching Birds I→Net for Catching Birds II→Net for Catching Birds III
中國,CON chinese 036,Net for Catching Birds,八魁,八魁,筆畫2,2,910→355,HIP910→HIP355,Net for Catching Birds I→Net for Catching Birds IV
中國,CON chinese 036,Net for Catching Birds,八魁,八魁,筆畫3,2,910→1803,HIP910→HIP1803,Net for Catching Birds I→Net for Catching Birds V
中國,CON chinese 036,Net for Catching Birds,八魁,八魁,筆畫4,2,910→1170,HIP910→HIP1170,Net for Catching Birds I→Net for Catching Birds VI
中國,CON chinese 037,Rotten Gourd,败瓜,敗瓜,筆畫1,5,101421→101483→101882→101800→101916,Aldulfin→HIP101483→HIP101882→HIP101800→HIP101916,Rotten Gourd I→Rotten Gourd II→Rotten Gourd III→Rotten Gourd IV→Rotten Gourd V
中國,CON chinese 038,Decayed Mortar,败臼,敗臼,筆畫1,4,108085→109111→112948→112102,Aldhanab→HIP109111→HIP112948→HIP112102,Decayed Mortar I→Decayed Mortar II→Decayed Mortar III→Decayed Mortar IV
中國,CON chinese 039,Northern Dipper,北斗,北斗,筆畫1,7,54061→53910→58001→59774→62956→65378→67301,Dubhe→Merak→Phecda→Megrez→Alioth→Mizar→Alkaid,Northern Dipper I→Northern Dipper II→Northern Dipper III→Northern Dipper IV→Northern Dipper V→Northern Dipper VI→Northern Dipper VII
中國,CON chinese 040,North River,北河,北河,筆畫1,3,37826→36850→36366,Pollux→Castor→HIP36366,North River III→North River II→North River I
中國,CON chinese 041,Northern Pole,北极,北極,筆畫1,5,75097→72607→70692→69112→62572,Pherkad→Kochab→HIP70692→HIP69112→HIP62572,Northern Pole I→Northern Pole II→Northern Pole III→Northern Pole IV→Northern Pole V
中國,CON chinese 042,North Gate of the Military Camp,北落师门,北落師門,筆畫1,2,113368→113368,Fomalhaut→Fomalhaut,North Gate of the Military Camp→North Gate of the Military Camp
中國,CON chinese 043,River Turtle,鳖,鼈,筆畫1,12,90422→92308→93542→94005→94160→94114→93825→93174→92989→90968→90982→90422,HIP90422→HIP92308→HIP93542→HIP94005→HIP94160→Meridiana→HIP93825→HIP93174→HIP92989→HIP90968→HIP90982→HIP90422,River Turtle I→River Turtle II→River Turtle III→River Turtle IV→River Turtle V→River Turtle VI→River Turtle VII→River Turtle VIII→River Turtle IX→River Turtle X→River Turtle XI→River Turtle I
中國,CON chinese 044,Persia,波斯,波斯,筆畫1,2,101772→101772,Persian→Persian,Persia II→Persia II
中國,CON chinese 045,Textile Ruler,帛度,帛度,筆畫1,2,88267→88886,HIP88267→HIP88886,Textile Ruler I→Textile Ruler II
中國,CON chinese 046,Banner of Three Stars,参旗,參旗,筆畫1,9,22667→22957→22833→22845→22509→22449→22549→22797→23123,Al Kumm I→Al Kumm II→Manica→Al Taj IV→Al Taj I→Tabit→Al Taj II→Al Taj III→Al Taj V,Banner of Three Stars I→Banner of Three Stars II→Banner of Three Stars III→Banner of Three Stars IV→Banner of Three Stars V→Banner of Three Stars VI→Banner of Three Stars VII→Banner of Three Stars VIII→Banner of Three Stars IX
中國,CON chinese 047,Toilet,厕,廁,筆畫1,4,25985→25606→27072→27654,Arneb→Nihal→Kursi al Jabbar→Arsh al Jauzah,Toilet I→Toilet II→Toilet III→Toilet IV
中國,CON chinese 048,Whip,策,策,筆畫1,2,4427→4427,Navi→Navi,Whip→Whip
中國,CON chinese 049,Royal Guards,常陈,常陳,筆畫1,7,63125→62207→61692→61317→60646→59831→58684,Cor Caroli→HIP62207→HIP61692→Chara→HIP60646→HIP59831→HIP58684,Royal Guards I→Royal Guards II→Royal Guards III→Royal Guards IV→Royal Guards V→Royal Guards VI→Royal Guards VII
中國,CON chinese 050,Big Yard for Chariots,车府,車府,筆畫1,7,112917→111944→110351→106481→103632→104060→106711,HIP112917→HIP111944→HIP110351→HIP106481→HIP103632→HIP104060→HIP106711,Big Yard for Chariots I→Big Yard for Chariots II→Big Yard for Chariots III→Big Yard for Chariots IV→Big Yard for Chariots V→Big Yard for Chariots VI→Big Yard for Chariots VII
中國,CON chinese 051,Chariots and Cavalry,车骑,車騎,筆畫1,3,74395→71536→71121,HIP74395→HIP71536→HIP71121,Chariots and Cavalry I→Chariots and Cavalry II→Chariots and Cavalry III
中國,CON chinese 052,Commodity Market,车肆,車肆,筆畫1,2,80628→82369,HIP80628→HIP82369,Commodity Market I→Commodity Market II
中國,CON chinese 053,Hay,刍藁,蒭藁,筆畫1,3,11345→12002→10642,Sadr al Kaitos I→HIP12002→HIP10642,Hay I→Hay II→Hay III
中國,CON chinese 053,Hay,刍藁,蒭藁,筆畫2,3,11261→11029→12390,HIP11261→HIP11029→Sadr al Kaitos III,Hay IV→Hay V→Hay VI
中國,CON chinese 054,Pestle (In Winnowing Basket Mansion),杵 (箕宿),杵 (箕宿),筆畫1,3,86092→85792→85258,HIP86092→HIP85792→HIP85258,Pestle (In Winnowing Basket Mansion) I→Pestle (In Winnowing Basket Mansion) II→Pestle (In Winnowing Basket Mansion) III
中國,CON chinese 055,Pestle (In Rooftop Mansion),杵 (危宿),杵 (危宿),筆畫1,3,109937→109410→109056,HIP109937→HIP109410→HIP109056,Pestle (In Rooftop Mansion) I→Pestle (In Rooftop Mansion) II→Pestle (In Rooftop Mansion) III
中國,CON chinese 056,Changsha (Vassal of Chariot),长沙 (附轸宿),長沙 (附軫宿),筆畫1,2,60189→60189,HIP60189→HIP60189,Changsha→Changsha
中國,CON chinese 057,Guest House,传舍,傳舍,筆畫1,9,117371→2707→4714→5589→10438→13665→16228→16281→16292,HIP117371→HIP2707→HIP4714→HIP5589→HIP10438→HIP13665→HIP16228→HIP16281→HIP16292,Guest House I→Guest House II→Guest House III→Guest House IV→Guest House V→Guest House VI→Guest House VII→Guest House VIII→Guest House IX
中國,CON chinese 058,Retinue (In Room Mansion),从官 (房宿),從官 (房宿),筆畫1,2,77634→76945,HIP77634→HIP76945,Retinue (In Room Mansion) II→Retinue (In Room Mansion) I
中國,CON chinese 059,Retinue (In Supreme Palace Enclosure),从官 (太微垣),從官 (太微垣),筆畫1,2,56975→56975,HIP56975→HIP56975,Retinue (In Supreme Palace Enclosure)→Retinue (In Supreme Palace Enclosure)
中國,CON chinese 060,Great Horn,大角,大角,筆畫1,2,69673→69673,Arcturus→Arcturus,Great Horn→Great Horn
中國,CON chinese 061,Chief Judge,大理,大理,筆畫1,2,59504→59504,HIP59504→HIP59504,Chief Judge I→Chief Judge I
中國,CON chinese 062,Mausoleum,大陵,大陵,筆畫1,8,11060→13531→14632→14668→14576→14354→13254→12623,HIP11060→HIP13531→HIP14632→Misam→Algol→Gorgonea Tertia→HIP13254→HIP12623,Mausoleum I→Mausoleum II→Mausoleum III→Mausoleum IV→Mausoleum V→Mausoleum VI→Mausoleum VII→Mausoleum VIII
中國,CON chinese 063,Celestial Temple,天庙,天廟,（無連線：暗星座/圖像）,0,,,
中國,CON chinese 064,Mattress of the Emperor,帝席,帝席,筆畫1,3,69226→68478→68103,HIP69226→HIP68478→HIP68103,Mattress of the Emperor I→Mattress of the Emperor II→Mattress of the Emperor III
中國,CON chinese 065,Emperor's Seat,帝座,帝座,筆畫1,2,84345→84345,Rasalgethi→Rasalgethi,Emperor's Seat→Emperor's Seat
中國,CON chinese 066,Eastern Door,东咸,東咸,筆畫1,4,80894→80569→80343→80975,HIP80894→HIP80569→HIP80343→HIP80975,Eastern Door I→Eastern Door II→Eastern Door III→Eastern Door IV
中國,CON chinese 067,Dipper for Liquids,斗,斗,筆畫1,5,80463→79492→79634→81008→81354,Cujam→HIP79492→HIP79634→HIP81008→HIP81354,Dipper for Liquids I→Dipper for Liquids II→Dipper for Liquids III→Dipper for Liquids IV→Dipper for Liquids V
中國,CON chinese 068,Trials,顿顽,頓頑,筆畫1,2,74604→75177,HIP74604→HIP75177,Trials II→Trials I
中國,CON chinese 069,Send Armed Forces To Suppress (Vassal of Three Stars),伐 (附参宿),伐 (附參宿),筆畫1,3,26237→26235→26241,Mizan Batil I→Mizan Batil II→Hatysa,Send Armed Forces To Suppress I→Send Armed Forces To Suppress II→Send Armed Forces To Suppress III
中國,CON chinese 069,Send Armed Forces To Suppress (Vassal of Three Stars),伐 (附参宿),伐 (附參宿),筆畫2,2,26237→26311,Mizan Batil I→Alnilam,Send Armed Forces To Suppress I→Three Stars II
中國,CON chinese 070,Punishment,罚,罰,筆畫1,3,79672→79005→78400,HIP79672→HIP79005→HIP78400,Punishment I→Punishment II→Punishment III
中國,CON chinese 071,Flying Fish,飞鱼,飛魚,筆畫1,2,44382→34481,HIP44382→HIP34481,Flying Fish I→Flying Fish II
中國,CON chinese 071,Flying Fish,飞鱼,飛魚,筆畫2,2,44382→41312,HIP44382→HIP41312,Flying Fish I→Flying Fish III
中國,CON chinese 071,Flying Fish,飞鱼,飛魚,筆畫3,2,44382→40817,HIP44382→HIP40817,Flying Fish I→Flying Fish IV
中國,CON chinese 071,Flying Fish,飞鱼,飛魚,筆畫4,2,44382→35228,HIP44382→HIP35228,Flying Fish I→Flying Fish V
中國,CON chinese 071,Flying Fish,飞鱼,飛魚,筆畫5,2,44382→37504,HIP44382→HIP37504,Flying Fish I→Flying Fish VI
中國,CON chinese 072,Tomb (Vassal of Rooftop),坟墓 (附危宿),墳墓 (附危宿),筆畫1,2,110960→110395,Sadaltager→Sadachbia,Tomb I→Tomb II
中國,CON chinese 072,Tomb (Vassal of Rooftop),坟墓 (附危宿),墳墓 (附危宿),筆畫2,2,110960→111497,Sadaltager→HIP111497,Tomb I→Tomb III
中國,CON chinese 072,Tomb (Vassal of Rooftop),坟墓 (附危宿),墳墓 (附危宿),筆畫3,2,110960→110672,Sadaltager→Seat,Tomb I→Tomb IV
中國,CON chinese 072,Tomb (Vassal of Rooftop),坟墓 (附危宿),墳墓 (附危宿),筆畫4,2,110960→109074,Sadaltager→Sadalmelik,Tomb I→Rooftop I
中國,CON chinese 073,Axe,鈇钺,鈇鉞,筆畫1,3,116889→117089→117629,HIP116889→HIP117089→HIP117629,Axe I→Axe II→Axe III
中國,CON chinese 074,Sickle,鈇锧,鈇鑕,筆畫1,3,6960→9347→9061,HIP6960→Al Naymat III→HIP9061,Sickle I→Sickle IV→Sickle V
中國,CON chinese 075,Basket for Mulberry Leaves,扶筐,扶筐,筆畫1,7,91755→90905→90156→92512→92997→93340→93713,HIP91755→HIP90905→HIP90156→HIP92512→HIP92997→HIP93340→HIP93713,Basket for Mulberry Leaves I→Basket for Mulberry Leaves II→Basket for Mulberry Leaves III→Basket for Mulberry Leaves IV→Basket for Mulberry Leaves V→Basket for Mulberry Leaves VI→Basket for Mulberry Leaves VII
中國,CON chinese 076,White Patched Nearby,附白,附白,筆畫1,2,17678→13244,HIP17678→HIP13244,White Patched Nearby I→White Patched Nearby II
中國,CON chinese 077,Auxiliary Road,附路,附路,筆畫1,2,2920→2920,Fulu→Fulu,Auxiliary Road→Auxiliary Road
中國,CON chinese 078,Fu Yue,傅说,傅說,筆畫1,2,87261→87261,Fuyue→Fuyue,Fu Yue→Fu Yue
中國,CON chinese 079,Roofing,盖屋,葢屋,筆畫1,2,108874→108991,Sadalmulk→HIP108991,Roofing I→Roofing II
中國,CON chinese 080,Canopy Support (Vassal of Canopy of the Emperor),杠 (附华盖),杠 (附華葢),筆畫1,9,17959→14862→9763→9802→9598→10031→9480→8016→7078,HIP17959→HIP14862→HIP9763→HIP9802→HIP9598→HIP10031→HIP9480→HIP8016→HIP7078,Canopy Support I→Canopy Support II→Canopy Support III→Canopy Support IV→Canopy Support V→Canopy Support VI→Canopy Support VII→Canopy Support VIII→Canopy Support IX
中國,CON chinese 081,Flying Corridor,阁道,閣道,筆畫1,6,11569→8886→6686→5542→3801→3504,HIP11569→Segin→Ruchbah→Marfak→HIP3801→HIP3504,Flying Corridor I→Flying Corridor II→Flying Corridor III→Flying Corridor IV→Flying Corridor V→Flying Corridor VI
中國,CON chinese 082,Celestial Lance,梗河,梗河,筆畫1,3,72105→71284→71053,Izar→HIP71284→HIP71053,Celestial Lance I→Celestial Lance II→Celestial Lance III
中國,CON chinese 083,Curved Array,勾陈,勾陳,筆畫1,6,113116→5372→11767→85822→82080→77055,HIP113116→HIP5372→Polaris→Yildun→Circitores→Akfa Farkadain,Curved Array VI→Curved Array V→Curved Array I→Curved Array II→Curved Array III→Curved Array IV
中國,CON chinese 084,Lock (Vassal of Room),钩钤 (附房宿),鈎鈴 (附房宿),筆畫1,2,78933→78990,Jabhat Acrabi I→Jabhat Acrabi II,Lock I→Lock II
中國,CON chinese 084,Lock (Vassal of Room),钩钤 (附房宿),鈎鈴 (附房宿),筆畫2,2,78933→78820,Jabhat Acrabi I→Acrab,Lock I→Room IV
中國,CON chinese 085,Dog,狗,狗,筆畫1,2,96465→95477,HIP96465→Namalsadirah III,Dog I→Dog II
中國,CON chinese 086,Territory of Dog,狗国,狗國,筆畫1,5,98066→98353→98688→98162→98066,Terebellum→Terebellum III→Terebellum IV→Terebellum II→Terebellum,Territory of Dog I→Territory of Dog II→Territory of Dog III→Territory of Dog IV→Territory of Dog I
中國,CON chinese 087,Coiled Thong,贯索,貫索,筆畫1,9,77048→76127→75695→76267→76952→77512→78159→78493→78459,HIP77048→HIP76127→Nusakan→Alphecca→HIP76952→HIP77512→HIP78159→HIP78493→HIP78459,Coiled Thong I→Coiled Thong II→Coiled Thong III→Coiled Thong IV→Coiled Thong V→Coiled Thong VI→Coiled Thong VII→Coiled Thong VIII→Coiled Thong IX
中國,CON chinese 088,Beacon Fire,爟,爟,筆畫1,4,40023→40881→41377→40240,HIP40023→Piautos→HIP41377→HIP40240,Beacon Fire I→Beacon Fire II→Beacon Fire III→Beacon Fire IV
中國,CON chinese 089,Tortoise,,龜,筆畫1,5,83153→85267→85727→82363→83081,HIP83153→HIP85267→HIP85727→HIP82363→HIP83081,Tortoise I→Tortoise II→Tortoise III→Tortoise IV→Tortoise V
中國,CON chinese 090,Sea and Mountain,海山,海山,筆畫1,4,51232→52558→56561→57363,HIP51232→HIP52558→HIP56561→HIP57363,Sea and Mountain I→—→Sea and Mountain V→Sea and Mountain VI
中國,CON chinese 091,Sea Rock,海石,海石,筆畫1,5,41037→45556→46974→47854→48002,Avior→Aspidiske→HIP46974→HIP47854→HIP48002,Sea Rock I→Sea Rock II→Sea Rock III→Sea Rock IV→Sea Rock V
中國,CON chinese 092,Military Gate,军门,軍門,（無連線：暗星座/圖像）,0,,,
中國,CON chinese 093,Drum at the River,河鼓,河鼓,筆畫1,3,98036→97649→97278,Alshain→Altair→Tarazed,Drum at the River I→Drum at the River II→Drum at the River III
中國,CON chinese 094,Crane,鹤,鶴,筆畫1,8,109268→112122→112623→112374→114996→113638→112122→114421,Alnair→Tiaki→HIP112623→HIP112374→HIP114996→HIP113638→Tiaki→HIP114421,Crane I→Crane II→Crane III→Crane IV→Crane V→Crane VI→Crane II→Crane VII
中國,CON chinese 094,Crane,鹤,鶴,筆畫2,2,112122→114131,Tiaki→HIP114131,Crane II→Crane VIII
中國,CON chinese 094,Crane,鹤,鶴,筆畫3,3,112122→112203→110936,Tiaki→HIP112203→HIP110936,Crane II→Crane IX→Crane X
中國,CON chinese 094,Crane,鹤,鶴,筆畫4,3,112122→111043→109908,Tiaki→HIP111043→HIP109908,Crane II→Crane XI→Crane XII
中國,CON chinese 095,Railings,衡,衡,筆畫1,4,67464→67472→68245→68862,HIP67464→HIP67472→HIP68245→HIP68862,Railings I→Railings II→Railings III→Railings IV
中國,CON chinese 096,Astrologer,候,候,筆畫1,2,86032→86032,Rasalhague→Rasalhague,Astrologer→Astrologer
中國,CON chinese 097,Bow and Arrow,弧矢,弧矢,筆畫1,11,34444→35904→37819→38901→38070→37229→35904→33579→32759→35264→37819,Wezen→Aludra→HIP37819→HIP38901→HIP38070→HIP37229→Aludra→Adhara→HIP32759→HIP35264→HIP37819,Bow and Arrow I→Bow and Arrow II→Bow and Arrow III→Bow and Arrow IV→Bow and Arrow V→Bow and Arrow VI→Bow and Arrow II→Bow and Arrow VII→Bow and Arrow VIII→Bow and Arrow IX→Bow and Arrow III
中國,CON chinese 098,Dipper for Solids,斛,斛,筆畫1,4,82673→83000→82402→82073,HIP82673→HIP83000→HIP82402→HIP82073,Dipper for Solids I→Dipper for Solids II→Dipper for Solids III→Dipper for Solids IV
中國,CON chinese 099,Emperor's Bodyguard,虎贲,虎賁,筆畫1,2,54951→54951,Zubrah→Zubrah,Emperor's Bodyguard→Emperor's Bodyguard
中國,CON chinese 100,Good Gourd,瓠瓜,瓠瓜,筆畫1,5,102532→101958→101769→102281→102532,Al Salib→Sualocin→Rotanev→Al Ukud→Al Salib,Good Gourd II→Good Gourd I→Good Gourd IV→Good Gourd III→Good Gourd II
中國,CON chinese 100,Good Gourd,瓠瓜,瓠瓜,筆畫2,2,101769→101589,Rotanev→HIP101589,Good Gourd IV→Good Gourd V
中國,CON chinese 101,Canopy of the Emperor,华盖,華葢,筆畫1,2,7078→7650,HIP7078→HIP7650,Canopy Support IX→Canopy of the Emperor II
中國,CON chinese 101,Canopy of the Emperor,华盖,華葢,筆畫2,2,7078→5926,HIP7078→HIP5926,Canopy Support IX→Canopy of the Emperor III
中國,CON chinese 101,Canopy of the Emperor,华盖,華葢,筆畫3,2,7078→5518,HIP7078→HIP5518,Canopy Support IX→Canopy of the Emperor IV
中國,CON chinese 101,Canopy of the Emperor,华盖,華葢,筆畫4,2,7078→6692,HIP7078→HIP6692,Canopy Support IX→Canopy of the Emperor V
中國,CON chinese 101,Canopy of the Emperor,华盖,華葢,筆畫5,2,7078→7965,HIP7078→HIP7965,Canopy Support IX→Canopy of the Emperor VI
中國,CON chinese 101,Canopy of the Emperor,华盖,華葢,筆畫6,2,7078→9009,HIP7078→HIP9009,Canopy Support IX→Canopy of the Emperor VII
中國,CON chinese 102,Eunuch Official,宦者,宦者,筆畫1,4,83430→83478→83613→84177,HIP83430→HIP83478→HIP83613→HIP84177,Eunuch Official I→Eunuch Official II→Eunuch Official III→Eunuch Official IV
中國,CON chinese 103,Firebird,火鸟,火鳥,筆畫1,10,116231→116389→116602→765→2072→2081→3245→2472→5165→6867,HIP116231→HIP116389→HIP116602→HIP765→HIP2072→Ankaa→Alrial II→HIP2472→Alrial III→Alrial V,Firebird I→Firebird II→Firebird III→Firebird IV→Firebird V→Firebird VI→Firebird VII→Firebird VIII→Firebird IX→Firebird X
中國,CON chinese 104,Cumulative Corpses,积尸,積尸,筆畫1,2,42673→42673,HIP42673→HIP42673,
中國,CON chinese 105,Heap of Corpses,积尸,積尸,筆畫1,2,13879→13879,Gorgonea Secunda→Gorgonea Secunda,Heap of Corpses→Heap of Corpses
中國,CON chinese 106,Stored water,积水,積水,筆畫1,2,19167→19167,HIP19167→HIP19167,Stored Water→Stored Water
中國,CON chinese 107,Pile of Firewood,积薪,積薪,筆畫1,2,37740→37740,HIP37740→HIP37740,Pile of Firewood→Pile of Firewood
中國,CON chinese 108,Group of Soldiers,积卒,積卒,筆畫1,2,78918→78384,HIP78918→HIP78384,Group of Soldiers I→Group of Soldiers II
中國,CON chinese 109,White Patches Attached,夹白,夾白,筆畫1,2,24372→19780,HIP24372→HIP19780,White Patches Attached I→White Patches Attached II
中國,CON chinese 110,Establishment,建,建,筆畫1,6,93085→93683→94141→94820→95168→95176,HIP93085→HIP93683→Albaldah→HIP94820→HIP95168→HIP95176,Establishment I→Establishment II→Establishment III→Establishment IV→Establishment V→Establishment VI
中國,CON chinese 111,Clepsydra Terrace,渐台,漸臺,筆畫1,4,92791→92420→93194→93903,HIP92791→Sheliak→Sulafat→HIP93903,Clepsydra Terrace I→Clepsydra Terrace II→Clepsydra Terrace III→Clepsydra Terrace IV
中國,CON chinese 112,Door Bolt,键闭,鍵閉,筆畫1,2,79374→79374,Jabbah→Jabbah,Door Bolt→Door Bolt
中國,CON chinese 113,Goldfish,金鱼,金魚,筆畫1,5,19893→21281→26069→27100→29134,HIP19893→HIP21281→HIP26069→HIP27100→HIP29134,Goldfish I→Goldfish II→Goldfish III→Goldfish IV→Goldfish V
中國,CON chinese 114,Recommending Virtuous Men,进贤,進賢,筆畫1,2,63414→63414,HIP63414→HIP63414,Recommending Virtuous Men→Recommending Virtuous Men
中國,CON chinese 115,Accumulated Water,积水,積水,筆畫1,2,35710→35710,HIP35710→HIP35710,Accumulated Water→Accumulated Water
中國,CON chinese 116,Nine Water Wells,九坎,九坎,筆畫1,2,104680→104680,HIP104680→HIP104680,
中國,CON chinese 117,Nine Senior Officers,九卿,九卿,筆畫1,3,61960→62267→61579,HIP61960→HIP62267→HIP61579,Nine Senior Officers I→Nine Senior Officers II→Nine Senior Officers III
中國,CON chinese 118,Imperial Military Flag,九斿,九斿,筆畫1,9,21515→22109→22701→23221→23231→22479→22263→21763→23474,HIP21515→HIP22109→HIP22701→HIP23221→HIP23231→HIP22479→HIP22263→HIP21763→HIP23474,Imperial Military Flag I→Imperial Military Flag II→Imperial Military Flag III→Imperial Military Flag IV→Imperial Military Flag V→Imperial Military Flag VI→Imperial Military Flag VII→Imperial Military Flag VIII→Imperial Military Flag IX
中國,CON chinese 119,Interpreters of Nine Dialects,九州殊口,九州殊口,筆畫1,6,19777→19587→20507→21444→22024→21986,HIP19777→Beid→HIP20507→HIP21444→HIP22024→HIP21986,Interpreters of Nine Dialects I→Interpreters of Nine Dialects II→Interpreters of Nine Dialects III→Interpreters of Nine Dialects IV→Interpreters of Nine Dialects V→Interpreters of Nine Dialects VI
中國,CON chinese 120,Banner of Wine Shop,酒旗,酒旗,筆畫1,3,47723→46771→46454,HIP47723→HIP46771→HIP46454,Banner of Wine Shop I→Banner of Wine Shop II→Banner of Wine Shop III
中國,CON chinese 121,Mortar,臼,臼,筆畫1,4,110371→109176→107354→107310,HIP110371→HIP109176→HIP107354→HIP107310,Mortar IV→Mortar III→Mortar II→Mortar I
中國,CON chinese 122,Rolled Tongue,卷舌,卷舌,筆畫1,6,17529→18532→18614→18246→17448→17313,HIP17529→HIP18532→Menkib→Atik→Atik→HIP17313,Rolled Tongue I→Rolled Tongue II→Rolled Tongue III→Rolled Tongue IV→Rolled Tongue V→Rolled Tongue VI
中國,CON chinese 123,Military Well,军井,軍井,筆畫1,4,24244→24327→24845→24873,HIP24244→HIP24327→HIP24845→HIP24873,Military Well I→Military Well II→Military Well III→Military Well IV
中國,CON chinese 124,Southern Military Gate,军南门,軍南門,筆畫1,2,5434→5434,HIP5434→HIP5434,Southern Military Gate→Southern Military Gate
中國,CON chinese 125,Market for Soldiers,军市,軍市,筆畫1,7,30324→31700→33092→33248→33152→31125→30324,Mirzam→HIP31700→HIP33092→HIP33248→Udra→HIP31125→Mirzam,Market for Soldiers I→Market for Soldiers II→Market for Soldiers III→Market for Soldiers IV→Market for Soldiers V→Market for Soldiers VI→Market for Soldiers I
中國,CON chinese 126,Chaff,糠,糠,筆畫1,2,85423→85423,HIP85423→HIP85423,Chaff→Chaff
中國,CON chinese 127,Boats and Lake,亢池,亢池,筆畫1,4,70027→69260→69536→69989,HIP70027→HIP69260→HIP69536→HIP69989,Boats and Lake I→Boats and Lake II→Boats and Lake III→Boats and Lake IV
中國,CON chinese 128,Peafowl,孔雀,孔雀,筆畫1,11,86929→88866→90797→92609→93015→99240→102395→91792→98495→105858→100751,HIP86929→HIP88866→HIP90797→HIP92609→HIP93015→HIP99240→HIP102395→HIP91792→HIP98495→HIP105858→Peacock,Peafowl I→Peafowl II→Peafowl III→Peafowl IV→Peafowl V→Peafowl VI→Peafowl VII→Peafowl VIII→Peafowl IX→Peafowl X→Peafowl XI
中國,CON chinese 129,Crying,哭,哭,筆畫1,2,108036→109472,HIP108036→HIP109472,Crying I→Crying II
中國,CON chinese 130,Arsenal,库楼,庫樓,筆畫1,10,68002→71352→68933→67457→65936→63945→61932→61622→60517→60823,Alnair→HIP71352→Menkent→HIP67457→HIP65936→HIP63945→Muhlifain→HIP61622→HIP60517→HIP60823,Arsenal I→Arsenal II→Arsenal III→Arsenal IV→Arsenal V→Arsenal VI→Arsenal VII→Arsenal VIII→Arsenal IX→Arsenal X
中國,CON chinese 131,Captain of the Bodyguards,郎将,郎將,筆畫1,2,62763→62763,Polaris Galacticus Borealis→Polaris Galacticus Borealis,Captain of the Bodyguards→Captain of the Bodyguards
中國,CON chinese 132,Officers of the Imperial Guard,郎位,郎位,筆畫1,14,60742→60697→60746→60904→60514→60351→61071→60941→59847→61394→61724→60957→59501→58858,Al Dafirah→HIP60697→HIP60746→HIP60904→HIP60514→HIP60351→Kissin→HIP60941→HIP59847→HIP61394→HIP61724→HIP60957→HIP59501→HIP58858,Officers of the Imperial Guard I→Officers of the Imperial Guard III→Officers of the Imperial Guard IV→Officers of the Imperial Guard V→Officers of the Imperial Guard VI→Officers of the Imperial Guard VII→Officers of the Imperial Guard VIII→Officers of the Imperial Guard IX→Officers of the Imperial Guard X→Officers of the Imperial Guard XI→Officers of the Imperial Guard XII→Officers of the Imperial Guard XIII→Officers of the Imperial Guard XIV→Officers of the Imperial Guard XV
中國,CON chinese 133,Old Man,老人,老人,筆畫1,2,30438→30438,Canopus→Canopus,Old Man→Old Man
中國,CON chinese 134,Thunder and Lightning,雷电,雷電,筆畫1,6,115919→115444→114144→112935→112447→112029,HIP115919→HIP115444→HIP114144→HIP112935→Suudalnujum→Homam,Thunder and Lightning VI→Thunder and Lightning V→Thunder and Lightning IV→Thunder and Lightning III→Thunder and Lightning II→Thunder and Lightning I
中國,CON chinese 135,Line of Ramparts,垒壁阵,壘壁陣,筆畫1,5,145→118209→154→443→145,HIP145→HIP118209→HIP154→HIP443→HIP145,Line of Ramparts X→Line of Ramparts IX→Line of Ramparts XII→Line of Ramparts XI→Line of Ramparts X
中國,CON chinese 135,Line of Ramparts,垒壁阵,壘壁陣,筆畫2,10,118209→114724→112961→111123→109139→107556→106985→106723→107188→107556,HIP118209→HIP114724→Hydor→HIP111123→HIP109139→Deneb Algedi→Nashira→HIP106723→HIP107188→Deneb Algedi,Line of Ramparts IX→Line of Ramparts VIII→Line of Ramparts VII→Line of Ramparts VI→Line of Ramparts V→Line of Ramparts IV→Line of Ramparts III→Line of Ramparts II→Line of Ramparts I→Line of Ramparts IV
中國,CON chinese 136,Resting Palace (Vassal of Encampment),离宫 (附室宿),離宮 (附室宿),筆畫1,2,112440→112748,Sadalnazi→Sadalbari,Resting Palace I→Resting Palace II
中國,CON chinese 136,Resting Palace (Vassal of Encampment),离宫 (附室宿),離宮 (附室宿),筆畫2,2,112051→112158,Sadalmatar→Matar,Resting Palace III→Resting Palace IV
中國,CON chinese 136,Resting Palace (Vassal of Encampment),离宫 (附室宿),離宮 (附室宿),筆畫3,2,115250→115623,Salm→Alkarab,Resting Palace V→Resting Palace VI
中國,CON chinese 136,Resting Palace (Vassal of Encampment),离宫 (附室宿),離宮 (附室宿),筆畫4,2,113881→112748,Scheat→Sadalbari,Encampment II→Resting Palace II
中國,CON chinese 136,Resting Palace (Vassal of Encampment),离宫 (附室宿),離宮 (附室宿),筆畫5,2,113881→112158,Scheat→Matar,Encampment II→Resting Palace IV
中國,CON chinese 136,Resting Palace (Vassal of Encampment),离宫 (附室宿),離宮 (附室宿),筆畫6,2,113881→115250,Scheat→Salm,Encampment II→Resting Palace V
中國,CON chinese 137,Jade Ornament on Ladies' Wear,离瑜,離瑜,筆畫1,2,105140→106067,HIP105140→HIP106067,Jade Ornament on Ladies' Wear II→Jade Ornament on Ladies' Wear III
中國,CON chinese 138,Pearls on Ladies' Wear,离珠,離珠,筆畫1,4,101936→101847→101692→101101,HIP101936→HIP101847→HIP101692→HIP101101,Pearls on Ladies' Wear III→Pearls on Ladies' Wear II→Pearls on Ladies' Wear I→Pearls on Ladies' Wear IV
中國,CON chinese 139,Whetstone,砺石,礪石,筆畫1,4,19205→19513→20430→20250,HIP19205→HIP19513→Alkalbain II→Alkalbain I,Whetstone I→Whetstone II→Whetstone III→Whetstone IV
中國,CON chinese 140,Jewel Market,列肆,列肆,筆畫1,2,80179→80883,HIP80179→Marfik,Jewel Market I→Jewel Market II
中國,CON chinese 141,Astronomical Observatory,灵台,靈臺,筆畫1,3,54182→53824→53807,HIP54182→HIP53824→HIP53807,Astronomical Observatory I→Astronomical Observatory II→Astronomical Observatory III
中國,CON chinese 142,Six Jia,六甲,六甲,筆畫1,6,32439→33694→39538→36547→23265→25110,HIP32439→HIP33694→HIP39538→HIP36547→HIP23265→HIP25110,Six Jia I→Six Jia II→Six Jia III→Six Jia IV→Six Jia V→Six Jia VI
中國,CON chinese 143,Network of Dykes,罗堰,羅堰,筆畫1,3,101923→101984→102487,HIP101923→HIP101984→HIP102487,Network of Dykes I→Network of Dykes II→Network of Dykes III
中國,CON chinese 144,Horse's Abdomen,马腹,馬腹,筆畫1,2,68702→68702,Hadar→Hadar,Horse's Abdomen I→Horse's Abdomen I
中國,CON chinese 145,Horse's Tail,马尾,馬尾,筆畫1,3,60710→59449→59196,HIP60710→HIP59449→HIP59196,Horse's Tail I→Horse's Tail II→Horse's Tail III
中國,CON chinese 146,Bee,蜜蜂,蜜蜂,筆畫1,2,62322→61585,HIP62322→HIP61585,Bee I→Bee III
中國,CON chinese 147,The Hall of Glory,明堂,明堂,筆畫1,3,55945→56647→56127,HIP55945→HIP56647→HIP56127,The Hall of Glory I→The Hall of Glory II→The Hall of Glory III
中國,CON chinese 148,Southern Boat,南船,南船,筆畫1,5,50371→51576→52419→50099→45238,HIP50371→HIP51576→HIP52419→HIP50099→Miaplacidus,Southern Boat I→Southern Boat II→Southern Boat III→Southern Boat IV→Southern Boat V
中國,CON chinese 149,South River,南河,南河,筆畫1,3,36041→36188→37279,HIP36041→Gomeisa→Procyon,South River I→South River II→South River III
中國,CON chinese 150,Dongou,东瓯,東甌,（無連線：暗星座/圖像）,0,,,
中國,CON chinese 151,Southern Gate,南门,南門,筆畫1,2,66657→71683,HIP66657→Alpha Centauri,Southern Gate I→Southern Gate II
中國,CON chinese 152,Inner Kitchen,内厨,內廚,筆畫1,2,62423→63076,Tianyi→Taiyi,Inner Kitchen I→Inner Kitchen II
中國,CON chinese 153,Inner Steps,内阶,內階,筆畫1,3,41704→45333→43903,Muscida→HIP45333→HIP43903,Inner Steps I→Inner Steps II→Inner Steps III
中國,CON chinese 153,Inner Steps,内阶,內階,筆畫2,3,46733→43644→45455,Alhaud IV→HIP43644→HIP45455,Inner Steps IV→Inner Steps V→Inner Steps VI
中國,CON chinese 154,High Judge,内平,內平,筆畫1,4,50218→49593→47631→48742,HIP50218→HIP49593→HIP47631→HIP48742,High Judge I→High Judge II→High Judge III→High Judge IV
中國,CON chinese 155,Inner Screen,内屏,內屏,筆畫1,4,57328→57380→58590→58948,HIP57328→HIP57380→HIP58590→HIP58948,Inner Screen I→Inner Screen II→Inner Screen III→Inner Screen IV
中國,CON chinese 156,Imperial Passageway,辇道,輦道,筆畫1,5,92862→94481→94713→95556→97295,HIP92862→Aladfar→HIP94713→HIP95556→HIP97295,Imperial Passageway I→Imperial Passageway II→Imperial Passageway III→Imperial Passageway IV→Imperial Passageway V
中國,CON chinese 157,Bird's Beak,鸟喙,鳥喙,筆畫1,7,110130→110838→118092→2484→3330→1599→118322,HIP110130→HIP110838→HIP118092→HIP2484→HIP3330→HIP1599→HIP118322,Bird's Beak I→Bird's Beak II→Bird's Beak III→Bird's Beak IV→Bird's Beak V→Bird's Beak VI→Bird's Beak VII
中國,CON chinese 158,Peasant,农丈人,農丈人,筆畫1,2,91918→91918,HIP91918→HIP91918,Peasant→Peasant
中國,CON chinese 159,Woman's Bed,女床,女床,筆畫1,3,84380→84606→85112,HIP84380→HIP84606→HIP85112,Woman's Bed I→Woman's Bed II→Woman's Bed III
中國,CON chinese 160,Female Protocol,女史,女史,筆畫1,2,87728→87728,HIP87728→HIP87728,Female Protocol→Female Protocol
中國,CON chinese 161,Thunderbolt,霹雳,霹靂,筆畫1,5,113889→114971→115830→116771→118268,Fumalsamakah→HIP114971→HIP115830→HIP116771→HIP118268,Thunderbolt I→Thunderbolt II→Thunderbolt III→Thunderbolt IV→Thunderbolt V
中國,CON chinese 162,Judging,,平,筆畫1,2,64962→68895,HIP64962→HIP68895,Judging I→Judging II
中國,CON chinese 163,Flat Road,平道,平道,筆畫1,2,64238→66803,HIP64238→HIP66803,Flat Road I→Flat Road II
中國,CON chinese 164,Screen,屏,屏,筆畫1,2,24305→23685,HIP24305→HIP23685,Screen I→Screen II
中國,CON chinese 165,Seven Excellencies,七公,七公,筆畫1,7,81497→79992→79101→77760→75973→75411→74666,HIP81497→HIP79992→HIP79101→HIP77760→HIP75973→Alkalurops→Thiba,Seven Excellencies I→Seven Excellencies II→Seven Excellencies III→Seven Excellencies IV→Seven Excellencies V→Seven Excellencies VI→Seven Excellencies VII
中國,CON chinese 166,House for Musical Instruments,器府,器府,（無連線：暗星座/圖像）,0,,,
中國,CON chinese 167,Imperial Guards,骑官,騎官,筆畫1,10,76297→75141→73334→73273→74117→75264→74911→73807→72683→71860,HIP76297→HIP75141→HIP73334→HIP73273→HIP74117→HIP75264→HIP74911→HIP73807→HIP72683→HIP71860,Imperial Guards I→Imperial Guards II→Imperial Guards III→Imperial Guards IV→Imperial Guards V→Imperial Guards VI→Imperial Guards VII→Imperial Guards VIII→Imperial Guards IX→Imperial Guards X
中國,CON chinese 168,Chariots and Cavalry General,骑阵将军,騎鎮將軍,筆畫1,2,74376→74376,HIP74376→HIP74376,Chariots and Cavalry General→Chariots and Cavalry General
中國,CON chinese 169,Weeping,泣,泣,筆畫1,2,110273→110003,HIP110273→Ancha,Weeping I→Weeping II
中國,CON chinese 170,Celestial Cereals,天稷,天稷,（無連線：暗星座/圖像）,0,,,
中國,CON chinese 171,Green Hill,青丘,青邱,筆畫1,7,57936→58158→56280→56332→56343→56452→56922,HIP57936→HIP58158→HIP56280→HIP56332→HIP56343→HIP56452→HIP56922,Green Hill I→Green Hill II→Green Hill III→Green Hill IV→Green Hill V→Green Hill VI→Green Hill VII
中國,CON chinese 172,Palace Gate,阙丘,闕丘,筆畫1,2,34724→32578,HIP34724→HIP32578,Palace Gate II→Palace Gate I
中國,CON chinese 173,Humans,人,人,筆畫1,4,106140→105502→107348→107472,HIP106140→HIP105502→HIP107348→HIP107472,Humans I→Humans II→Humans IV→Humans III
中國,CON chinese 174,Solar Star,日,日,筆畫1,2,76880→76880,HIP76880→HIP76880,Solar Star→Solar Star
中國,CON chinese 175,Three Excellencies (In Supreme Palace Enclosure),三公 (太微垣),三公 (太微垣),筆畫1,2,61968→62443,HIP61968→HIP62443,Three Excellencies (In Supreme Palace Enclosure) II→Three Excellencies (In Supreme Palace Enclosure) III
中國,CON chinese 176,Three Excellencies (In Purple Forbidden Enclosure),三公 (紫微垣),三公 (紫微垣),筆畫1,2,66234→64906,HIP66234→HIP64906,Three Excellencies (In Purple Forbidden Enclosure) II→Three Excellencies (In Purple Forbidden Enclosure) III
中國,CON chinese 177,Triangle,三角形,三角形,筆畫1,4,74946→77952→82273→74946,HIP74946→HIP77952→Atria→HIP74946,Triangle I→Triangle II→Triangle III→Triangle I
中國,CON chinese 178,Three Top Instructors,三师,三師,筆畫1,2,44390→44857,Althiba IV→Althiba V,Three Top Instructors I→Three Top Instructors III
中國,CON chinese 179,Three Steps,三台,三台,筆畫1,6,44127→44471→50372→50801→55219→55203,Talitha→Alkaphrah→Tania Borealis→Tania Australis→Alula Borealis→Alula Australis,Three Steps I→Three Steps II→Three Steps III→Three Steps IV→Three Steps V→Three Steps VI
中國,CON chinese 180,Royal Secretary,尚书,尚書,筆畫1,2,85805→80650,Adfar Aldib I→HIP80650,Royal Secretary I→Royal Secretary II
中國,CON chinese 180,Royal Secretary,尚书,尚書,筆畫2,2,85805→81660,Adfar Aldib I→HIP81660,Royal Secretary I→Royal Secretary III
中國,CON chinese 180,Royal Secretary,尚书,尚書,筆畫3,2,85805→80161,Adfar Aldib I→HIP80161,Royal Secretary I→Royal Secretary IV
中國,CON chinese 180,Royal Secretary,尚书,尚書,筆畫4,2,85805→82860,Adfar Aldib I→HIP82860,Royal Secretary I→Royal Secretary V
中國,CON chinese 181,Junior Officers,少微,少微,筆畫1,4,54347→53417→52457→52686,HIP54347→HIP53417→HIP52457→HIP52686,Junior Officers I→Junior Officers II→Junior Officers III→Junior Officers IV
中國,CON chinese 182,Snake's Abdomen,蛇腹,蛇腹,筆畫1,4,12876→12394→11001→8928,HIP12876→HIP12394→HIP11001→HIP8928,Snake's Abdomen I→Snake's Abdomen II→Snake's Abdomen III→Snake's Abdomen IV
中國,CON chinese 183,Snake's Head,蛇首,蛇首,筆畫1,2,9236→17440,HIP9236→HIP17440,Snake's Head I→Snake's Head II
中國,CON chinese 184,Snake's Tail,蛇尾,蛇尾,筆畫1,4,2021→110078→107089→104043,HIP2021→HIP110078→HIP107089→HIP104043,Snake's Tail I→Snake's Tail II→Snake's Tail III→Snake's Tail IV
中國,CON chinese 185,Changing Room (Vassal of Tail),神宫 (附尾宿),神宮 (附尾宿),筆畫1,2,82676→82676,HIP82676→HIP82676,
中國,CON chinese 186,Twelve States,十二国,十二國,筆畫1,2,104019→103703,HIP104019→HIP103703,Zhou State (In Twelve States) I→Zhou State (In Twelve States) II
中國,CON chinese 186,Twelve States,十二国,十二國,筆畫2,2,104139→105143,HIP104139→HIP105143,Qin State (In Twelve States) I→Qin State (In Twelve States) II
中國,CON chinese 186,Twelve States,十二国,十二國,筆畫3,2,105515→106568,HIP105515→HIP106568,Dai State (In Twelve States) I→Dai State (In Twelve States) II
中國,CON chinese 186,Twelve States,十二国,十二國,筆畫4,2,104429→104452,HIP104429→HIP104452,Zhao State (In Twelve States) I→Zhao State (In Twelve States) II
中國,CON chinese 187,Cross,十字架,十字架,筆畫1,2,61084→60718,Gacrux→Acrux,Cross I→Cross II
中國,CON chinese 187,Cross,十字架,十字架,筆畫2,2,62434→59747,Mimosa→Imai,Cross III→Cross IV
中國,CON chinese 188,Excrement,屎,屎,筆畫1,2,27204→27204,HIP27204→HIP27204,Excrement→Excrement
中國,CON chinese 189,Municipal Office,市楼,市樓,筆畫1,2,86284→86565,HIP86284→HIP86565,Municipal Office I→Municipal Office II
中國,CON chinese 189,Municipal Office,市楼,市樓,筆畫2,2,88404→84880,HIP88404→HIP84880,Municipal Office III→Municipal Office IV
中國,CON chinese 189,Municipal Office,市楼,市樓,筆畫3,2,85397→86768,HIP85397→HIP86768,Municipal Office V→Municipal Office VI
中國,CON chinese 190,Eunuch,势,勢,筆畫1,4,51685→51556→52638→53229,HIP51685→HIP51556→HIP52638→Praecipua,Eunuch I→Eunuch II→Eunuch III→Eunuch IV
中國,CON chinese 191,Official for Irrigation,水府,水府,筆畫1,4,29038→29426→29704→29434,HIP29038→HIP29426→HIP29704→HIP29434,Official for Irrigation I→Official for Irrigation II→Official for Irrigation III→Official for Irrigation IV
中國,CON chinese 192,Crooked Running Water,水委,水委,筆畫1,3,7588→5348→3405,Achernar→Wurren→HIP3405,Crooked Running Water I→Crooked Running Water II→Crooked Running Water III
中國,CON chinese 193,Water Level,水位,水位,筆畫1,4,36425→37921→39567→40167,HIP36425→HIP37921→HIP39567→Tegmine,Water Level I→Water Level II→Water Level III→Water Level IV
中國,CON chinese 194,Deified Judge of Right and Wrong,司非,司非,筆畫1,2,104521→104858,HIP104521→HIP104858,Deified Judge of Right and Wrong  I→Deified Judge of Right and Wrong  II
中國,CON chinese 195,Deity in Charge of Monsters,司怪,司怪,筆畫1,4,28237→28734→28716→27913,HIP28237→HIP28734→HIP28716→HIP27913,Deity in Charge of Monsters I→Deity in Charge of Monsters II→Deity in Charge of Monsters III→Deity in Charge of Monsters IV
中國,CON chinese 196,Deified Judge of Rank,司禄,司祿,筆畫1,2,107575→106944,HIP107575→HIP106944,Deified Judge of Rank I→Deified Judge of Rank II
中國,CON chinese 197,Deified Judge of Life,司命,司命,筆畫1,2,106942→107144,HIP106942→HIP107144,—→Deified Judge of Life II
中國,CON chinese 198,Deified Judge of Disaster and Good Fortune,司危,司危,筆畫1,2,105570→105413,HIP105570→HIP105413,Deified Judge of Disaster and Good Fortune I→Deified Judge of Disaster and Good Fortune II
中國,CON chinese 199,Four Channels,四渎,四瀆,筆畫1,4,34033→32533→31216→30419,HIP34033→HIP32533→HIP31216→HIP30419,Four Channels I→Four Channels II→Four Channels III→Four Channels IV
中國,CON chinese 200,Four Advisors,四辅,四輔,筆畫1,2,51502→51384,HIP51502→HIP51384,Four Advisors III→Four Advisors II
中國,CON chinese 201,Grandson,孙,孫,筆畫1,2,29807→29034,Kurud II→Elkurud,Grandson I→Grandson II
中國,CON chinese 202,Guard of the Sun,太阳守,太陽守,筆畫1,2,57399→57399,Taiyangshou→Taiyangshou,Guard of the Sun→Guard of the Sun
中國,CON chinese 203,First Great One,太乙,太乙,筆畫1,2,66798→66798,HIP66798→HIP66798,First Great One→First Great One
中國,CON chinese 204,Crown Prince,太子,太子,筆畫1,2,57565→57565,HIP57565→HIP57565,Crown Prince→Crown Prince
中國,CON chinese 205,Royals,太尊,太尊,筆畫1,2,54539→54539,HIP54539→HIP54539,Royals→Royals
中國,CON chinese 206,Flying Serpent,螣蛇,螣蛇,筆畫1,20,111169→110609→107533→107136→106886→108165→109857→110538→118243→117863→117301→115990→111674→113919→114570→115022→116584→117221→116805→116631,HIP111169→HIP110609→HIP107533→Azelfafage→HIP106886→HIP108165→HIP109857→HIP110538→HIP118243→HIP117863→HIP117301→HIP115990→HIP111674→HIP113919→HIP114570→HIP115022→HIP116584→HIP117221→HIP116805→HIP116631,Flying Serpent I→Flying Serpent II→Flying Serpent III→Flying Serpent IV→Flying Serpent VII→Flying Serpent VIII→Flying Serpent IX→Flying Serpent X→Flying Serpent XI→Flying Serpent XII→Flying Serpent XIII→Flying Serpent XIV→Flying Serpent XV→Flying Serpent XVI→Flying Serpent XVII→Flying Serpent XVIII→Flying Serpent XIX→Flying Serpent XX→Flying Serpent XXI→Flying Serpent XXII
中國,CON chinese 207,Celestial Concave,天阿,天阿,筆畫1,2,15696→15696,HIP15696→HIP15696,Celestial Concave→Celestial Concave
中國,CON chinese 208,Celestial Flail,天棓,天棓,筆畫1,5,87585→85829→85670→87833→86414,Grumium→HIP85829→Rastaban→Eltanin→HIP86414,Celestial Flail I→Celestial Flail II→Celestial Flail III→Celestial Flail IV→Celestial Flail V
中國,CON chinese 209,Market Officer,天弁,天弁,筆畫1,9,91117→91726→91845→92175→93026→93429→93805→93717→93526,HIP91117→HIP91726→HIP91845→HIP92175→HIP93026→HIP93429→Al Thalimain Prior→HIP93717→HIP93526,Market Officer I→Market Officer II→Market Officer III→Market Officer IV→Market Officer V→Market Officer VI→Market Officer VII→Market Officer VIII→Market Officer IX
中國,CON chinese 210,Square Celestial Granary,天仓,天倉,筆畫1,6,1562→5364→6537→8645→8102→9326,Deneb Kaitos Shemali→Dheneb→Al Naymat I→Baten Kaitos→Al Naymat II→HIP9326,Square Celestial Granary I→Square Celestial Granary II→Square Celestial Granary III→Square Celestial Granary IV→Square Celestial Granary V→Square Celestial Granary VI
中國,CON chinese 211,Celestial Slander,天谗,天讒,筆畫1,2,17886→17886,HIP17886→HIP17886,Celestial Slander→Celestial Slander
中國,CON chinese 212,Celestial Kitchen,天厨,天廚,筆畫1,6,94376→96100→97433→98702→98583→95081,Altais→Alsafi→Tyl→Tais II→HIP98583→Tais I,Celestial Kitchen I→Celestial Kitchen II→Celestial Kitchen III→Celestial Kitchen IV→Celestial Kitchen V→Celestial Kitchen VI
中國,CON chinese 213,Celestial Boat,天船,天船,筆畫1,9,13268→14328→15863→16826→17358→19343→19812→20156→19949,Miram→HIP14328→Mirfak→HIP16826→HIP17358→HIP19343→HIP19812→HIP20156→HIP19949,Celestial Boat I→Celestial Boat II→Celestial Boat III→Celestial Boat IV→Celestial Boat V→Celestial Boat VI→Celestial Boat VII→Celestial Boat VIII→Celestial Boat IX
中國,CON chinese 214,Celestial Bed,天床,天床,筆畫1,3,69373→74605→77277,HIP69373→HIP74605→HIP77277,Celestial Bed I→Celestial Bed II→Celestial Bed III
中國,CON chinese 214,Celestial Bed,天床,天床,筆畫2,3,79414→73199→72181,HIP79414→HIP73199→HIP72181,Celestial Bed IV→Celestial Bed V→Celestial Bed VI
中國,CON chinese 215,Great General of Heaven,天大将军,天大將軍,筆畫1,12,9640→8068→7607→6999→7719→7513→7818→9021→10064→10670→10644→9640,Almach→HIP8068→Nembus→Thail→HIP7719→Titawin→HIP7818→HIP9021→Mizan→HIP10670→HIP10644→Almach,Great General of Heaven I→Great General of Heaven II→Great General of Heaven III→Great General of Heaven IV→Great General of Heaven V→Great General of Heaven VI→Great General of Heaven VII→Great General of Heaven VIII→Great General of Heaven IX→Great General of Heaven X→Great General of Heaven XI→Great General of Heaven I
中國,CON chinese 216,Celestial Drumstick,天桴,天桴,筆畫1,4,99473→98844→97980→97804,Almizan III→HIP98844→HIP97980→Almizan II,Celestial Drumstick I→Celestial Drumstick II→Celestial Drumstick III→Celestial Drumstick IV
中國,CON chinese 217,Celestial Spokes,天辐,天輻,筆畫1,2,76470→76600,HIP76470→HIP76600,Celestial Spokes I→Celestial Spokes II
中國,CON chinese 218,Materials for Making Tents,天纲,天綱,筆畫1,2,113246→113246,HIP113246→HIP113246,Materials for Making Tents→Materials for Making Tents
中國,CON chinese 219,Celestial High Terrace,天高,天高,筆畫1,5,23497→22565→23949→24822→23497,HIP23497→HIP22565→HIP23949→HIP24822→HIP23497,Celestial High Terrace I→Celestial High Terrace II→Celestial High Terrace III→Celestial High Terrace IV→Celestial High Terrace I
中國,CON chinese 220,Celestial Hook,天钩,天鉤,筆畫1,9,102253→99731→101093→102422→105199→108917→110817→112724→115088,HIP102253→HIP99731→Al Kidr→Kabalfird→Alderamin→Kurhah→HIP110817→HIP112724→HIP115088,Celestial Hook I→Celestial Hook II→Celestial Hook III→Celestial Hook IV→Celestial Hook V→Celestial Hook VI→Celestial Hook VII→Celestial Hook VIII→Celestial Hook IX
中國,CON chinese 221,Celestial Dog,天狗,天狗,筆畫1,6,42312→42884→42515→42828→43409→43825,HIP42312→HIP42884→HIP42515→HIP42828→HIP43409→HIP43825,Celestial Dog I→Celestial Dog II→Celestial Dog IV→Celestial Dog V→Celestial Dog VI→Celestial Dog VII
中國,CON chinese 222,Celestial Pass,天关,天關,筆畫1,2,26451→26451,Tianguan→Tianguan,Celestial Pass→Celestial Pass
中國,CON chinese 223,Great Emperor of Heaven,天皇大帝,天皇大帝,筆畫1,2,109693→109693,HIP109693→HIP109693,Great Emperor of Heaven→Great Emperor of Heaven
中國,CON chinese 224,Celestial Pier,天潢,天潢,筆畫1,2,24879→25541,HIP24879→HIP25541,Celestial Pier I→Celestial Pier II
中國,CON chinese 224,Celestial Pier,天潢,天潢,筆畫2,2,24879→25292,HIP24879→Alhiba III,Celestial Pier I→Celestial Pier IV
中國,CON chinese 224,Celestial Pier,天潢,天潢,筆畫3,2,24879→24340,HIP24879→Alhiba I,Celestial Pier I→Celestial Pier V
中國,CON chinese 224,Celestial Pier,天潢,天潢,筆畫4,2,24879→24504,HIP24879→HIP24504,Celestial Pier I→Celestial Pier III
中國,CON chinese 225,Celestial Pigsty,天溷,天溷,筆畫1,4,4257→4371→3559→3455,HIP4257→Alnitham III→HIP3559→Alnitham I,Celestial Pigsty I→Celestial Pigsty II→Celestial Pigsty III→Celestial Pigsty IV
中國,CON chinese 226,Celestial Cock,天鸡,天雞,筆畫1,2,96950→97290,HIP96950→HIP97290,Celestial Cock I→Celestial Cock II
中國,CON chinese 227,Judge for Estimating the Age of Animals,天记,天記,筆畫1,2,44816→44816,Suhail→Suhail,Judge for Estimating the Age of Animals→Judge for Estimating the Age of Animals
中國,CON chinese 228,Celestial Discipline,天纪,天紀,筆畫1,8,80181→81693→83207→83313→83462→84573→86178→87808,HIP80181→HIP81693→HIP83207→HIP83313→HIP83462→HIP84573→HIP86178→HIP87808,Celestial Discipline I→Celestial Discipline II→Celestial Discipline III→Celestial Discipline IV→Celestial Discipline V→Celestial Discipline VI→Celestial Discipline VII→Celestial Discipline IX
中國,CON chinese 229,Celestial River,天江,天江,筆畫1,4,84314→84405→84970→85340,HIP84314→Guniibuu→Garafsa→HIP85340,Celestial River I→Celestial River II→Celestial River III→Celestial River IV
中國,CON chinese 230,Celestial Street,天街,天街,筆畫1,2,20641→19990,Alkalbain IV→HIP19990,Celestial Street I→Celestial Street II
中國,CON chinese 231,Celestial Tally,天节,天節,筆畫1,2,20732→21273,HIP20732→HIP21273,Celestial Tally I→Celestial Tally II
中國,CON chinese 231,Celestial Tally,天节,天節,筆畫2,7,20732→20219→20901→21589→21735→21402→20522,HIP20732→HIP20219→HIP20901→HIP21589→HIP21735→HIP21402→HIP20522,Celestial Tally I→Celestial Tally III→Celestial Tally IV→Celestial Tally V→Celestial Tally VI→Celestial Tally VII→Celestial Tally VIII
中國,CON chinese 232,Celestial Ford,天津,天津,筆畫1,10,104732→105138→104887→103413→102098→99639→97165→100453→102488→104732,Fawaris III→HIP105138→HIP104887→HIP103413→Deneb→HIP99639→Fawaris→Sadr→Aljanah→Fawaris III,Celestial Ford VIII→Celestial Ford VII→Celestial Ford VI→Celestial Ford V→Celestial Ford IV→Celestial Ford III→Celestial Ford II→Celestial Ford I→Celestial Ford IX→Celestial Ford VIII
中國,CON chinese 233,Celestial Stable,天厩,天廄,筆畫1,3,1366→1686→1473,HIP1366→HIP1686→HIP1473,Celestial Stable I→Celestial Stable II→Celestial Stable III
中國,CON chinese 234,Celestial Wolf,天狼,天狼,筆畫1,2,32349→32349,Sirius→Sirius,Celestial Wolf→Celestial Wolf
中國,CON chinese 235,Celestial Prison,天牢,天牢,筆畫1,2,53295→56034,HIP53295→HIP56034,Celestial Prison I→Celestial Prison II
中國,CON chinese 235,Celestial Prison,天牢,天牢,筆畫2,2,53721→56148,Chalawan→HIP56148,Celestial Prison III→Celestial Prison IV
中國,CON chinese 235,Celestial Prison,天牢,天牢,筆畫3,2,53838→55560,HIP53838→HIP55560,Celestial Prison V→Celestial Prison VI
中國,CON chinese 236,Celestial Ramparts,天垒城,天壘城,筆畫1,13,106786→107382→107487→107517→107527→105668→104974→103728→103640→104459→105019→105574→105761,Bunda→HIP107382→HIP107487→HIP107517→HIP107527→HIP105668→HIP104974→HIP103728→HIP103640→Albulan II→HIP105019→HIP105574→HIP105761,Celestial Ramparts I→Celestial Ramparts II→Celestial Ramparts III→Celestial Ramparts IV→Celestial Ramparts V→Celestial Ramparts VI→Celestial Ramparts VII→Celestial Ramparts VIII→Celestial Ramparts IX→Celestial Ramparts X→Celestial Ramparts XI→Celestial Ramparts XII→Celestial Ramparts XIII
中國,CON chinese 237,Judge for Nobility,天理,天理,筆畫1,5,55060→55797→58181→58259→55060,HIP55060→HIP55797→HIP58181→HIP58259→HIP55060,Judge for Nobility I→Judge for Nobility II→Judge for Nobility III→Judge for Nobility IV→Judge for Nobility I
中國,CON chinese 238,Celestial Foodstuff,天廪,天廩,筆畫1,4,16369→16322→16083→15900,HIP16369→HIP16322→HIP16083→HIP15900,Celestial Foodstuff I→Celestial Foodstuff II→Celestial Foodstuff III→Celestial Foodstuff IV
中國,CON chinese 239,Celestial Gate,天门,天門,筆畫1,2,64407→65639,HIP64407→HIP65639,Celestial Gate I→Celestial Gate II
中國,CON chinese 240,Celestial Money,天钱,天錢,筆畫1,6,108952→107608→107380→109285→109422→108952,HIP108952→HIP107608→HIP107380→HIP109285→HIP109422→HIP108952,Celestial Money I→Celestial Money II→Celestial Money III→Celestial Money IV→Celestial Money V→Celestial Money I
中國,CON chinese 241,Celestial Spear,天枪,天槍,筆畫1,3,69481→69713→70497,HIP69481→Asellus Secundus→Asellus Primus,Celestial Spear I→Celestial Spear II→Celestial Spear III
中國,CON chinese 242,Circular Celestial Granary,天囷,天囷,筆畫1,13,14135→15619→13954→12828→10324→11484→12093→12706→12387→11791→11046→10234→10305,Menkar→HIP15619→Menkar→HIP12828→Al Kaff al Jidhmah I→Al Kaff al Jidhmah II→HIP12093→Kaffaljidhma→Al Kaff al Jidhmah III→HIP11791→HIP11046→HIP10234→HIP10305,Circular Celestial Granary I→Circular Celestial Granary II→Circular Celestial Granary III→Circular Celestial Granary IV→Circular Celestial Granary V→Circular Celestial Granary VI→Circular Celestial Granary VII→Circular Celestial Granary VIII→Circular Celestial Granary IX→Circular Celestial Granary X→Circular Celestial Granary XI→Circular Celestial Granary XII→Circular Celestial Granary XIII
中國,CON chinese 243,Celestial Milk,天乳,天乳,筆畫1,2,77516→77516,HIP77516→HIP77516,Celestial Milk→Celestial Milk
中國,CON chinese 244,Celestial Earth God's Temple,天社,天社,筆畫1,5,39953→42570→42913→45941→46701,Regor→HIP42570→Alsephina→Markeb→HIP46701,Celestial Earth God's Temple I→Celestial Earth God's Temple II→Celestial Earth God's Temple III→Celestial Earth God's Temple V→Celestial Earth God's Temple VI
中國,CON chinese 245,Celestial Farmland (In Horn Mansion),天田 (角宿),天田 (角宿),筆畫1,2,68520→66200,HIP68520→HIP66200,Celestial Farmland (In Horn Mansion) II→Celestial Farmland (In Horn Mansion) I
中國,CON chinese 246,Celestial Farmland (In Ox Mansion),天田 (牛宿),天田 (牛宿),筆畫1,2,104750→102978,HIP104750→HIP102978,Celestial Farmland (In Ox Mansion) I→Celestial Farmland (In Ox Mansion) II
中國,CON chinese 246,Celestial Farmland (In Ox Mansion),天田 (牛宿),天田 (牛宿),筆畫2,3,104750→104234→102485,HIP104750→HIP104234→HIP102485,Celestial Farmland (In Ox Mansion) I→Celestial Farmland (In Ox Mansion) III→Celestial Farmland (In Ox Mansion) IV
中國,CON chinese 246,Celestial Farmland (In Ox Mansion),天田 (牛宿),天田 (牛宿),筆畫3,2,102978→102485,HIP102978→HIP102485,Celestial Farmland (In Ox Mansion) II→Celestial Farmland (In Ox Mansion) IV
中國,CON chinese 247,Celestial Premier,天相,天相,筆畫1,2,49812→50414,HIP49812→HIP50414,Celestial Premier I→Celestial Premier III
中國,CON chinese 248,Celestial Great One,天乙,天乙,筆畫1,2,67627→67627,HIP67627→HIP67627,Celestial Great One→Celestial Great One
中國,CON chinese 249,Celestial Yin Force,天阴,天陰,筆畫1,3,15737→15110→14838,HIP15737→Al Butain IV→Botein,Celestial Yin Force III→Celestial Yin Force II→Celestial Yin Force IV
中國,CON chinese 250,Ricks of Grain,天庾,天庾,筆畫1,2,11918→11918,HIP11918→HIP11918,
中國,CON chinese 251,Celestial Spring,天渊,天淵,筆畫1,3,95294→95241→95347,Arkab Posterior→Arkab Prior→Rukbat,Celestial Spring I→Celestial Spring II→Celestial Spring III
中國,CON chinese 252,Celestial Orchard,天园,天園,筆畫1,13,7083→9007→10602→11407→12413→13847→17351→17797→17874→20042→20535→21393→21248,HIP7083→HIP9007→HIP10602→HIP11407→HIP12413→Acamar→HIP17351→HIP17797→HIP17874→Beemim I→Beemim→Theemin→Beemim,Celestial Orchard I→Celestial Orchard II→Celestial Orchard III→Celestial Orchard IV→Celestial Orchard V→Celestial Orchard VI→Celestial Orchard VII→Celestial Orchard VIII→Celestial Orchard IX→Celestial Orchard X→Celestial Orchard XI→Celestial Orchard XII→Celestial Orchard XIII
中國,CON chinese 253,Celestial Meadows,天苑,天苑,筆畫1,16,18543→17593→17378→16537→15197→13701→12770→12843→13288→14146→15474→16611→17651→17717→18216→18673,Zaurak→HIP17593→Rana→Ran→Zibal→Azha→Sadr al Kaitos IV→HIP12843→Angetenar→HIP14146→HIP15474→HIP16611→HIP17651→HIP17717→HIP18216→HIP18673,Celestial Meadows I→Celestial Meadows II→Celestial Meadows III→Celestial Meadows IV→Celestial Meadows V→Celestial Meadows VI→Celestial Meadows VII→Celestial Meadows VIII→Celestial Meadows IX→Celestial Meadows X→Celestial Meadows XI→Celestial Meadows XII→Celestial Meadows XIII→Celestial Meadows XIV→Celestial Meadows XV→Celestial Meadows XVI
中國,CON chinese 254,Celestial Keyhole,天籥,天籥,筆畫1,7,87706→86736→86352→86060→85755→85783→87072,HIP87706→HIP86736→HIP86352→HIP86060→HIP85755→HIP85783→HIP87072,Celestial Keyhole I→Celestial Keyhole III→Celestial Keyhole IV→Celestial Keyhole V→Celestial Keyhole VI→Celestial Keyhole VII→Celestial Keyhole VIII
中國,CON chinese 255,Celestial Pillar,天柱,天柱,筆畫1,5,102208→104105→98401→94083→88127,HIP102208→HIP104105→HIP98401→HIP94083→HIP88127,Celestial Pillar I→Celestial Pillar II→Celestial Pillar III→Celestial Pillar IV→Celestial Pillar V
中國,CON chinese 256,Celestial Wine Cup,天樽,天罇,筆畫1,3,35846→35550→33927,HIP35846→Wasat→HIP33927,Celestial Wine Cup I→Celestial Wine Cup II→Celestial Wine Cup III
中國,CON chinese 257,Butcher's Shops,屠肆,屠肆,筆畫1,2,90139→88657,HIP90139→HIP88657,Butcher's Shops I→Butcher's Shops II
中國,CON chinese 258,Official for Earthworks and Buildings,土公,土公,筆畫1,2,194→2025,HIP194→HIP2025,Official for Earthworks and Buildings I→Official for Earthworks and Buildings II
中國,CON chinese 259,Official for Materials Supply,土公吏,土公吏,筆畫1,2,110386→110986,HIP110386→HIP110986,Official for Materials Supply I→Official for Materials Supply II
中國,CON chinese 260,Master of Constructions,土司空,土司空,筆畫1,2,3419→3419,Diphda→Diphda,Master of Constructions→Master of Constructions
中國,CON chinese 261,Outer Kitchen,外厨,外廚,筆畫1,3,41375→42835→43305,HIP41375→HIP42835→HIP43305,Outer Kitchen I→Outer Kitchen II→Outer Kitchen III
中國,CON chinese 262,Outer Fence,外屏,外屏,筆畫1,7,9487→8833→7884→7007→5737→4906→3786,Alrescha→HIP8833→HIP7884→HIP7007→Revati→HIP4906→Kuton I,Outer Fence VII→Outer Fence VI→Outer Fence V→Outer Fence IV→Outer Fence III→Outer Fence II→Outer Fence I
中國,CON chinese 263,Wang Liang,王良,王良,筆畫1,5,746→2599→3821→3179→2505,Caph→HIP2599→Achird→Shedar→HIP2505,Wang Liang I→Wang Liang II→Wang Liang III→Wang Liang IV→Wang Liang V
中國,CON chinese 264,Master of Constructions (In Legs Mansion),王良 (土司空),土司空 (奎宿),（無連線：暗星座/圖像）,0,,,
中國,CON chinese 265,Administrative Center,文昌,文昌,筆畫1,5,48319→48402→46853→44901→45493,Alhaud VI→Alhaud VII→Alhaud V→Alhaud I→Alhaud III,Administrative Center II→Administrative Center III→Administrative Center IV→Administrative Center V→Administrative Center VI
中國,CON chinese 266,Five Chariots,五车,五車,筆畫1,5,23015→24608→28360→28380→25428,Hassaleh→Capella→Menkalinan→Mahasim→Elnath,Five Chariots I→Five Chariots II→Five Chariots III→Five Chariots IV→Five Chariots V
中國,CON chinese 267,Interior Seats of the Five Emperors,五帝内座,五帝內座,筆畫1,2,14417→9727,HIP14417→HIP9727,Interior Seats of the Five Emperors I→Interior Seats of the Five Emperors II
中國,CON chinese 267,Interior Seats of the Five Emperors,五帝内座,五帝內座,筆畫2,2,14417→13055,HIP14417→HIP13055,Interior Seats of the Five Emperors I→Interior Seats of the Five Emperors III
中國,CON chinese 267,Interior Seats of the Five Emperors,五帝内座,五帝內座,筆畫3,2,14417→15547,HIP14417→HIP15547,Interior Seats of the Five Emperors I→Interior Seats of the Five Emperors IV
中國,CON chinese 267,Interior Seats of the Five Emperors,五帝内座,五帝內座,筆畫4,2,14417→19461,HIP14417→HIP19461,Interior Seats of the Five Emperors I→Interior Seats of the Five Emperors V
中國,CON chinese 268,Seats of the Five Emperors,五帝座,五帝座,筆畫1,2,57632→57646,Denebola→HIP57646,Seats of the Five Emperors I→Seats of the Five Emperors II
中國,CON chinese 268,Seats of the Five Emperors,五帝座,五帝座,筆畫2,2,57632→57320,Denebola→HIP57320,Seats of the Five Emperors I→Seats of the Five Emperors III
中國,CON chinese 268,Seats of the Five Emperors,五帝座,五帝座,筆畫3,2,57632→58159,Denebola→HIP58159,Seats of the Five Emperors I→Seats of the Five Emperors IV
中國,CON chinese 268,Seats of the Five Emperors,五帝座,五帝座,筆畫4,2,57632→57779,Denebola→HIP57779,Seats of the Five Emperors I→Seats of the Five Emperors V
中國,CON chinese 269,Five Feudal Kings,五诸侯,五諸侯,筆畫1,5,33018→34693→36046→36962→38538,HIP33018→HIP34693→HIP36046→HIP36962→HIP38538,Five Feudal Kings I→Five Feudal Kings II→Five Feudal Kings III→Five Feudal Kings IV→Five Feudal Kings V
中國,CON chinese 270,Five Lords,五诸侯,五諸侯,筆畫1,4,63948→63355→62356→59819,HIP63948→HIP63355→HIP62356→HIP59819,Five Lords I→Five Lords II→Five Lords III→Five Lords V
中國,CON chinese 271,Western Door,西咸,西咸,筆畫1,4,78727→78207→77853→77060,Grafias→HIP78207→HIP77853→HIP77060,Western Door I→Western Door II→Western Door III→Western Door IV
中國,CON chinese 272,Xi Zhong,奚仲,奚仲,筆畫1,4,94779→95853→96441→96895,Fawaris I→HIP95853→HIP96441→HIP96895,Xi Zhong I→Xi Zhong II→Xi Zhong III→Xi Zhong IV
中國,CON chinese 273,Pool of Harmony,咸池,咸池,筆畫1,3,25048→25810→24813,HIP25048→HIP25810→Alhiba II,Pool of Harmony I→Pool of Harmony II→Pool of Harmony III
中國,CON chinese 274,Prime Minister,相,相,筆畫1,2,60485→60485,HIP60485→HIP60485,Prime Minister→Prime Minister
中國,CON chinese 275,Little Dipper,小斗,小斗,筆畫1,9,60000→58484→51839→52633→46928→46107→43012→40888→36982,HIP60000→HIP58484→HIP51839→HIP52633→HIP46928→HIP46107→HIP43012→HIP40888→HIP36982,Little Dipper I→Little Dipper II→Little Dipper III→Little Dipper IV→Little Dipper V→Little Dipper VI→Little Dipper VII→Little Dipper VIII→Little Dipper IX
中國,CON chinese 276,Officer of Honour,幸臣,幸臣,筆畫1,2,58519→58519,HIP58519→HIP58519,Officer of Honour→Officer of Honour
中國,CON chinese 277,Temple,虚梁,虛梁,筆畫1,4,110023→110578→111710→113345,HIP110023→HIP110578→Situla→HIP113345,Temple I→Temple II→Temple III→Temple IV
中國,CON chinese 278,Xuanyuan,轩辕,軒轅,筆畫1,15,44248→44700→45688→45860→47617→47701→46146→46750→47908→48455→50335→50583→49583→49669→47508,HIP44248→HIP44700→HIP45688→HIP45860→HIP47617→HIP47701→Al Minlear al Asad→Alterf→Algenubi→Rasalas→Adhafera→Algieba→Al Jabhah→Regulus→Subra,Xuanyuan I→Xuanyuan II→Xuanyuan III→Xuanyuan IV→Xuanyuan V→Xuanyuan VI→Xuanyuan VII→Xuanyuan VIII→Xuanyuan IX→Xuanyuan X→Xuanyuan XI→Xuanyuan XII→Xuanyuan XIII→Xuanyuan XIV→Xuanyuan XV
中國,CON chinese 278,Xuanyuan,轩辕,軒轅,筆畫2,2,49669→51624,Regulus→HIP51624,Xuanyuan XIV→Xuanyuan XVI
中國,CON chinese 278,Xuanyuan,轩辕,軒轅,筆畫3,2,49669→49637,Regulus→HIP49637,Xuanyuan XIV→Xuanyuan XVII
中國,CON chinese 279,Sombre Lance,玄戈,元戈,筆畫1,2,69732→69732,Xuange→Xuange,Sombre Lance→Sombre Lance
中國,CON chinese 280,Battle Axe (Vassal of Well),钺 (附井宿),鉞 (附井宿),筆畫1,2,29655→29655,Propus→Propus,Battle Axe→Battle Axe
中國,CON chinese 281,Gate of Yang,阳门,陽門,筆畫1,2,71865→72010,HIP71865→HIP72010,Gate of Yang I→Gate of Yang II
中國,CON chinese 282,Wild Cockerel,野鸡,野雞,筆畫1,2,31592→31592,HIP31592→HIP31592,Wild Cockerel→Wild Cockerel
中國,CON chinese 283,Usher to the Court,谒者,謁者,筆畫1,2,60172→60172,HIP60172→HIP60172,Usher to the Court→Usher to the Court
中國,CON chinese 284,Exotic Bird,异雀,異雀,筆畫1,7,84969→84979→81852→81065→70638→80047→69896,HIP84969→HIP84979→HIP81852→HIP81065→HIP70638→HIP80047→HIP69896,Exotic Bird I→Exotic Bird II→Exotic Bird III→Exotic Bird IV→Exotic Bird V→Exotic Bird VI→Exotic Bird VII
中國,CON chinese 284,Exotic Bird,异雀,異雀,筆畫2,3,80047→72370→70248,HIP80047→HIP72370→HIP70248,Exotic Bird VI→Exotic Bird VIII→Exotic Bird IX
中國,CON chinese 285,Hidden Virtue,阴德,陰德,筆畫1,2,51734→51808,HIP51734→HIP51808,Hidden Virtue II→Hidden Virtue I
中國,CON chinese 286,Official in Charge of Pasturing,右更,右更,筆畫1,5,6706→7097→7535→8198→7710,HIP6706→Alpherg→HIP7535→Torcular→HIP7710,Official in Charge of Pasturing I→Official in Charge of Pasturing II→Official in Charge of Pasturing III→Official in Charge of Pasturing IV→Official in Charge of Pasturing V
中國,CON chinese 287,Right Flag,右旗,右旗,筆畫1,9,96229→96665→95501→95585→96468→96392→96556→96483→97928,HIP96229→HIP96665→Almizan I→HIP95585→Al Thalimain Posterior→HIP96392→HIP96556→HIP96483→HIP97928,Right Flag I→Right Flag II→Right Flag III→Right Flag IV→Right Flag V→Right Flag VI→Right Flag VII→Right Flag VIII→Right Flag IX
中國,CON chinese 288,Right Conductor,右摄提,右攝提,筆畫1,3,67927→67275→67459,Muphrid→HIP67275→HIP67459,Right Conductor I→Right Conductor II→Right Conductor III
中國,CON chinese 289,Fish,鱼,魚,筆畫1,2,87616→87616,HIP87616→HIP87616,
中國,CON chinese 290,Palace Guard,羽林军,羽林軍,筆畫1,3,108797→109332→109786,HIP108797→HIP109332→HIP109786,Palace Guard I→Palace Guard II→Palace Guard III
中國,CON chinese 290,Palace Guard,羽林军,羽林軍,筆畫2,3,110391→110529→109789,HIP110391→HIP110529→HIP109789,Palace Guard IV→Palace Guard V→Palace Guard VI
中國,CON chinese 290,Palace Guard,羽林军,羽林軍,筆畫3,3,110641→111954→112862,HIP110641→HIP111954→HIP112862,Palace Guard VII→Palace Guard VIII→Palace Guard IX
中國,CON chinese 290,Palace Guard,羽林军,羽林軍,筆畫4,3,112362→111449→112529,HIP112362→HIP111449→HIP112529,Palace Guard X→Palace Guard XI→Palace Guard XII
中國,CON chinese 290,Palace Guard,羽林军,羽林軍,筆畫5,3,112211→111539→110778,HIP112211→HIP111539→HIP110778,Palace Guard XIII→Palace Guard XIV→Palace Guard XV
中國,CON chinese 290,Palace Guard,羽林军,羽林軍,筆畫6,3,111086→110602→110179,HIP111086→HIP110602→HIP110179,Palace Guard XVI→Palace Guard XVII→Palace Guard XVIII
中國,CON chinese 290,Palace Guard,羽林军,羽林軍,筆畫7,3,111200→111843→112161,HIP111200→HIP111843→HIP112161,Palace Guard XIX→Palace Guard XX→Palace Guard XXI
中國,CON chinese 290,Palace Guard,羽林军,羽林軍,筆畫8,3,112615→113031→112716,HIP112615→HIP113031→HIP112716,Palace Guard XXII→Palace Guard XXIII→Palace Guard XXIV
中國,CON chinese 290,Palace Guard,羽林军,羽林軍,筆畫9,3,112542→113136→113148,HIP112542→Skat→HIP113148,Palace Guard XXV→Palace Guard XXVI→Palace Guard XXVII
中國,CON chinese 290,Palace Guard,羽林军,羽林軍,筆畫10,3,114341→114375→114119,HIP114341→HIP114375→HIP114119,Palace Guard XXVIII→Palace Guard XXIX→Palace Guard XXX
中國,CON chinese 290,Palace Guard,羽林军,羽林軍,筆畫11,3,116247→116118→115669,HIP116247→HIP116118→HIP115669,Palace Guard XXXI→Palace Guard XXXII→Palace Guard XXXIII
中國,CON chinese 290,Palace Guard,羽林军,羽林軍,筆畫12,3,115438→115404→115125,HIP115438→HIP115404→HIP115125,Palace Guard XXXIV→Palace Guard XXXV→Palace Guard XXXVI
中國,CON chinese 290,Palace Guard,羽林军,羽林軍,筆畫13,3,115115→115033→114855,HIP115115→HIP115033→HIP114855,Palace Guard XXXVII→Palace Guard XXXVIII→Palace Guard XXXIX
中國,CON chinese 290,Palace Guard,羽林军,羽林軍,筆畫14,3,114164→114054→113996,HIP114164→HIP114054→HIP113996,Palace Guard XL→Palace Guard XLI→Palace Guard XLII
中國,CON chinese 290,Palace Guard,羽林军,羽林軍,筆畫15,3,114939→116758→116971,HIP114939→HIP116758→HIP116971,Palace Guard XLIII→Palace Guard XLIV→Palace Guard XLV
中國,CON chinese 291,Jade Well,玉井,玉井,筆畫1,4,23972→23364→23875→24674,Kursi al Jauzah II→Kursi al Jauzah I→Cursa→HIP24674,Jade Well I→Jade Well II→Jade Well III→Three Stars Added XXXVIII
中國,CON chinese 292,Maids-in-waiting,御女,御女,筆畫1,3,94648→92112→85852,Athafi II→HIP92112→HIP85852,Maids-in-waiting I→Maids-in-waiting II→Maids-in-waiting III
中國,CON chinese 292,Maids-in-waiting,御女,御女,筆畫2,2,94648→89937,Athafi II→Alahakan,Maids-in-waiting I→Maids-in-waiting IV
中國,CON chinese 293,Lunar Star,月,月,筆畫1,2,19038→19038,HIP19038→HIP19038,Lunar Star→Lunar Star
中國,CON chinese 294,Whisper (Vassal of Net),附耳 (附毕宿),附耳 (附畢宿),筆畫1,2,21683→21683,HIP21683→HIP21683,Whisper→Whisper
中國,CON chinese 295,Cloud and Rain,云雨,雲雨,筆畫1,4,115738→115951→117491→116928,HIP115738→HIP115951→HIP117491→HIP116928,Cloud and Rain I→Cloud and Rain II→Cloud and Rain III→Cloud and Rain IV
中國,CON chinese 296,Zaofu,造父,造父,筆畫1,5,110991→109492→109556→107259→107418,HIP110991→HIP109492→HIP109556→The Garnet Star→Castula,Zaofu I→Zaofu II→Zaofu III→Zaofu IV→Zaofu V
中國,CON chinese 297,Long Wall,长垣,長垣,筆畫1,4,51585→52689→52911→51775,HIP51585→HIP52689→HIP52911→HIP51775,Long Wall I→Long Wall II→Long Wall III→Long Wall IV
中國,CON chinese 298,Grandfather,丈人,丈人,筆畫1,2,26634→25859,Phact→HIP25859,Grandfather I→Grandfather II
中國,CON chinese 299,Twinkling Indicator,招摇,招搖,筆畫1,2,71075→71075,Seginus→Seginus,Twinkling Indicator→Twinkling Indicator
中國,CON chinese 300,Assistant (Vassal of Northern Dipper),辅 (附北斗),輔 (附北斗),筆畫1,2,65477→65477,Alcor→Alcor,Assistant→Assistant
中國,CON chinese 301,Executions,折威,折威,筆畫1,5,69415→71652→71974→72929→73714,HIP69415→HIP71652→HIP71974→HIP72929→Brachium,Executions I→Executions III→Executions IV→Executions VI→Executions VII
中國,CON chinese 302,Battle Chariots,阵车,陣車,筆畫1,3,72571→73566→74857,HIP72571→HIP73566→HIP74857,Battle Chariots I→Battle Chariots II→Battle Chariots III
中國,CON chinese 303,Right linchpin (Vassal of Chariot),右辖 (附轸宿),右轄 (附軫宿),筆畫1,2,59199→59199,Alchiba→Alchiba,Right linchpin→Right linchpin
中國,CON chinese 304,Weaving Girl,织女,織女,筆畫1,3,91919→91262→91971,Double Double I→Vega→Nasr Alwaki I,Weaving Girl II→Weaving Girl I→Weaving Girl III
中國,CON chinese 305,Left linchpin (Vassal of Chariot),左辖 (附轸宿),左轄 (附軫宿),筆畫1,2,61174→61174,HIP61174→HIP61174,Left linchpin→Left linchpin
中國,CON chinese 306,Tripod of the Zhou,周鼎,周鼎,筆畫1,3,64394→63462→64022,HIP64394→HIP63462→HIP64022,Tripod of the Zhou I→Tripod of the Zhou II→Tripod of the Zhou III
中國,CON chinese 307,Feudal Kings,诸王,諸王,筆畫1,6,27830→26640→25695→23900→23068→21881,HIP27830→HIP26640→HIP25695→HIP23900→HIP23068→HIP21881,Feudal Kings I→Feudal Kings II→Feudal Kings III→Feudal Kings IV→Feudal Kings V→Feudal Kings VI
中國,CON chinese 308,Pillars (In Net Mansion),柱 (毕宿),柱 (畢宿),筆畫1,4,23416→23453→23767→23416,Almaaz→Saclateni→Haedus→Almaaz,Pillars (In Net Mansion) I→Pillars (In Net Mansion) II→Pillars (In Net Mansion) III→Pillars (In Net Mansion) I
中國,CON chinese 308,Pillars (In Net Mansion),柱 (毕宿),柱 (畢宿),筆畫2,4,27639→27673→27483→27639,HIP27639→HIP27673→HIP27483→HIP27639,Pillars (In Net Mansion) IV→Pillars (In Net Mansion) V→Pillars (In Net Mansion) VI→Pillars (In Net Mansion) IV
中國,CON chinese 308,Pillars (In Net Mansion),柱 (毕宿),柱 (畢宿),筆畫3,2,25984→26536,HIP25984→HIP26536,Pillars (In Net Mansion) VII→Pillars (In Net Mansion) VIII
中國,CON chinese 309,Pillars (In Horn Mansion),柱 (角宿),柱 (角宿),筆畫1,2,70300→70090,Bidelman's Helium Variable Star→HIP70090,Pillars (In Horn Mansion) V→Pillars (In Horn Mansion) VI
中國,CON chinese 309,Pillars (In Horn Mansion),柱 (角宿),柱 (角宿),筆畫2,2,68523→68282,HIP68523→HIP68282,Pillars (In Horn Mansion) I→Pillars (In Horn Mansion) II
中國,CON chinese 309,Pillars (In Horn Mansion),柱 (角宿),柱 (角宿),筆畫3,2,69996→70574,HIP69996→HIP70574,Pillars (In Horn Mansion) III→Pillars (In Horn Mansion) IV
中國,CON chinese 309,Pillars (In Horn Mansion),柱 (角宿),柱 (角宿),筆畫4,3,67786→67669→67153,HIP67786→HIP67669→HIP67153,Pillars (In Horn Mansion) VII→Pillars (In Horn Mansion) VIII→Pillars (In Horn Mansion) IX
中國,CON chinese 309,Pillars (In Horn Mansion),柱 (角宿),柱 (角宿),筆畫5,2,65109→65109,HIP65109→HIP65109,Pillars (In Horn Mansion) XI→Pillars (In Horn Mansion) XI
中國,CON chinese 310,Official of Royal Archives,柱史,柱史,筆畫1,2,89908→89908,Aldhiba→Aldhiba,Official of Royal Archives→Official of Royal Archives
中國,CON chinese 311,Son,子,子,筆畫1,2,27810→27628,HIP27810→Wazn,Son I→Son II
中國,CON chinese 312,Patriarchal Clan,宗,宗,筆畫1,2,92043→92161,HIP92043→HIP92161,Patriarchal Clan I→Patriarchal Clan II
中國,CON chinese 313,Official of Religious Ceremonies,宗人,宗人,筆畫1,4,88149→88192→88290→88601,HIP88149→HIP88192→HIP88290→HIP88601,Official of Religious Ceremonies I→Official of Religious Ceremonies II→Official of Religious Ceremonies III→Official of Religious Ceremonies IV
中國,CON chinese 314,Official for the Royal Clan,宗正,宗正,筆畫1,2,86742→87108,Cebalrai→Muliphen,Official for the Royal Clan I→Official for the Royal Clan II
中國,CON chinese 315,Official in Charge of the Forest,左更,左更,筆畫1,5,12332→12640→12803→13327→13165,HIP12332→Koleon→HIP12803→HIP13327→HIP13165,Official in Charge of the Forest I→Official in Charge of the Forest II→Official in Charge of the Forest III→Official in Charge of the Forest IV→Official in Charge of the Forest V
中國,CON chinese 316,Left Flag,左旗,左旗,筆畫1,9,96757→96837→97365→97496→98337→98438→98234→98754→99742,Sham→HIP96837→HIP97365→HIP97496→HIP98337→HIP98438→HIP98234→HIP98754→HIP99742,Left Flag I→Left Flag II→Left Flag III→Left Flag IV→Left Flag V→Left Flag VI→Left Flag VII→Left Flag VIII→Left Flag IX
中國,CON chinese 317,Left Conductor,左摄提,左攝提,筆畫1,3,72125→71762→71795,HIP72125→HIP71762→HIP71795,Left Conductor I→Left Conductor II→Left Conductor III
中國,CON chinese 318,Seat Flags,座旗,座旗,筆畫1,9,32562→33485→32173→32480→31832→32844→31789→31771→33041,Dolones VI→Dolones X→Dolones IV→HIP32480→Dolones III→Dolones VII→Dolones II→HIP31771→HIP33041,Seat Flags I→Seat Flags II→Seat Flags III→Seat Flags IV→Seat Flags V→Seat Flags VI→Seat Flags VII→Seat Flags VIII→Seat Flags IX
埃及,CON egyptian 001,Bull's Foreleg,,公牛的前肢,筆畫1,8,67301→65378→62956→59774→54061→53910→58001→59774,Alkaid→Mizar→Alioth→Megrez→Dubhe→Merak→Phecda→Megrez,
埃及,CON egyptian 002,Two Poles,,二竿柱,筆畫1,4,68756→75097→72607→99255,Thuban→Pherkad→Kochab→Al Aghnam I,
埃及,CON egyptian 002,Two Poles,,二竿柱,筆畫2,2,72607→68756,Kochab→Thuban,
埃及,CON egyptian 002,Two Poles,,二竿柱,筆畫3,5,94376→75458→78527→80331→83895,Altais→Edasich→HIP78527→Athebyne→Aldhibah,
埃及,CON egyptian 003,Lion,,獅子,筆畫1,8,57632→54872→53954→49583→50583→50335→48455→47908,Denebola→Zosma→HIP53954→Al Jabhah→Algieba→Adhafera→Rasalas→Algenubi,
埃及,CON egyptian 003,Lion,,獅子,筆畫2,3,49583→49669→47508,Al Jabhah→Regulus→Subra,
埃及,CON egyptian 003,Lion,,獅子,筆畫3,3,49669→54879→54872,Regulus→Chertan→Zosma,
埃及,CON egyptian 004,Two Jaws,,雙下巴,筆畫1,5,8886→6686→4427→3179→746,Segin→Ruchbah→Navi→Shedar→Caph,
埃及,CON egyptian 005,Sah,,沙 (眾神之父),筆畫1,4,27072→28103→29651→30867,Kursi al Jabbar→HIP28103→HIP29651→HIP30867,
埃及,CON egyptian 005,Sah,,沙 (眾神之父),筆畫2,9,28103→27366→26234→26727→27989→26594→25930→26311→26727,HIP28103→Saiph→HIP26234→Alnitak→Betelgeuse→HIP26594→Mintaka→Alnilam→Alnitak,
埃及,CON egyptian 005,Sah,,沙 (眾神之父),筆畫3,8,25930→25281→25247→24436→23875→22797→22549→22449,Mintaka→Saif al Jabbar→HIP25247→Rigel→Cursa→Al Taj III→Al Taj II→Tabit,
埃及,CON egyptian 005,Sah,,沙 (眾神之父),筆畫4,6,23875→24244→24327→24305→23685→21393,Cursa→HIP24244→HIP24327→HIP24305→HIP23685→Theemin,
埃及,CON egyptian 005,Sah,,沙 (眾神之父),筆畫5,2,24305→25985,HIP24305→Arneb,
埃及,CON egyptian 005,Sah,,沙 (眾神之父),筆畫6,2,23685→25606,HIP23685→Nihal,
埃及,CON egyptian 005,Sah,,沙 (眾神之父),筆畫7,4,25859→25606→25985→27366,HIP25859→Nihal→Arneb→Saiph,
埃及,CON egyptian 006,Bird,,鳥,筆畫1,15,8796→10064→14668→12777→13268→15863→19167→19812→17271→18614→17467→14576→13254→10670→8796,Mothallah→Mizan→Misam→HIP12777→Miram→Mirfak→HIP19167→HIP19812→HIP17271→Menkib→HIP17467→Algol→HIP13254→HIP10670→Mothallah,
埃及,CON egyptian 007,Sek,,Sek,筆畫1,13,40526→44659→45336→47431→55282→55705→56343→54204→51069→48356→46390→42402→40526,Tarf→HIP44659→HIP45336→Ukdah→HIP55282→HIP55705→HIP56343→HIP54204→HIP51069→Zhang→Alphard→Minchir→Tarf,
埃及,CON egyptian 008,Triangle,,三角形,筆畫1,4,33160→32349→34045→33160,HIP33160→Sirius→Muliphein→HIP33160,—→Sirius→—→—
埃及,CON egyptian 009,Ferry Boat,,渡輪,筆畫1,2,39429→39953,Naos→Regor,
埃及,CON egyptian 010,Boat,,天船,筆畫1,2,107128→105515,HIP107128→HIP105515,
埃及,CON egyptian 010,Boat,,天船,筆畫2,3,105668→104459→103398,HIP105668→Albulan II→HIP103398,
埃及,CON egyptian 010,Boat,,天船,筆畫3,9,107556→106985→106039→105881→104234→102978→102485→100345→100064,Deneb Algedi→Nashira→HIP106039→HIP105881→HIP104234→HIP102978→HIP102485→Dabih→Algedi,
埃及,CON egyptian 011,Crocodile,,鱷魚,筆畫1,11,89826→88794→86974→85693→84379→80816→77450→76852→78554→86399→89826,HIP89826→HIP88794→HIP86974→Maasym→Sarin→Kornephoros→Gudja→HIP76852→HIP78554→HIP86399→HIP89826,
埃及,CON egyptian 012,Selkis,,賽爾凱斯 (蠍子女神),筆畫1,6,72622→65474→61941→56647→55434→57380,Zubenelgenubi II→Spica→Porrima→HIP56647→HIP55434→HIP57380,
埃及,CON egyptian 012,Selkis,,賽爾凱斯 (蠍子女神),筆畫2,3,61941→63090→63608,Porrima→Minelauva→Vindemiatrix,
埃及,CON egyptian 012,Selkis,,賽爾凱斯 (蠍子女神),筆畫3,3,63090→66249→65474,Minelauva→Heze→Spica,
埃及,CON egyptian 012,Selkis,,賽爾凱斯 (蠍子女神),筆畫4,2,66249→72220,Heze→HIP72220,
埃及,CON egyptian 013,Prow,,船首,筆畫1,3,78820→78401→78265,Acrab→Dschubba→Fang,
埃及,CON egyptian 013,Prow,,船首,筆畫2,9,78401→80112→80763→82396→82729→84143→86228→85927→86670,Dschubba→Alniyat→Antares→Larawag→HIP82729→HIP84143→Sargas→Shaula→Mula,
埃及,CON egyptian 014,Horus,,荷魯斯 (天空之神),筆畫1,11,64394→60742→55219→53229→51233→50801→50372→54539→57399→61317→63125,HIP64394→Al Dafirah→Alula Borealis→Praecipua→HIP51233→Tania Australis→Tania Borealis→HIP54539→Taiyangshou→Chara→Cor Caroli,
埃及,CON egyptian 014,Horus,,荷魯斯 (天空之神),筆畫2,2,54539→55219,HIP54539→Alula Borealis,
埃及,CON egyptian 014,Horus,,荷魯斯 (天空之神),筆畫3,5,51233→49593→45860→46146→43103,HIP51233→HIP49593→HIP45860→Al Minlear al Asad→Zubanah,
埃及,CON egyptian 014,Horus,,荷魯斯 (天空之神),筆畫4,6,45860→44700→44248→43531→44127→46853,HIP45860→HIP44700→HIP44248→HIP43531→Talitha→Alhaud V,
埃及,CON egyptian 014,Horus,,荷魯斯 (天空之神),筆畫5,2,44248→50372,HIP44248→Tania Borealis,
埃及,CON egyptian 015,Sheepfold,,羊欄,筆畫1,5,12828→11484→12706→14135→12828,HIP12828→Al Kaff al Jidhmah II→Kaffaljidhma→Menkar→HIP12828,
埃及,CON egyptian 016,Giant,,巨人,筆畫1,12,111944→111104→109410→107354→109176→113881→115623→677→1067→116771→113963→113881,HIP111944→HIP111104→HIP109410→HIP107354→HIP109176→Scheat→Alkarab→Alpheratz→Algenib→HIP116771→Markab→Scheat,
埃及,CON egyptian 016,Giant,,巨人,筆畫2,9,107354→107348→105502→103527→101769→101958→102532→102281→101769,HIP107354→HIP107348→HIP105502→Musica→Rotanev→Sualocin→Al Salib→Al Ukud→Rotanev,
埃及,CON egyptian 016,Giant,,巨人,筆畫3,8,103527→103571→104987→107315→109427→111497→110395→106278,Musica→HIP103571→Kitalpha→Enif→Biham→HIP111497→Sadachbia→Sadalsuud,
埃及,CON egyptian 016,Giant,,巨人,筆畫4,4,109427→112029→112447→113963,Biham→Homam→Suudalnujum→Markab,
埃及,CON egyptian 016,Giant,,巨人,筆畫5,3,103512→97649→97278,HIP103512→Altair→Tarazed,
埃及,CON egyptian 017,Hippopotamus,,河馬,筆畫1,2,92420→91262,Sheliak→Vega,
埃及,CON egyptian 017,Hippopotamus,,河馬,筆畫2,20,92420→92791→91971→91262→87563→87808→83207→81693→78159→76952→76267→72659→72105→71075→73555→76041→82321→85670→87833→87563,Sheliak→HIP92791→Nasr Alwaki I→Vega→HIP87563→HIP87808→HIP83207→HIP81693→HIP78159→HIP76952→Alphecca→HIP72659→Izar→Seginus→Nekkar→HIP76041→HIP82321→Rastaban→Eltanin→HIP87563,
埃及,CON egyptian 018,Flock,,羊群,筆畫1,4,17851→17847→17702→17851,Pleione→Atlas→Alcyone→Pleione,
埃及,CON egyptian 018,Flock,,羊群,筆畫2,5,17702→17531→17499→17608→17702,Alcyone→Taygeta→Electra→Merope→Alcyone,
埃及,CON egyptian 019,Pair of Stars,,一對星星,筆畫1,2,37826→36850,Pollux→Castor,
埃及,CON egyptian 020,Khanuwy Fish,,Khanuwy 魚,筆畫1,2,95241→98032,Arkab Prior→HIP98032,
埃及,CON egyptian 020,Khanuwy Fish,,Khanuwy 魚,筆畫2,2,95347→97749,Rukbat→HIP97749,
埃及,CON egyptian 021,Net,,畢宿,筆畫1,5,93174→93825→94114→94160→93542,HIP93174→HIP93825→Meridiana→HIP94160→HIP93542,
埃及,CON egyptian 022,Jaw,,下巴,筆畫1,5,20889→20455→20205→20894→21421,Ain→Secunda Hyadum→Prima Hyadum→Chamukuy→Aldebaran,
埃及,CON egyptian 023,Mooring Post,,停泊站,筆畫1,4,69673→67927→67301→69673,Arcturus→Muphrid→Alkaid→Arcturus,
埃及,CON egyptian 024,Kenemet,,Kenemet,筆畫1,5,34444→32349→30324→33579→34444,Wezen→Sirius→Mirzam→Adhara→Wezen,—→Sirius→—→—→—
埃及,CON egyptian 025,Chematy,,Chematy,筆畫1,5,45941→42913→41037→45556→45941,Markeb→Alsephina→Avior→Aspidiske→Markeb,
埃及,CON egyptian 026,Waty Bekety,,Waty Bekety,筆畫1,5,61084→59747→60718→62434→61084,Gacrux→Imai→Acrux→Mimosa→Gacrux,
埃及,CON egyptian 027,Sheep,,羊,筆畫1,5,108085→109268→112623→110997→108085,Aldhanab→Alnair→HIP112623→HIP110997→Aldhanab,
埃及,CON egyptian 028,Stars of Water,,水的星星,筆畫1,5,42628→42201→42133→42673→42628,HIP42628→HIP42201→HIP42133→HIP42673→HIP42628,
夏威夷星線,CON hawaiian_starlines KOM,The Canoe Bailer of Makali`i,Ke Ka o Makali’i,Makali`i 的獨木舟汲水器,筆畫1,10,32349→37279→37826→36850→28360→28380→25428→23015→24608→28360,Sirius→Procyon→Pollux→Castor→Menkalinan→Mahasim→Elnath→Hassaleh→Capella→Menkalinan,A‘a→Puana→Nana-hope→Nana-mua→‘Ekekeu’ena’ena→‘Ekekeuehuehu→‘Ekekeuhe’ehe’e→‘Ekekeukolokolo→Hokulei→‘Ekekeu’ena’ena
夏威夷星線,CON hawaiian_starlines KOM,The Canoe Bailer of Makali`i,Ke Ka o Makali’i,Makali`i 的獨木舟汲水器,筆畫2,3,32349→30324→30438,Sirius→Mirzam→Canopus,A‘a→Mirzim→Ke ali'i o kona i ka lewa
夏威夷星線,CON hawaiian_starlines KHK,The Cat's Cradle,Ka Hei-Hei o Na Keiki,貓的搖籃,筆畫1,7,27989→26727→27366→24436→25930→25336→27989,Betelgeuse→Alnitak→Saiph→Rigel→Mintaka→Bellatrix→Betelgeuse,Kaulua-koko→Alnitak→Pu‘uhonua→Puana-kau→Mintaka→Bellatrix→Kaulua-koko
夏威夷星線,CON hawaiian_starlines KHK,The Cat's Cradle,Ka Hei-Hei o Na Keiki,貓的搖籃,筆畫2,3,26727→26311→25930,Alnitak→Alnilam→Mintaka,Alnitak→Alnilam→Mintaka
夏威夷星線,CON hawaiian_starlines MAK,The Chief's Eyes,Makali`i,酋長之眼,筆畫1,2,17499→17489,Electra→Celaeno,
夏威夷星線,CON hawaiian_starlines MEE,Voice of Joy,Me`e,樂聲,筆畫1,5,60965→59803→59316→61359→60965,Algorab→Gienah→Minkar→Kraz→Algorab,
夏威夷星線,CON hawaiian_starlines NAH,The Seven,Na Hiku,七者,筆畫1,8,67301→65378→62956→59774→54061→53910→58001→59774,Alkaid→Mizar→Alioth→Megrez→Dubhe→Merak→Phecda→Megrez,Hiku-pau→Hiku-ono→Hiku-lima→Hiku-ha→Hiku-kahi→Hiku-lua→Hiku-kolu→Hiku-ha
夏威夷星線,CON hawaiian_starlines IWI,The Backbone,Ka Iwikuamo’o,脊椎,筆畫1,2,11767→54061,Polaris→Dubhe,Hokupa‘a→Hiku-kahi
夏威夷星線,CON hawaiian_starlines IWI,The Backbone,Ka Iwikuamo’o,脊椎,筆畫2,3,67301→69673→65474,Alkaid→Arcturus→Spica,Hiku-pau→Hokule‘a→Hiki-analia
夏威夷星線,CON hawaiian_starlines IWI,The Backbone,Ka Iwikuamo’o,脊椎,筆畫3,2,60965→65474,Algorab→Spica,—→Hiki-analia
夏威夷星線,CON hawaiian_starlines IWI,The Backbone,Ka Iwikuamo’o,脊椎,筆畫4,2,60221→61084,HIP60221→Gacrux,—→Kaulia
夏威夷星線,CON hawaiian_starlines MAN,The Chief's Fishline,Manaiakalani,酋長的釣線,筆畫1,12,85927→86670→87073→86228→84143→82671→82514→82396→81266→80763→80112→78401,Shaula→Mula→Girtab→Sargas→HIP84143→HIP82671→Xamidimura→Larawag→Paikauhale→Antares→Alniyat→Dschubba,Ka Maka→Ka‘ielawei‘a→Kawilikolokio→‘Ohelowaha→‘Oheloawa→—→‘Ohelokoko→‘Ohelokulu→Kawelaokapo→Lehua-Kona→Hihiwai→Mili’opu
夏威夷星線,CON hawaiian_starlines MAN,The Chief's Fishline,Manaiakalani,酋長的釣線,筆畫2,3,78820→78401→78265,Acrab→Dschubba→Fang,Pua‘i→Mili’opu→Kahe
夏威夷星線,CON hawaiian_starlines NAV,Navigator's Triangle,,引航三角,筆畫1,4,102098→97649→91262→102098,Deneb→Altair→Vega→Deneb,Hawaiki→Humu→Keoe→Hawaiki
夏威夷星線,CON hawaiian_starlines NAV,Navigator's Triangle,,引航三角,筆畫2,6,95947→97165→100453→102488→102098→100453,Albireo→Fawaris→Sadr→Aljanah→Deneb→Sadr,Kalipo‘eu‘eu→Mokopapa‘i→Momonapikowalu→Wainielela→Hawaiki→Momonapikowalu
夏威夷星線,CON hawaiian_starlines LUP,Kite of Kawelo,Ka Lupe o Kawelo,卡威羅之鳶,筆畫1,5,677→113881→113963→1067→677,Alpheratz→Scheat→Markab→Algenib→Alpheratz,Manokalanipo→Kakuhihewa→Keawe→Pi‘ilani→Manokalanipo
夏威夷星線,CON hawaiian_starlines LUP,Kite of Kawelo,Ka Lupe o Kawelo,卡威羅之鳶,筆畫2,2,113368→113963,Fomalhaut→Markab,Kukaniloko→Keawe
夏威夷星線,CON hawaiian_starlines LUP,Kite of Kawelo,Ka Lupe o Kawelo,卡威羅之鳶,筆畫3,2,746→677,Caph→Alpheratz,Kealohalani-po-keao→Manokalanipo
夏威夷星線,CON hawaiian_starlines LUP,Kite of Kawelo,Ka Lupe o Kawelo,卡威羅之鳶,筆畫4,2,3419→2081,Diphda→Ankaa,Pi‘ikea→Kaikilani
夏威夷星線,CON hawaiian_starlines LUP,Kite of Kawelo,Ka Lupe o Kawelo,卡威羅之鳶,筆畫5,2,1067→3419,Algenib→Diphda,Pi‘ilani→Pi‘ikea
夏威夷星線,CON hawaiian_starlines LUP,Kite of Kawelo,Ka Lupe o Kawelo,卡威羅之鳶,筆畫6,2,113881→112731,Scheat→HIP112731,Kakuhihewa→—
夏威夷星線,CON hawaiian_starlines IWA,Chief Frigate Bird,`Iwa Keli`i,軍艦鳥首,筆畫1,5,8886→6686→4427→3179→746,Segin→Ruchbah→Navi→Shedar→Caph,Haumea→Kapalinihinihi-o-keao→Kaheihiwahiwa-o-keao→Kamoanalipoli-po-keao→Kealohalani-po-keao
夏威夷星線,CON hawaiian_starlines HAN,Cared for by Moon,Hanaiakamalama,月眷之佑,筆畫1,2,61084→60718,Gacrux→Acrux,Kaulia→Ka Mole Honua
夏威夷星線,CON hawaiian_starlines HAN,Cared for by Moon,Hanaiakamalama,月眷之佑,筆畫2,2,62434→59747,Mimosa→Imai,
夏威夷星線,CON hawaiian_starlines NAK,The Pointers,Nakuhikuhi,指針,筆畫1,2,71683→68702,Alpha Centauri→Hadar,Ka-maile-hope→Ka-maile-mua
夏威夷星線,CON hawaiian_starlines KAO,Leo,Ka`ohiweliweli,獅子座,筆畫1,9,57632→54872→54879→49669→49583→50583→50335→48455→47908,Denebola→Zosma→Chertan→Regulus→Al Jabhah→Algieba→Adhafera→Rasalas→Algenubi,
夏威夷星線,CON hawaiian_starlines KAO,Leo,Ka`ohiweliweli,獅子座,筆畫2,2,57632→54879,Denebola→Chertan,
印度吠陀,CON indian N01,Twin physicians of Gods,,阿說你（婁宿）,筆畫1,2,8832→8903,Mesarthim→Sheratan,
印度吠陀,CON indian N02,She who bears,,跋賴你（胃宿）,筆畫1,3,12719→13061→13209,Barani II→Lilii Borea→Bharani,
印度吠陀,CON indian N03,Nurses of kartiikeya,,基栗底柯（昴宿）,筆畫1,8,17851→17847→17702→17608→17499→17531→17573→17579,Pleione→Atlas→Alcyone→Merope→Electra→Taygeta→Maia→Asterope,
印度吠陀,CON indian N04,The spirited one,,虜喜尼（畢宿）,筆畫1,2,21421→21421,Aldebaran→Aldebaran,
印度吠陀,CON indian N05,The deer's head,,摩梨伽尸羅（觜宿）,筆畫1,3,26207→26176→26366,Meissa→Heka→HIP26366,
印度吠陀,CON indian N06,The moist one,,阿陀羅（參宿）,筆畫1,2,27989→27989,Betelgeuse→Betelgeuse,
印度吠陀,CON indian N07,The restorers of goods,, 不奈婆修（井宿）,筆畫1,2,36850→37826,Castor→Pollux,
印度吠陀,CON indian N08,The nourisher,,弗沙（鬼宿）,筆畫1,2,42911→41822,Asellus Australis→HIP41822,
印度吠陀,CON indian N09,The embrace,,阿沙離沙（柳宿）,筆畫1,5,43109→42313→42402→42799→43234,Ashlesha→Minazal I→Minchir→Minazal II→Minazal IV,
印度吠陀,CON indian N10,The bountiful one,,摩伽（星宿）,筆畫1,2,49669→49669,Regulus→Regulus,
印度吠陀,CON indian N11,The former red one,,弗婆頗求尼（張宿）,筆畫1,2,54872→54879,Zosma→Chertan,
印度吠陀,CON indian N12,The latter red one,,郁多羅頗求尼（翼宿）,筆畫1,2,57632→57632,Denebola→Denebola,
印度吠陀,CON indian N13,The hand,,訶莎多（軫宿）,筆畫1,2,60965→61359,Algorab→Kraz,
印度吠陀,CON indian N13,The hand,,訶莎多（軫宿）,筆畫2,4,60965→59803→59316→59199,Algorab→Gienah→Minkar→Alchiba,
印度吠陀,CON indian N13,The hand,,訶莎多（軫宿）,筆畫3,2,59316→61359,Minkar→Kraz,
印度吠陀,CON indian N14,The bright one,,質多羅（角宿）,筆畫1,2,65474→65474,Spica→Spica,
印度吠陀,CON indian N15,The honest one,,莎底（亢宿）,筆畫1,2,69673→69673,Arcturus→Arcturus,
印度吠陀,CON indian N16,The gifted one,,毗釋珂（氐宿）,筆畫1,3,76333→74785→72622,Zubenelhakrabi→Zubeneschamali→Zubenelgenubi II,
印度吠陀,CON indian N16,The gifted one,,毗釋珂（氐宿）,筆畫2,2,74785→74392,Zubeneschamali→HIP74392,
印度吠陀,CON indian N17,Followers of Radha,,阿奴羅陀（房宿）,筆畫1,3,78820→78401→78265,Acrab→Dschubba→Fang,
印度吠陀,CON indian N18,The eldest one,, 折沙他（心宿）,筆畫1,3,80112→80763→81266,Alniyat→Antares→Paikauhale,
印度吠陀,CON indian N19,The root,,牟藍（尾宿） ,筆畫1,9,82396→82545→82729→84143→86228→87073→86670→85927→85696,Larawag→Pipirima→HIP82729→HIP84143→Sargas→Girtab→Mula→Shaula→Lesath,
印度吠陀,CON indian N20,The former undefeated one,,弗婆沙他（箕宿）,筆畫1,2,90185→89931,Kaus Australis→Kaus Media,
印度吠陀,CON indian N21,The latter undefeated one,,郁多羅沙他（斗宿）,筆畫1,2,92855→93506,Nunki→Ascella,
印度吠陀,CON indian N22,The Ear,,沙羅波那（女宿）,筆畫1,3,98036→97649→97278,Alshain→Altair→Tarazed,
印度吠陀,CON indian N23,The most famous one,,但你瑟陀（虛宿）,筆畫1,2,102281→101958,Al Ukud→Sualocin,
印度吠陀,CON indian N24,hundred cures,,舍多毗沙（危宿）,筆畫1,2,110395→110395,Sadachbia→Sadachbia,
印度吠陀,CON indian N25,The first of the blessed feet,,弗婆跋陀羅缽柁（室宿）,筆畫1,2,113881→113963,Scheat→Markab,
印度吠陀,CON indian N26,The second of the blessed feet,,郁多羅跋陀羅缽柁（壁宿）,筆畫1,2,1067→667,Algenib→HIP667,
印度吠陀,CON indian N27,The prosperous one,,離婆底（奎宿）,筆畫1,2,5737→5737,Revati→Revati,
印度吠陀,CON indian N28,The invincible one,,Abhijit（牛宿?）,筆畫1,3,91926→91262→91971,Double Double II→Vega→Nasr Alwaki I,
因紐特,CON inuit 001,Two Sunbeams,Aagjuuk,二道陽光,筆畫1,2,97649→97278,Altair→Tarazed,
因紐特,CON inuit 002,Two Placed Far Apart,Akkuttujuuk,相隔二地,筆畫1,2,27989→25336,Betelgeuse→Bellatrix,
因紐特,CON inuit 003,Dogs,Qimmiitt,狗群,筆畫1,5,21421→20894→20205→20455→20889,Aldebaran→Chamukuy→Prima Hyadum→Secunda Hyadum→Ain,Spirit of a Polar Bear→—→—→—→—
因紐特,CON inuit 004,Collarbones,Quturjuuk,鎖骨,筆畫1,4,24608→28360→36850→37826,Capella→Menkalinan→Castor→Pollux,
因紐特,CON inuit 005,Lamp Stand,Pituaq,燈座,筆畫1,4,4427→3179→746→4427,Navi→Shedar→Caph→Navi,
因紐特,CON inuit 006,Caribou,Tukturjuit,馴鹿,筆畫1,8,67301→65378→62956→59774→58001→53910→54061→59774,Alkaid→Mizar→Alioth→Megrez→Phecda→Merak→Dubhe→Megrez,
因紐特,CON inuit 007,Two in Front,Sivulliik,兩個在前面,筆畫1,2,67927→69673,Muphrid→Arcturus,The Little Orphan Boy→The Old Man
因紐特,CON inuit 008,Breastbone,Sakiattiak,胸骨,筆畫1,4,17851→17847→17702→17851,Pleione→Atlas→Alcyone→Pleione,
因紐特,CON inuit 008,Breastbone,Sakiattiak,胸骨,筆畫2,5,17702→17608→17499→17531→17702,Alcyone→Merope→Electra→Taygeta→Alcyone,
因紐特,CON inuit 009,Runners,Ullaktut,跑步人,筆畫1,3,26727→26311→25930,Alnitak→Alnilam→Mintaka,
因紐特,CON inuit 010,Blubber Container,Uqsuutaattiaq,鯨脂容器,筆畫1,6,8886→6686→4427→3821→3179→746,Segin→Ruchbah→Navi→Achird→Shedar→Caph,
因紐特,CON inuit 011,The One Behind,Kingulliq,後者,筆畫1,2,91262→91262,Vega→Vega,The Old Woman→The Old Woman
日本月站,CON japanese_moon_stations 01,Horn,,角宿,筆畫1,2,65474→66249,Spica→Heze,
日本月站,CON japanese_moon_stations 02,Neck,,亢宿,筆畫1,4,69974→69427→69701→70755,Khambaliya→Kang→Syrma→Elgafar,
日本月站,CON japanese_moon_stations 03,Root,,氐宿,筆畫1,5,74392→72622→74785→76333→74392,HIP74392→Zubenelgenubi II→Zubeneschamali→Zubenelhakrabi→HIP74392,
日本月站,CON japanese_moon_stations 04,Chamber,,房宿,筆畫1,4,78820→78401→78265→78104,Acrab→Dschubba→Fang→Iklil,
日本月站,CON japanese_moon_stations 05,Heart,,心宿,筆畫1,3,80112→80763→81266,Alniyat→Antares→Paikauhale,
日本月站,CON japanese_moon_stations 06,Tail,,尾宿,筆畫1,9,82396→82514→82729→84143→86228→87073→86670→85927→85696,Larawag→Xamidimura→HIP82729→HIP84143→Sargas→Girtab→Mula→Shaula→Lesath,
日本月站,CON japanese_moon_stations 07,Basket,,箕宿,筆畫1,5,89931→88635→89642→90185→89931,Kaus Media→Alnasl→Hamalwarid→Kaus Australis→Kaus Media,
日本月站,CON japanese_moon_stations 08,Dipper,,斗宿,筆畫1,4,93864→92855→92041→93506,Namalsadirah II→Nunki→Namalsadirah I→Ascella,
日本月站,CON japanese_moon_stations 08,Dipper,,斗宿,筆畫2,2,93056→93864,HIP93056→Namalsadirah II,
日本月站,CON japanese_moon_stations 09,Cow,,牛宿,筆畫1,4,100064→100345→101027→100881,Algedi→Dabih→HIP101027→HIP100881,
日本月站,CON japanese_moon_stations 10,Woman,,女宿,筆畫1,5,102618→103045→103005→102624→102618,Albali→Albulan I→HIP103005→HIP102624→Albali,
日本月站,CON japanese_moon_stations 11,Emptiness,,虛宿,筆畫1,2,106278→104987,Sadalsuud→Kitalpha,
日本月站,CON japanese_moon_stations 12,Roof Top,,危宿,筆畫1,4,109074→107315→109427→109074,Sadalmelik→Enif→Biham→Sadalmelik,
日本月站,CON japanese_moon_stations 13,Room,,房宿,筆畫1,2,113963→113881,Markab→Scheat,
日本月站,CON japanese_moon_stations 14,Wall,,壁宿,筆畫1,2,1067→677,Algenib→Alpheratz,
日本月站,CON japanese_moon_stations 15,Stride,,奎宿,筆畫1,13,5571→4463→3693→3031→3092→2912→3881→4436→5447→5586→6193→5742→5571,HIP5571→HIP4463→HIP3693→HIP3031→HIP3092→HIP2912→HIP3881→HIP4436→Mirach→HIP5586→HIP6193→HIP5742→HIP5571,
日本月站,CON japanese_moon_stations 16,Hill,,婁宿,筆畫1,3,8832→8903→9884,Mesarthim→Sheratan→Hamal,
日本月站,CON japanese_moon_stations 17,Stomach,,胃宿,筆畫1,4,13209→12719→13061→13209,Bharani→Barani II→Lilii Borea→Bharani,
日本月站,CON japanese_moon_stations 18,Stopping Place,,昴宿,筆畫1,5,17499→17531→17702→17608→17499,Electra→Taygeta→Alcyone→Merope→Electra,
日本月站,CON japanese_moon_stations 19,Net,,畢宿,筆畫1,3,20889→20455→20025,Ain→Secunda Hyadum→HIP20025,
日本月站,CON japanese_moon_stations 19,Net,,畢宿,筆畫2,3,20205→20894→21421,Prima Hyadum→Chamukuy→Aldebaran,
日本月站,CON japanese_moon_stations 20,Turtle Snout,,觜宿,筆畫1,4,26366→26176→26207→26366,HIP26366→Heka→Meissa→HIP26366,
日本月站,CON japanese_moon_stations 21,Investigator,,參宿,筆畫1,5,27989→25336→25930→26311→26727,Betelgeuse→Bellatrix→Mintaka→Alnilam→Alnitak,
日本月站,CON japanese_moon_stations 21,Investigator,,參宿,筆畫2,2,25930→24436,Mintaka→Rigel,
日本月站,CON japanese_moon_stations 22,Well,,井宿,筆畫1,4,30343→30883→31681→32362,Tejat→Nucatai→Alhena→Alzirr,
日本月站,CON japanese_moon_stations 22,Well,,井宿,筆畫2,4,32246→32921→34088→35350,Mebsuta→HIP32921→Mekbuda→HIP35350,
日本月站,CON japanese_moon_stations 22,Well,,井宿,筆畫3,2,32921→30883,HIP32921→Nucatai,
日本月站,CON japanese_moon_stations 22,Well,,井宿,筆畫4,2,34088→31681,Mekbuda→Alhena,
日本月站,CON japanese_moon_stations 23,Ogre,,鬼宿,筆畫1,5,42911→41822→41909→42806→42911,Asellus Australis→HIP41822→HIP41909→Asellus Borealis→Asellus Australis,
日本月站,CON japanese_moon_stations 24,Willow,,柳宿,筆畫1,6,42402→42313→43109→43813→44659→45336,Minchir→Minazal I→Ashlesha→Minazal V→HIP44659→HIP45336,
日本月站,CON japanese_moon_stations 24,Willow,,柳宿,筆畫2,2,43109→42799,Ashlesha→Minazal II,
日本月站,CON japanese_moon_stations 25,Stars,,星宿,筆畫1,6,47431→46776→46509→46390→45811→45751,Ukdah→Ukdah II→Ukdah I→Alphard→HIP45811→HIP45751,
日本月站,CON japanese_moon_stations 26,Stretched Net,,張宿,筆畫1,6,47452→48356→49402→49841→51069→52085,Al Sharasif I→Zhang→HIP49402→HIP49841→HIP51069→HIP52085,
日本月站,CON japanese_moon_stations 27,Wings,,翼宿,筆畫1,6,52943→53740→55282→56633→55687→54029,HIP52943→Alkes→HIP55282→HIP56633→HIP55687→HIP54029,
日本月站,CON japanese_moon_stations 27,Wings,,翼宿,筆畫2,4,54204→54682→57283→55705,HIP54204→Al Sharasif→HIP57283→HIP55705,
日本月站,CON japanese_moon_stations 28,Chariot Cross-Board,,軫宿,筆畫1,5,59316→59803→60965→61359→59316,Minkar→Gienah→Algorab→Kraz→Minkar,
卡米拉羅伊,CON kamilaroi Emu1,Gawaargay,,Gawaargay,（無連線：暗星座/圖像）,0,,,
卡米拉羅伊,CON kamilaroi Emu2,Gawaargay,,Gawaargay,（無連線：暗星座/圖像）,0,,,
卡米拉羅伊,CON kamilaroi Bir,Birray Birray,,伯雷伯雷,（無連線：暗星座/圖像）,0,,,
卡米拉羅伊,CON kamilaroi Loo,Birringoloo,,Birringoloo,（無連線：暗星座/圖像）,0,,,
卡米拉羅伊,CON kamilaroi Yar,Yarran,,Yarran,（無連線：暗星座/圖像）,0,,,
卡米拉羅伊,CON kamilaroi SMC,Old Wiringin,,Old Wiringin,（無連線：暗星座/圖像）,0,,,
卡米拉羅伊,CON kamilaroi Ald,Old Dthillar and gunya,,Old Dthillar and gunya,（無連線：暗星座/圖像）,0,,,
卡米拉羅伊,CON kamilaroi Wam,Wamba Wamba,,Wamba Wamba,（無連線：暗星座/圖像）,0,,,
卡米拉羅伊,CON kamilaroi Miy,Miyay Miyay,,米耶（Miyay Miyay）,（無連線：暗星座/圖像）,0,,,
卡米拉羅伊,CON kamilaroi Wad,Wadhaagudjaaylwan,,Wadhaagudjaaylwan,（無連線：暗星座/圖像）,0,,,
卡米拉羅伊,CON kamilaroi Ban,Bandaarr,,Bandaarr,（無連線：暗星座/圖像）,0,,,
卡米拉羅伊,CON kamilaroi Mur,Muraay Muyaay,,穆拉伊（Muraay Muyaay）,（無連線：暗星座/圖像）,0,,,
卡米拉羅伊,CON kamilaroi War,Warrawilbaarru,,Warrawilbaarru,（無連線：暗星座/圖像）,0,,,
韓國,CON korean 001,Holy Kettle,,周鼎,筆畫1,3,65721→64792→64852,HIP65721→HIP64792→HIP64852,
韓國,CON korean 002,Farm of Capital City,,天田,筆畫1,2,68520→66200,HIP68520→HIP66200,
韓國,CON korean 003,Dignity of King,,角宿,筆畫1,2,66249→65474,Heze→Spica,
韓國,CON korean 003,Dignity of King,,角宿,筆畫2,2,66006→65420,HIP66006→HIP65420,
韓國,CON korean 004,Nomination,,進賢,筆畫1,2,64238→64238,HIP64238→HIP64238,
韓國,CON korean 005,Gate of Sky,,天門,筆畫1,2,65639→64407,HIP65639→HIP64407,
韓國,CON korean 006,Equality,,平,筆畫1,2,64962→64166,HIP64962→HIP64166,
韓國,CON korean 007,Helper,,攝提,筆畫1,3,67927→67275→67459,Muphrid→HIP67275→HIP67459,
韓國,CON korean 008,Helper,,攝提,筆畫1,3,72125→71762→71795,HIP72125→HIP71762→HIP71795,
韓國,CON korean 009,Position of Holy King,,大角,筆畫1,2,69673→69673,Arcturus→Arcturus,
韓國,CON korean 010,Neck of Dragon,,亢宿,筆畫1,4,70755→69701→69427→69974,Elgafar→Syrma→Kang→Khambaliya,
韓國,CON korean 011,Beheading,,折威,筆畫1,6,67494→68269→68895→69415→70306→70753,HIP67494→HIP68269→HIP68895→HIP69415→HIP70306→HIP70753,
韓國,CON korean 012,Judge,,頓頑,筆畫1,2,68933→71352,Menkent→HIP71352,
韓國,CON korean 013,Flutting Flag,,招搖,筆畫1,2,71075→71075,Seginus→Seginus,
韓國,CON korean 014,Javelin of Sky,,梗河,筆畫1,3,72105→71284→71053,Izar→HIP71284→HIP71053,
韓國,CON korean 015,Seat for Longevity,,帝席,筆畫1,3,70602→69226→67480,HIP70602→HIP69226→HIP67480,
韓國,CON korean 016,Oar for visitor,,亢池,筆畫1,7,69612→70327→70400→69389→68707→68498→69612,HIP69612→HIP70327→HIP70400→HIP69389→HIP68707→HIP68498→HIP69612,
韓國,CON korean 017,Milk of Sky,,天乳,筆畫1,2,77516→77516,HIP77516→HIP77516,
韓國,CON korean 018,House of Queen,,氐宿,筆畫1,4,74785→76333→74392→72622,Zubeneschamali→Zubenelhakrabi→HIP74392→Zubenelgenubi II,
韓國,CON korean 019,Ancient Chariot,,陣車,筆畫1,3,73714→74857→72571,Brachium→HIP74857→HIP72571,
韓國,CON korean 020,Carriage for King,,天輻,筆畫1,2,76470→76600,HIP76470→HIP76600,
韓國,CON korean 021,General of Cavalry,,騎陣將軍,筆畫1,2,71860→71860,HIP71860→HIP71860,
韓國,CON korean 022,Cavalry of Emperor,,騎官,筆畫1,11,60718→60260→61084→59196→60823→61932→66657→70069→70069→70264→63003,Acrux→Ginan→Gacrux→HIP59196→HIP60823→Muhlifain→HIP66657→HIP70069→HIP70069→HIP70264→HIP63003,
韓國,CON korean 022,Cavalry of Emperor,,騎官,筆畫2,3,62434→61084→59747,Mimosa→Gacrux→Imai,
韓國,CON korean 022,Cavalry of Emperor,,騎官,筆畫3,8,66657→68523→68282→67472→65109→64408→62896→61932,HIP66657→HIP68523→HIP68282→HIP67472→HIP65109→HIP64408→HIP62896→Muhlifain,
韓國,CON korean 022,Cavalry of Emperor,,騎官,筆畫4,2,62896→61932,HIP62896→Muhlifain,
韓國,CON korean 022,Cavalry of Emperor,,騎官,筆畫5,4,70069→74395→74376→74911,HIP70069→HIP74395→HIP74376→HIP74911,
韓國,CON korean 022,Cavalry of Emperor,,騎官,筆畫6,2,70264→74824,HIP70264→HIP74824,
韓國,CON korean 023,General of Mobile Troops,,車騎,筆畫1,4,71683→71908→68702→71683,Alpha Centauri→HIP71908→Hadar→Alpha Centauri,
韓國,CON korean 024,East Road,,東咸,筆畫1,4,80815→80473→80975→80343,HIP80815→HIP80473→HIP80975→HIP80343,
韓國,CON korean 025,Gate Bolt,,鍵閉,筆畫1,2,79374→79374,Jabbah→Jabbah,
韓國,CON korean 026,Door Lock and Key,,鉤鈐,筆畫1,3,78820→78933→78990,Acrab→Jabhat Acrabi I→Jabhat Acrabi II,
韓國,CON korean 027,Penalty,,罰,筆畫1,3,79788→79599→79524,HIP79788→HIP79599→HIP79524,
韓國,CON korean 028,Royal Hall,,房宿,筆畫1,4,78820→78401→78265→78104,Acrab→Dschubba→Fang→Iklil,
韓國,CON korean 029,Chamberlain,,從官,筆畫1,2,78105→77634,HIP78105→HIP77634,
韓國,CON korean 030,Sun,,,筆畫1,2,77840→77840,HIP77840→HIP77840,
韓國,CON korean 031,West Road,,西咸,筆畫1,4,79375→78727→78207→77853,HIP79375→Grafias→HIP78207→HIP77853,
韓國,CON korean 032,Seat of Emperor,,心宿,筆畫1,3,81266→80763→80112,Paikauhale→Antares→Alniyat,
韓國,CON korean 033,Five Troops,,積卒,筆畫1,6,76297→75141→75264→76829→76297→78384,HIP76297→HIP75141→HIP75264→HIP76829→HIP76297→HIP78384,
韓國,CON korean 033,Five Troops,,積卒,筆畫2,3,78639→76829→78914,HIP78639→HIP76829→HIP78914,
韓國,CON korean 033,Five Troops,,積卒,筆畫3,3,73273→75264→73807,HIP73273→HIP75264→HIP73807,
韓國,CON korean 033,Five Troops,,積卒,筆畫4,2,75177→75141,HIP75177→HIP75141,
韓國,CON korean 034,River of Sky,,天江,筆畫1,4,85755→85340→84970→84405,HIP85755→HIP85340→Garafsa→Guniibuu,
韓國,CON korean 035,Prayer for Progeny,,傅說,筆畫1,2,87261→87261,Fuyue→Fuyue,
韓國,CON korean 036,Fish,,魚,筆畫1,2,87569→87569,HIP87569→HIP87569,
韓國,CON korean 037,Forcast,,龜,筆畫1,6,86092→87846→89112→88714→85792→86092,HIP86092→HIP87846→HIP89112→HIP88714→HIP85792→HIP86092,
韓國,CON korean 038,Yard for Empresses,,尾宿,筆畫1,9,82396→82514→82729→84143→86228→87073→86670→85927→85696,Larawag→Xamidimura→HIP82729→HIP84143→Sargas→Girtab→Mula→Shaula→Lesath,
韓國,CON korean 039,Holy Palace,,神宮,筆畫1,2,82545→82514,Pipirima→Xamidimura,
韓國,CON korean 040,Winnow,,箕宿,筆畫1,4,88635→89931→90185→89642,Alnasl→Kaus Media→Kaus Australis→Hamalwarid,
韓國,CON korean 041,Outer Pestle,,外杵,筆畫1,3,90830→90414→90568,HIP90830→HIP90414→HIP90568,
韓國,CON korean 042,Chaff,,糠,筆畫1,2,90422→90422,HIP90422→HIP90422,
韓國,CON korean 043,Head of Town,,天弁,筆畫1,9,93526→93805→93429→93026→92175→92202→91845→91726→91117,HIP93526→Al Thalimain Prior→HIP93429→HIP93026→HIP92175→HIP92202→HIP91845→HIP91726→HIP91117,
韓國,CON korean 044,Build,,立,筆畫1,3,95176→95168→94820,HIP95176→HIP95168→HIP94820,
韓國,CON korean 044,Build,,立,筆畫2,3,94141→93683→93085,Albaldah→HIP93683→HIP93085,
韓國,CON korean 045,Fowl of Sky,,天雞,筆畫1,2,96483→96327,HIP96483→HIP96327,
韓國,CON korean 046,Shrine of Sky,,斗宿,筆畫1,6,89341→90496→92041→92855→93864→93506,Polis→Kaus Borealis→Namalsadirah I→Nunki→Namalsadirah II→Ascella,
韓國,CON korean 047,Dog,,狗,筆畫1,2,93667→93134,HIP93667→HIP93134,
韓國,CON korean 048,Northeastern Nations,,狗國,筆畫1,4,96950→97290→96465→95477,HIP96950→HIP97290→HIP96465→Namalsadirah III,
韓國,CON korean 049,Old Farmer,,農丈人,筆畫1,2,89678→89678,HIP89678→HIP89678,
韓國,CON korean 050,Snapping Turtle,,鼈,筆畫1,14,92953→92308→91494→90982→90887→91875→92989→93174→93825→94114→94160→94005→93542→92953,HIP92953→HIP92308→HIP91494→HIP90982→HIP90887→HIP91875→HIP92989→HIP93174→HIP93825→Meridiana→HIP94160→HIP94005→HIP93542→HIP92953,
韓國,CON korean 051,Road for Emperor,,輦道,筆畫1,4,100587→98110→97118→92862,HIP100587→HIP98110→HIP97118→HIP92862,
韓國,CON korean 052,The Weaver,,織女,筆畫1,3,91919→91262→91971,Double Double I→Vega→Nasr Alwaki I,
韓國,CON korean 053,River adjoining Tower,,漸臺,筆畫1,4,93194→92420→92791→94481,Sulafat→Sheliak→HIP92791→Aladfar,
韓國,CON korean 054,Left Flag,,左旗,筆畫1,8,99742→98754→98819→98438→98738→98337→97365→96837,HIP99742→HIP98754→HIP98819→HIP98438→HIP98738→HIP98337→HIP97365→HIP96837,
韓國,CON korean 054,Left Flag,,左旗,筆畫2,2,97365→96757,HIP97365→Sham,
韓國,CON korean 055,Drum of River,,河鼓,筆畫1,3,97278→97649→98036,Tarazed→Altair→Alshain,
韓國,CON korean 056,Drumstick of Sky,,天桴,筆畫1,3,97675→97938→98823,HIP97675→Libertas→HIP98823,
韓國,CON korean 057,Right Flag,,右旗,筆畫1,2,96229→95501,HIP96229→Almizan I,
韓國,CON korean 057,Right Flag,,右旗,筆畫2,6,96665→95501→95585→96468→97804→99473,HIP96665→Almizan I→HIP95585→Al Thalimain Posterior→Almizan II→Almizan III,
韓國,CON korean 058,Cow leading Man,,牽牛,筆畫1,7,100064→100345→101027→101123→100881→100345→100310,Algedi→Dabih→HIP101027→HIP101123→HIP100881→Dabih→Alshat,
韓國,CON korean 059,Bank Spread,,羅堰,筆畫1,3,101923→102026→101984,HIP101923→HIP102026→HIP101984,
韓國,CON korean 060,Basket for Silkworm,,扶筐,筆畫1,3,91755→92512→90905,HIP91755→HIP92512→HIP90905,
韓國,CON korean 060,Basket for Silkworm,,扶筐,筆畫2,4,90156→92512→91315→90344,HIP90156→HIP92512→HIP91315→Fafnir,
韓國,CON korean 060,Basket for Silkworm,,扶筐,筆畫3,2,89348→91315,HIP89348→HIP91315,
韓國,CON korean 061,Officer for Cart,,奚仲,筆畫1,4,94779→95853→96441→92689,Fawaris I→HIP95853→HIP96441→HIP92689,
韓國,CON korean 062,Ferry of Sky,,天津,筆畫1,10,104732→105138→104887→103413→102098→99675→97165→100453→102488→104732,Fawaris III→HIP105138→HIP104887→HIP103413→Deneb→HIP99675→Fawaris→Sadr→Aljanah→Fawaris III,
韓國,CON korean 063,Fruit,,瓠瓜,筆畫1,5,102532→101958→101769→102281→102532,Al Salib→Sualocin→Rotanev→Al Ukud→Al Salib,
韓國,CON korean 063,Fruit,,瓠瓜,筆畫2,2,101769→101589,Rotanev→HIP101589,
韓國,CON korean 064,Seed,,敗瓜,筆畫1,6,103294→101483→101800→101916→101421→101483,HIP103294→HIP101483→HIP101800→HIP101916→Aldulfin→HIP101483,
韓國,CON korean 065,Storage for Lady,,離珠,筆畫1,4,101936→101847→101692→101101,HIP101936→HIP101847→HIP101692→HIP101101,
韓國,CON korean 066,Court Lady,,須女,筆畫1,4,102624→103005→103045→102618,HIP102624→HIP103005→Albulan I→Albali,
韓國,CON korean 067,Judge Fault,,司非,筆畫1,2,112917→111944,HIP112917→HIP111944,
韓國,CON korean 068,Amend Fault,,司危,筆畫1,2,112242→111104,HIP112242→HIP111104,
韓國,CON korean 069,Grant Life,,司祿,筆畫1,2,111841→109754,HIP111841→HIP109754,
韓國,CON korean 070,Punish,,司命,筆畫1,2,104858→104521,HIP104858→HIP104521,
韓國,CON korean 071,Empty House,,虛宿,筆畫1,2,104987→106278,Kitalpha→Sadalsuud,
韓國,CON korean 072,Weep,,哭,筆畫1,2,106786→107382,Bunda→HIP107382,
韓國,CON korean 073,Sob,,泣,筆畫1,2,107517→107095,HIP107517→HIP107095,
韓國,CON korean 074,Castle with Rampart,,天壘城,筆畫1,7,104139→104019→104365→104963→105515→104974→104139,HIP104139→HIP104019→HIP104365→HIP104963→HIP105515→HIP104974→HIP104139,
韓國,CON korean 075,Hook for Dress,,臼,筆畫1,8,107418→107259→107136→107533→106481→105186→104060→104194,Castula→The Garnet Star→Azelfafage→HIP107533→HIP106481→HIP105186→HIP104060→HIP104194,
韓國,CON korean 076,Groom,,造父,筆畫1,3,109592→110991→109556,HIP109592→HIP110991→HIP109556,
韓國,CON korean 076,Groom,,造父,筆畫2,3,109492→110991→109857,HIP109492→HIP110991→HIP109857,
韓國,CON korean 077,Charioteer,,車府,筆畫1,8,107235→106711→106551→107253→107235→109102→110351→111022,HIP107235→HIP106711→HIP106551→HIP107253→HIP107235→HIP109102→HIP110351→HIP111022,
韓國,CON korean 078,Human,,人星,筆畫1,3,106140→107472→108060,HIP106140→HIP107472→HIP108060,
韓國,CON korean 078,Human,,人星,筆畫2,3,107348→107472→105502,HIP107348→HIP107472→HIP105502,
韓國,CON korean 079,Inner Pestle,,內杵,筆畫1,2,109937→109410,HIP109937→HIP109410,
韓國,CON korean 080,Mortar,,臼,筆畫1,4,110371→109176→107354→107310,HIP110371→HIP109176→HIP107354→HIP107310,
韓國,CON korean 081,Warehouse of Sky,,危宿,筆畫1,3,107315→109427→109074,Enif→Biham→Sadalmelik,
韓國,CON korean 082,Tomb,,墳墓,筆畫1,3,110672→110960→110395,Seat→Sadaltager→Sadachbia,
韓國,CON korean 082,Tomb,,墳墓,筆畫2,2,110960→111497,Sadaltager→HIP111497,
韓國,CON korean 083,Cover of House,,蓋屋,筆畫1,2,108874→110003,Sadalmulk→Ancha,
韓國,CON korean 084,Broken Mortar,,敗臼,筆畫1,4,102485→102978→105881→105665,HIP102485→HIP102978→HIP105881→HIP105665,
韓國,CON korean 085,Climbing Serpent,,螣蛇,筆畫1,16,115990→114622→113561→114104→115990→117301→117863→118243→114924→113919→114570→115022→116584→116805→116631→113726,HIP115990→Bradley 3077→HIP113561→HIP114104→HIP115990→HIP117301→HIP117863→HIP118243→HIP114924→HIP113919→HIP114570→HIP115022→HIP116584→HIP116805→HIP116631→HIP113726,
韓國,CON korean 085,Climbing Serpent,,螣蛇,筆畫2,3,113288→113919→113327,HIP113288→HIP113919→HIP113327,
韓國,CON korean 086,Palace of Emperor,,室宿,筆畫1,2,113881→113963,Scheat→Markab,
韓國,CON korean 086,Palace of Emperor,,室宿,筆畫2,3,113881→112158→112051,Scheat→Matar→Sadalmatar,
韓國,CON korean 086,Palace of Emperor,,室宿,筆畫3,3,113881→112748→112440,Scheat→Sadalbari→Sadalnazi,
韓國,CON korean 086,Palace of Emperor,,室宿,筆畫4,3,113881→115250→115623,Scheat→Salm→Alkarab,
韓國,CON korean 087,Detached Palace,,離宮,筆畫1,2,115250→115250,Salm→Salm,
韓國,CON korean 088,Official for Materials Supply,,土公吏,筆畫1,2,112447→112029,Suudalnujum→Homam,
韓國,CON korean 089,Lightening,,雷電,筆畫1,3,114389→114144→114520,HIP114389→HIP114144→HIP114520,
韓國,CON korean 089,Lightening,,雷電,筆畫2,3,114144→113186→112935,HIP114144→HIP113186→HIP112935,
韓國,CON korean 090,Rampart,,壘壁陣,筆畫1,8,112961→111123→109139→107556→106985→106723→107188→107556,Hydor→HIP111123→HIP109139→Deneb Algedi→Nashira→HIP106723→HIP107188→Deneb Algedi,
韓國,CON korean 091,Troops of Sky,,羽林軍,筆畫1,11,1170→983→301→910→355→117567→116971→116957→116901→117218→117629,HIP1170→HIP983→HIP301→HIP910→HIP355→HIP117567→HIP116971→HIP116957→HIP116901→HIP117218→HIP117629,
韓國,CON korean 091,Troops of Sky,,羽林軍,筆畫2,4,355→1158→443→145,HIP355→HIP1158→HIP443→HIP145,
韓國,CON korean 091,Troops of Sky,,羽林軍,筆畫3,3,664→145→118209,HIP664→HIP145→HIP118209,
韓國,CON korean 091,Troops of Sky,,羽林軍,筆畫4,3,840→443→154,HIP840→HIP443→HIP154,
韓國,CON korean 091,Troops of Sky,,羽林軍,筆畫5,5,116971→116591→116853→117314→117541,HIP116971→HIP116591→HIP116853→HIP117314→HIP117541,
韓國,CON korean 091,Troops of Sky,,羽林軍,筆畫6,7,116591→115115→115033→114855→114939→114724→113996,HIP116591→HIP115115→HIP115033→HIP114855→HIP114939→HIP114724→HIP113996,
韓國,CON korean 091,Troops of Sky,,羽林軍,筆畫7,6,115115→115125→115404→115438→115669→116247,HIP115115→HIP115125→HIP115404→HIP115438→HIP115669→HIP116247,
韓國,CON korean 091,Troops of Sky,,羽林軍,筆畫8,7,115126→112716→112211→112529→114341→114375→114119,HIP115126→HIP112716→HIP112211→HIP112529→HIP114341→HIP114375→HIP114119,
韓國,CON korean 091,Troops of Sky,,羽林軍,筆畫9,2,115142→114724,HIP115142→HIP114724,
韓國,CON korean 092,Village for Patrol,,北落師門,筆畫1,2,113368→113368,Fomalhaut→Fomalhaut,
韓國,CON korean 093,Net of Sky,,天綱,筆畫1,2,111954→111954,HIP111954→HIP111954,
韓國,CON korean 094,Stable of Sky,,天廄,筆畫1,11,101076→99874→99824→99951→100435→101868→102388→103004→103200→102453→101076,HIP101076→HIP99874→HIP99824→HIP99951→HIP100435→HIP101868→HIP102388→HIP103004→HIP103200→HIP102453→HIP101076,
韓國,CON korean 095,Eastern Wall,,東壁,筆畫1,2,1067→677,Algenib→Alpheratz,
韓國,CON korean 096,Civil Engineer,,土公,筆畫1,2,2219→3810,HIP2219→HIP3810,
韓國,CON korean 097,Thunderbolts,,霹靂,筆畫1,5,118268→116771→115830→114971→113889,HIP118268→HIP116771→HIP115830→HIP114971→Fumalsamakah,
韓國,CON korean 098,Clouds and Rain,,雲雨,筆畫1,4,117245→116928→115738→114273,HIP117245→HIP116928→HIP115738→HIP114273,
韓國,CON korean 099,Highway,,閣道,筆畫1,7,3504→3801→5542→6242→6686→8886→11569,HIP3504→HIP3801→Marfak→HIP6242→Ruchbah→Segin→HIP11569,
韓國,CON korean 100,Whip,,策,筆畫1,2,2599→2599,HIP2599→HIP2599,
韓國,CON korean 101,Officer for Chariot of,,王郞,筆畫1,3,4427→746→2920,Navi→Caph→Fulu,
韓國,CON korean 101,Officer for Chariot of,,王郞,筆畫2,3,3821→746→3179,Achird→Caph→Shedar,
韓國,CON korean 102,Side Road,,附路,筆畫1,2,5434→5434,HIP5434→HIP5434,
韓國,CON korean 103,Armory,,奎宿,筆畫1,16,3881→4436→5447→5544→5586→6193→5742→5454→4463→3693→3031→3092→2912→2942→3231→3881,HIP3881→HIP4436→Mirach→HIP5544→HIP5586→HIP6193→HIP5742→HIP5454→HIP4463→HIP3693→HIP3031→HIP3092→HIP2912→HIP2942→HIP3231→HIP3881,
韓國,CON korean 104,Southern Gate of Emperator,,軍南門,筆畫1,2,8796→8796,Mothallah→Mothallah,
韓國,CON korean 105,Outer Folding Screen,,外屏,筆畫1,7,8833→7884→7007→5737→4906→3786→2548,HIP8833→HIP7884→HIP7007→Revati→HIP4906→Kuton I→HIP2548,
韓國,CON korean 106,Toilet of Sky,,天溷,筆畫1,6,6061→4147→2762→4914→5951→6061,HIP6061→HIP4147→HIP2762→HIP4914→HIP5951→HIP6061,
韓國,CON korean 107,Architect,,司空,筆畫1,2,3419→3419,Diphda→Diphda,
韓國,CON korean 108,Emperator,,天將軍,筆畫1,6,10340→9640→7513→6813→7607→8068,HIP10340→Almach→Titawin→HIP6813→Nembus→HIP8068,
韓國,CON korean 108,Emperator,,天將軍,筆畫2,5,9640→9977→10064→10670→12086,Almach→HIP9977→Mizan→HIP10670→HIP12086,
韓國,CON korean 109,Watchtower,,婁宿,筆畫1,3,9884→8903→8832,Hamal→Sheratan→Mesarthim,
韓國,CON korean 110,Left Elm,,左更,筆畫1,3,12332→10306→10732,HIP12332→HIP10306→HIP10732,
韓國,CON korean 110,Left Elm,,左更,筆畫2,4,10306→10155→10328→10732,HIP10306→HIP10155→HIP10328→HIP10732,
韓國,CON korean 111,Right Elm,,右更,筆畫1,6,9110→7447→7097→7535→7740→7447,HIP9110→HIP7447→Alpherg→HIP7535→HIP7740→HIP7447,
韓國,CON korean 112,Storehouse of Sky,,天倉,筆畫1,6,1562→5364→6537→8645→8102→9347,Deneb Kaitos Shemali→Dheneb→Al Naymat I→Baten Kaitos→Al Naymat II→Al Naymat III,
韓國,CON korean 113,Stack of Cereals,,天庾,筆畫1,4,8209→7679→6960→8209,HIP8209→HIP7679→HIP6960→HIP8209,
韓國,CON korean 114,Ship of Sky,,天船,筆畫1,9,19949→20070→19812→19343→17358→16826→15863→14328→13268,HIP19949→HIP20070→HIP19812→HIP19343→HIP17358→HIP16826→Mirfak→HIP14328→Miram,
韓國,CON korean 115,Store of Water,,積水,筆畫1,2,19167→19167,HIP19167→HIP19167,
韓國,CON korean 116,Mausoleum,,大陵,筆畫1,8,9505→13531→14632→14668→14576→14354→13254→12623,HIP9505→HIP13531→HIP14632→Misam→Algol→Gorgonea Tertia→HIP13254→HIP12623,
韓國,CON korean 118,Stomach of Tiger,,胃宿,筆畫1,4,13209→13061→12719→13209,Bharani→Lilii Borea→Barani II→Bharani,
韓國,CON korean 119,Store of Millet for,,天廩,筆畫1,4,16369→16322→16083→15900,HIP16369→HIP16322→HIP16083→HIP15900,
韓國,CON korean 120,Storehouse for Cereals,,天囷,筆畫1,13,13954→12828→11484→10324→9487→9589→10305→11791→12387→12706→14135→15457→16852,Menkar→HIP12828→Al Kaff al Jidhmah II→Al Kaff al Jidhmah I→Alrescha→HIP9589→HIP10305→HIP11791→Al Kaff al Jidhmah III→Kaffaljidhma→Menkar→HIP15457→HIP16852,
韓國,CON korean 121,Whetstone,,礪石,筆畫1,4,20354→21476→22453→22678,HIP20354→HIP21476→HIP22453→HIP22678,
韓國,CON korean 122,Rolled Tongue,,卷舌,筆畫1,6,17529→18532→18614→18246→17448→17313,HIP17529→HIP18532→Menkib→Atik→Atik→HIP17313,
韓國,CON korean 123,Shaman of Sky,,天讒,筆畫1,2,17886→17886,HIP17886→HIP17886,
韓國,CON korean 124,Ear and Eye of,,昴宿,筆畫1,6,17847→17702→17608→17499→17573→17702,Atlas→Alcyone→Merope→Electra→Maia→Alcyone,
韓國,CON korean 124,Ear and Eye of,,昴宿,筆畫2,4,17573→17531→17489→17499,Maia→Taygeta→Celaeno→Electra,
韓國,CON korean 125,Moon,,,筆畫1,2,19038→19038,HIP19038→HIP19038,
韓國,CON korean 126,Hill of Sky,,天阿,筆畫1,2,21881→21881,HIP21881→HIP21881,
韓國,CON korean 127,Conspiracy of Sky,,天陰,筆畫1,3,19799→20522→19740,HIP19799→HIP20522→HIP19740,
韓國,CON korean 127,Conspiracy of Sky,,天陰,筆畫2,3,19860→20522→19719,HIP19860→HIP20522→HIP19719,
韓國,CON korean 128,Fodder,,芻蒿,筆畫1,4,12107→12390→11345→11783,HIP12107→Sadr al Kaitos III→Sadr al Kaitos I→Sadr al Kaitos II,
韓國,CON korean 129,Hill of Sky,,天阿,筆畫1,14,21248→21393→20535→20042→17874→17797→17351→16870→15510→13847→12486→11477→13147→14879,Beemim→Theemin→Beemim→Beemim I→HIP17874→HIP17797→HIP17351→HIP16870→HIP15510→Acamar→HIP12486→HIP11477→HIP13147→Dalim,
韓國,CON korean 130,Garage for Chariot,,五車,筆畫1,6,28360→24608→23015→25428→28380→28360,Menkalinan→Capella→Hassaleh→Elnath→Mahasim→Menkalinan,
韓國,CON korean 131,Pond for Fish,,咸池,筆畫1,3,25048→24813→24340,HIP25048→Alhiba II→Alhiba I,
韓國,CON korean 132,Pillar,,柱,筆畫1,3,23767→23416→23453,Haedus→Almaaz→Saclateni,
韓國,CON korean 133,Pillar,,柱,筆畫1,3,27673→27639→27483,HIP27673→HIP27639→HIP27483,
韓國,CON korean 134,Pillar,,柱,筆畫1,3,25984→26536→25492,HIP25984→HIP26536→HIP25492,
韓國,CON korean 135,Puddle of Sky,,天潢,筆畫1,3,24879→24575→24799,HIP24879→HIP24575→HIP24799,
韓國,CON korean 135,Puddle of Sky,,天潢,筆畫2,3,24727→24575→24504,HIP24727→HIP24575→HIP24504,
韓國,CON korean 136,Kings,,諸王,筆畫1,6,17954→19171→20250→20430→23088→23900,HIP17954→HIP19171→Alkalbain I→Alkalbain II→HIP23088→HIP23900,
韓國,CON korean 137,Gateway of Sky,,天關,筆畫1,2,26451→26451,Tianguan→Tianguan,
韓國,CON korean 138,Flage of Saam,,參旗,筆畫1,9,23607→22957→22833→22845→22509→22449→22549→22797→23123,HIP23607→Al Kumm II→Manica→Al Taj IV→Al Taj I→Tabit→Al Taj II→Al Taj III→Al Taj V,
韓國,CON korean 139,Village of Sky,,天街,筆畫1,2,20711→19990,Alkalbain V→HIP19990,
韓國,CON korean 140,Belvedere of Sky,,天高,筆畫1,5,26777→25945→25278→25555→26777,HIP26777→The Ruby Star→HIP25278→HIP25555→HIP26777,
韓國,CON korean 141,General of Border,,畢宿,筆畫1,5,20889→20648→20455→20205→18724,Ain→HIP20648→Secunda Hyadum→Prima Hyadum→HIP18724,
韓國,CON korean 141,General of Border,,畢宿,筆畫2,5,20205→20713→21029→21421→21683,Prima Hyadum→HIP20713→HIP21029→Aldebaran→HIP21683,
韓國,CON korean 142,Celebration of Sky,,天節,筆畫1,3,21273→20732→20219,HIP21273→HIP20732→HIP20219,
韓國,CON korean 142,Celebration of Sky,,天節,筆畫2,5,20732→20901→21589→21402→21670,HIP20732→HIP20901→HIP21589→HIP21402→HIP21670,
韓國,CON korean 143,Flag of Emperor,,九斿,筆畫1,8,23166→22881→22479→22325→22263→22028→21763→22086,HIP23166→HIP22881→HIP22479→HIP22325→HIP22263→HIP22028→HIP21763→HIP22086,
韓國,CON korean 144,Nine Territory,,九州殊口,筆畫1,10,22109→22701→22024→21297→19849→19587→20507→21444→21547→22109,HIP22109→HIP22701→HIP22024→HIP21297→Keid→Beid→HIP20507→HIP21444→HIP21547→HIP22109,
韓國,CON korean 145,Garden of Sky,,天園,筆畫1,15,18543→17593→17378→16537→15197→13701→12770→12843→13288→14146→15474→16611→17651→18216→18673,Zaurak→HIP17593→Rana→Ran→Zibal→Azha→Sadr al Kaitos IV→HIP12843→Angetenar→HIP14146→HIP15474→HIP16611→HIP17651→HIP18216→HIP18673,
韓國,CON korean 146,Settled Flag,,座旗,筆畫1,8,29696→28237→27830→27468→26248→25539→24822→23497,HIP29696→HIP28237→HIP27830→HIP27468→HIP26248→HIP25539→HIP24822→HIP23497,
韓國,CON korean 147,Forcast Calamity,,司怪,筆畫1,3,29650→28716→27913,HIP29650→HIP28716→HIP27913,
韓國,CON korean 148,Scout of Three Troups,,觜宿,筆畫1,2,30122→30277,Furud→HIP30277,
韓國,CON korean 149,Saam,,參宿,筆畫1,5,27989→26727→26311→25930→24436,Betelgeuse→Alnitak→Alnilam→Mintaka→Rigel,
韓國,CON korean 149,Saam,,參宿,筆畫2,2,25930→25336,Mintaka→Bellatrix,
韓國,CON korean 149,Saam,,參宿,筆畫3,2,26727→27366,Alnitak→Saiph,
韓國,CON korean 150,Expeditionary Force,,伐,筆畫1,4,26311→26237→26221→26241,Alnilam→Mizan Batil I→Becklin's Star→Hatysa,
韓國,CON korean 151,Well for Millitary,,軍井,筆畫1,4,24244→24327→24845→24873,HIP24244→HIP24327→HIP24845→HIP24873,
韓國,CON korean 152,Well of Jade,,玉井,筆畫1,4,24674→23875→23364→23972,HIP24674→Cursa→Kursi al Jauzah I→Kursi al Jauzah II,
韓國,CON korean 153,Folding Screen,,屏,筆畫1,2,24305→23685,HIP24305→HIP23685,
韓國,CON korean 154,Toilet,,廁,筆畫1,4,25985→25606→27072→27654,Arneb→Nihal→Kursi al Jabbar→Arsh al Jauzah,
韓國,CON korean 155,Arrow,,天矢,筆畫1,2,25859→25859,HIP25859→HIP25859,
韓國,CON korean 156,Piled Brushwood,,積薪,筆畫1,2,37265→37265,Jishui→Jishui,
韓國,CON korean 157,Store of Water,,積水,筆畫1,2,36145→36145,HIP36145→HIP36145,
韓國,CON korean 158,Northern River,,北河,筆畫1,3,37826→36850→36366,Pollux→Castor→HIP36366,
韓國,CON korean 159,Five Lords,,五諸侯,筆畫1,5,37740→36962→36046→34693→33018,HIP37740→HIP36962→HIP36046→HIP34693→HIP33018,
韓國,CON korean 160,Wine Glass of Sky,,天樽,筆畫1,4,35550→37908→36760→35550,Wasat→HIP37908→HIP36760→Wasat,
韓國,CON korean 161,Eastern Well,,東井,筆畫1,4,35350→34088→32921→32246,HIP35350→Mekbuda→HIP32921→Mebsuta,
韓國,CON korean 161,Eastern Well,,東井,筆畫2,3,32921→30883→30343,HIP32921→Nucatai→Tejat,
韓國,CON korean 161,Eastern Well,,東井,筆畫3,3,30883→31681→34088,Nucatai→Alhena→Mekbuda,
韓國,CON korean 161,Eastern Well,,東井,筆畫4,2,31681→32362,Alhena→Alzirr,
韓國,CON korean 161,Eastern Well,,東井,筆畫5,2,30343→29655,Tejat→Propus,
韓國,CON korean 162,Flood control,,水府,筆畫1,5,29704→29434→29038→29426→29704,HIP29704→HIP29434→HIP29038→HIP29426→HIP29704,
韓國,CON korean 163,Balance of Water,,水位,筆畫1,2,40526→40526,Tarf→Tarf,
韓國,CON korean 164,Four Spirit of River,,四瀆,筆畫1,4,33202→31978→31216→30419,HIP33202→HIP31978→HIP31216→HIP30419,
韓國,CON korean 165,Southern River,,南河,筆畫1,3,37279→36188→36284,Procyon→Gomeisa→HIP36284,
韓國,CON korean 166,Twin Gate,,闕丘,筆畫1,2,39311→34769,HIP39311→HIP34769,
韓國,CON korean 167,Bow,,弧,筆畫1,10,37819→34444→38901→37819→36377→35264→35904→38170→39906→38901,HIP37819→Wezen→HIP38901→HIP37819→HIP36377→HIP35264→Aludra→Azmidi→HIP39906→HIP38901,
韓國,CON korean 168,Star of Wolf,,狼星,筆畫1,2,32349→32349,Sirius→Sirius,
韓國,CON korean 169,Wild Fowls,,野鷄,筆畫1,2,30324→30324,Mirzam→Mirzam,
韓國,CON korean 170,Market for Army,,軍市,筆畫1,9,31592→31827→31084→30457→28910→28816→29048→29941→31592,HIP31592→HIP31827→HIP31084→HIP30457→HIP28910→HIP28816→HIP29048→HIP29941→HIP31592,
韓國,CON korean 171,Grandchildren,,孫,筆畫1,2,33579→32759,Adhara→HIP32759,
韓國,CON korean 172,Son,,子,筆畫1,4,26207→26176→26366→26207,Meissa→Heka→HIP26366→Meissa,
韓國,CON korean 173,Grown-up,,丈人,筆畫1,2,26634→27628,Phact→Wazn,
韓國,CON korean 174,Oldman,,老人,筆畫1,2,30438→30438,Canopus→Canopus,
韓國,CON korean 175,Beacon,,爟,筆畫1,5,43103→43834→44818→44154→43103,Zubanah→HIP43834→HIP44818→HIP44154→Zubanah,
韓國,CON korean 176,Eye of Sky,,鬼宿,筆畫1,5,42806→42911→41822→41909→42806,Asellus Borealis→Asellus Australis→HIP41822→HIP41909→Asellus Borealis,
韓國,CON korean 177,Pile of Dead,,積尸,筆畫1,2,42516→42516,HIP42516→HIP42516,
韓國,CON korean 178,Green Ridge,,靑丘,筆畫1,8,51849→51232→50371→51576→52468→53253→52742→51849,HIP51849→HIP51232→HIP50371→HIP51576→HIP52468→HIP53253→HIP52742→HIP51849,
韓國,CON korean 179,Outer Kitchen,,外廚,筆畫1,6,41307→39863→39079→38474→37901→37447,HIP41307→HIP39863→HIP39079→HIP38474→HIP37901→HIP37447,
韓國,CON korean 180,Dog of Sky,,天狗,筆畫1,3,30772→30867→29651,HIP30772→HIP30867→HIP29651,
韓國,CON korean 181,Spirit of GuRyoung,,天社,筆畫1,4,39953→42570→42913→45941,Regor→HIP42570→Alsephina→Markeb,
韓國,CON korean 181,Spirit of GuRyoung,,天社,筆畫2,2,42913→41037,Alsephina→Avior,
韓國,CON korean 181,Spirit of GuRyoung,,天社,筆畫3,2,42570→44816,HIP42570→Suhail,
韓國,CON korean 182,Flag of Wine Officer,,酒旗,筆畫1,4,44066→44798→45410→44066,Acubens→HIP44798→HIP45410→Acubens,
韓國,CON korean 183,Officer of Kitchen,,柳宿,筆畫1,8,45336→44659→43813→43109→42313→42402→42799→43234,HIP45336→HIP44659→Minazal V→Ashlesha→Minazal I→Minchir→Minazal II→Minazal IV,
韓國,CON korean 184,Equality and Fair,,內平,筆畫1,3,48833→47029→49593,HIP48833→HIP47029→HIP49593,
韓國,CON korean 184,Equality and Fair,,內平,筆畫2,2,47029→46952,HIP47029→HIP46952,
韓國,CON korean 185,Emperor HeonWon,,軒轅,筆畫1,15,41075→43531→44248→44700→45688→45860→46146→46750→47908→48455→50335→50583→49583→49669→47508,Alsciaukat→HIP43531→HIP44248→HIP44700→HIP45688→HIP45860→Al Minlear al Asad→Alterf→Algenubi→Rasalas→Adhafera→Algieba→Al Jabhah→Regulus→Subra,
韓國,CON korean 185,Emperor HeonWon,,軒轅,筆畫2,2,49669→51624,Regulus→HIP51624,
韓國,CON korean 185,Emperor HeonWon,,軒轅,筆畫3,2,49669→49637,Regulus→HIP49637,
韓國,CON korean 186,Capital of Sky,,星宿,筆畫1,7,47431→46776→46509→46404→46390→45811→45751,Ukdah→Ukdah II→Ukdah I→HIP46404→Alphard→HIP45811→HIP45751,
韓國,CON korean 187,Chief of Farming,,稷,筆畫1,6,43409→42828→46651→42312→39429→42828,HIP43409→HIP42828→HIP46651→HIP42312→Naos→HIP42828,
韓國,CON korean 188,Officer of Tomb,,張宿,筆畫1,6,52085→51069→49841→49402→48356→47452,HIP52085→HIP51069→HIP49841→HIP49402→Zhang→Al Sharasif I,
韓國,CON korean 188,Officer of Tomb,,張宿,筆畫2,3,48356→48615→51069,Zhang→Felis→HIP51069,
韓國,CON korean 189,Tomb of Sky,,天廟,筆畫1,13,46880→46371→45902→44824→45001→46026→46578→47187→47758→48559→48584→47522→46880,HIP46880→HIP46371→HIP45902→HIP44824→HIP45001→HIP46026→HIP46578→HIP47187→HIP47758→HIP48559→HIP48584→HIP47522→HIP46880,
韓國,CON korean 190,Wing of Red Bird,,翼宿,筆畫1,5,55282→55705→54682→53740→55282,HIP55282→HIP55705→Al Sharasif→Alkes→HIP55282,
韓國,CON korean 190,Wing of Red Bird,,翼宿,筆畫2,2,53740→52943,Alkes→HIP52943,
韓國,CON korean 190,Wing of Red Bird,,翼宿,筆畫3,2,55705→57283,HIP55705→HIP57283,
韓國,CON korean 190,Wing of Red Bird,,翼宿,筆畫4,4,55282→54029→55687→56802,HIP55282→HIP54029→HIP55687→HIP56802,
韓國,CON korean 190,Wing of Red Bird,,翼宿,筆畫5,3,55687→56633→58576,HIP55687→HIP56633→HIP58576,
韓國,CON korean 190,Wing of Red Bird,,翼宿,筆畫6,4,54682→54204→54477→56280,Al Sharasif→HIP54204→HIP54477→HIP56280,
韓國,CON korean 190,Wing of Red Bird,,翼宿,筆畫7,6,54204→51172→53502→55756→56922→57936,HIP54204→HIP51172→HIP53502→HIP55756→HIP56922→HIP57936,
韓國,CON korean 191,Eastern Pottery,,東甌,筆畫1,5,52727→51986→51635→51561→50191,HIP52727→HIP51986→HIP51635→HIP51561→HIP50191,
韓國,CON korean 192,Chariot of Emperor,,軫宿,筆畫1,5,61359→60965→59803→59316→59199,Kraz→Algorab→Gienah→Minkar→Alchiba,
韓國,CON korean 192,Chariot of Emperor,,軫宿,筆畫2,2,61359→59316,Kraz→Minkar,
韓國,CON korean 192,Chariot of Emperor,,軫宿,筆畫3,2,60965→61174,Algorab→HIP61174,
韓國,CON korean 193,Sand for Life,,長沙,筆畫1,2,60189→59316,HIP60189→Minkar,
韓國,CON korean 194,Gateway for Troops,,軍門,筆畫1,2,56480→55425,HIP56480→HIP55425,
韓國,CON korean 195,Civil Engineer,,土公,筆畫1,4,52419→54301→54751→54463,HIP52419→HIP54301→HIP54751→HIP54463,
韓國,CON korean 196,Guardian Knight,,郞將,筆畫1,2,63125→63125,Cor Caroli→Cor Caroli,
韓國,CON korean 197,Three Steps,,三台,筆畫1,6,44127→44471→50372→50801→55219→55203,Talitha→Alkaphrah→Tania Borealis→Tania Australis→Alula Borealis→Alula Australis,
韓國,CON korean 198,Five Feudal Lords,,五諸侯,筆畫1,5,59819→60202→61418→62886→64394,HIP59819→HIP60202→HIP61418→HIP62886→HIP64394,
韓國,CON korean 199,SangJiin,,常陳,筆畫1,4,61394→60941→60746→60742,HIP61394→HIP60941→HIP60746→Al Dafirah,
韓國,CON korean 199,SangJiin,,常陳,筆畫2,3,60746→60351→59847,HIP60746→HIP60351→HIP59847,
韓國,CON korean 200,Low Fence,,少微,筆畫1,4,53954→53417→52098→51233,HIP53954→HIP53417→HIP52098→HIP51233,
韓國,CON korean 201,Tall Fence,,太微垣,筆畫1,5,54872→54879→55642→55434→57757,Zosma→Chertan→HIP55642→HIP55434→Zavijava,
韓國,CON korean 202,Tall Fence,,太微垣,筆畫1,5,64241→63608→63090→61941→60129,Diadem→Vindemiatrix→Minelauva→Porrima→Zaniah,
韓國,CON korean 203,Nine Lords,,九卿,筆畫1,3,63355→62807→62356,HIP63355→HIP62807→HIP62356,
韓國,CON korean 204,Dung of Tiger,,虎賁,筆畫1,2,54951→54951,Zubrah→Zubrah,
韓國,CON korean 205,Crown Prince,,太子,筆畫1,2,57565→57565,HIP57565→HIP57565,
韓國,CON korean 206,Chamberlain,,從官,筆畫1,2,56975→56975,HIP56975→HIP56975,
韓國,CON korean 207,Five Emperor,,五帝座,筆畫1,2,57632→58159,Denebola→HIP58159,
韓國,CON korean 208,Folding Screen,,屏,筆畫1,4,58948→58590→57380→57328,HIP58948→HIP58590→HIP57380→HIP57328,
韓國,CON korean 209,Three Minister,,三公,筆畫1,4,62325→61960→62267→62325,HIP62325→HIP61960→HIP62267→HIP62325,
韓國,CON korean 210,Officer for Audience,,謁者,筆畫1,2,60172→60172,HIP60172→HIP60172,
韓國,CON korean 211,Grave Front,,明堂,筆畫1,3,56647→56127→55084,HIP56647→HIP56127→HIP55084,
韓國,CON korean 212,Observatory,,靈臺,筆畫1,3,54182→53807→53907,HIP54182→HIP53807→HIP53907,
韓國,CON korean 213,Female Officer,,女御,筆畫1,5,80480→81854→79822→78661→80480,HIP80480→HIP81854→HIP79822→HIP78661→HIP80480,
韓國,CON korean 214,Wide Lodging Area,,傳舍,筆畫1,7,9598→115088→113864→112724→108917→105199→102422,HIP9598→HIP115088→HIP113864→HIP112724→Kurhah→Alderamin→Kabalfird,
韓國,CON korean 215,Eight Cereals,,八穀,筆畫1,7,22783→29997→33449→28358→25197→23522→22783,HIP22783→HIP29997→HIP33449→HIP28358→HIP25197→HIP23522→HIP22783,
韓國,CON korean 215,Eight Cereals,,八穀,筆畫2,3,25197→23040→23783,HIP25197→HIP23040→HIP23783,
韓國,CON korean 216,Advance Guard,,天棓,筆畫1,5,87585→85819→85670→87833→86414,Grumium→HIP85819→Rastaban→Eltanin→HIP86414,
韓國,CON korean 217,Three Ministers,,三公,筆畫1,4,66234→64906→65550→66234,HIP66234→HIP64906→HIP65550→HIP66234,
韓國,CON korean 218,Three Ministers,,三公,筆畫1,4,52353→51448→50933→52353,HIP52353→HIP51448→HIP50933→HIP52353,
韓國,CON korean 219,Northern Dipper,,北斗,筆畫1,7,67301→65378→62956→59774→58001→53910→54061,Alkaid→Mizar→Alioth→Megrez→Phecda→Merak→Dubhe,
韓國,CON korean 220,Helper,,攝提,筆畫1,2,65477→65477,Alcor→Alcor,
韓國,CON korean 221,Virtue,,陰德,筆畫1,2,74605→73199,HIP74605→HIP73199,
韓國,CON korean 222,Emperor's God of War,,天一,筆畫1,2,61384→61384,HIP61384→HIP61384,
韓國,CON korean 223,Emperor's God of Weather,,太一,筆畫1,2,60998→60998,HIP60998→HIP60998,
韓國,CON korean 224,Inner Kitchen,,內廚,筆畫1,2,63432→63076,HIP63432→Taiyi,
韓國,CON korean 225,Flap of Flag,,玄戈,筆畫1,2,73555→73555,Nekkar→Nekkar,
韓國,CON korean 226,Minister,,相,筆畫1,2,57399→57399,Taiyangshou→Taiyangshou,
韓國,CON korean 227,General and Minister,,太陽守,筆畫1,2,54539→54539,HIP54539→HIP54539,
韓國,CON korean 228,Jail of Sky,,天理,筆畫1,7,53043→53261→52136→51459→51814→52478→53043,HIP53043→HIP53261→HIP52136→HIP51459→HIP51814→HIP52478→HIP53043,
韓國,CON korean 229,Six Department,,文昌,筆畫1,7,41704→45075→46733→48319→48402→46853→44901,Muscida→Alhaud II→Alhaud IV→Alhaud VI→Alhaud VII→Alhaud V→Alhaud I,
韓國,CON korean 230,Inner Stairway,,內階,筆畫1,6,47594→46977→45038→44390→42527→42080,HIP47594→Althiba VII→Althiba VI→Althiba IV→Althiba III→HIP42080,
韓國,CON korean 231,Spear of Sky,,天槍,筆畫1,3,69713→70497→69483,Asellus Secundus→Asellus Primus→Asellus Tertius,
韓國,CON korean 232,Cover for Emperor,,華蓋,筆畫1,10,107119→108535→106032→107119→109400→111532→114222→116727→108535→114222,HIP107119→HIP108535→Alfirk→HIP107119→HIP109400→HIP111532→Al Aghnam II→Errai→HIP108535→Al Aghnam II,
韓國,CON korean 232,Cover for Emperor,,華蓋,筆畫2,3,111532→108535→109400,HIP111532→HIP108535→HIP109400,
韓國,CON korean 233,Place for Five Emperor,,五帝内座,筆畫1,3,94648→92056→89937,Athafi II→HIP92056→Alahakan,
韓國,CON korean 233,Place for Five Emperor,,五帝内座,筆畫2,3,92782→92056→92112,Athafi I→HIP92056→HIP92112,
韓國,CON korean 234,60 Years,,六甲,筆畫1,2,99255→99255,Al Aghnam I→Al Aghnam I,
韓國,CON korean 235,Kitchen of Sky,,天廚,筆畫1,6,95081→98702→97433→96100→94376→95081,Tais I→Tais II→Tyl→Alsafi→Altais→Tais I,
韓國,CON korean 236,North Pole,,北極,筆畫1,5,75097→72607→70692→69112→62572,Pherkad→Kochab→HIP70692→HIP69112→HIP62572,
韓國,CON korean 237,Wound Lodge,,勾陳,筆畫1,6,112519→5372→11767→85822→82080→77055,HIP112519→HIP5372→Polaris→Yildun→Circitores→Akfa Farkadain,
韓國,CON korean 238,Single-log Bridge,,杠,筆畫1,7,102208→100965→102599→104756→105727→104105→104968,HIP102208→HIP100965→HIP102599→HIP104756→HIP105727→HIP104105→HIP104968,
韓國,CON korean 239,Great Emperor,,天皇,筆畫1,2,113116→113116,HIP113116→HIP113116,
韓國,CON korean 240,Officer for Opinion,,尙書,筆畫1,3,75974→77277→75260,HIP75974→HIP77277→HIP75260,
韓國,CON korean 240,Officer for Opinion,,尙書,筆畫2,3,75256→77277→75696,HIP75256→HIP77277→HIP75696,
韓國,CON korean 241,Pillar of Sky,,天柱,筆畫1,3,79414→79867→80161,HIP79414→HIP79867→HIP80161,
韓國,CON korean 241,Pillar of Sky,,天柱,筆畫2,4,78893→79867→80650→80161,HIP78893→HIP79867→HIP80650→HIP80161,
韓國,CON korean 242,Secretary,,柱下史,筆畫1,2,86614→86614,Dziban→Dziban,
韓國,CON korean 243,Maid,,女史,筆畫1,2,87728→87728,HIP87728→HIP87728,
韓國,CON korean 244,Desk of Woman,,女床,筆畫1,3,85112→84606→84380,HIP85112→HIP84606→HIP84380,
韓國,CON korean 245,Judge Prison,,天理,筆畫1,3,57477→58181→56035,HIP57477→HIP58181→HIP56035,
韓國,CON korean 246,Purple Fence,,紫微垣,筆畫1,7,89908→86201→83895→80331→78527→75458→68756,Aldhiba→HIP86201→Aldhibah→Athebyne→HIP78527→Edasich→Thuban,
韓國,CON korean 247,Purple Fence,,紫微垣,筆畫1,6,61281→56211→52425→47654→33694→25110,HIP61281→Giausar→HIP52425→HIP47654→HIP33694→HIP25110,
韓國,CON korean 248,Order of Sky,,天紀,筆畫1,9,90191→89826→88836→89172→87998→87933→86974→85693→84379,Al Athfar→HIP89826→HIP88836→HIP89172→HIP87998→HIP87933→HIP86974→Maasym→Sarin,
韓國,CON korean 249,Seven Minister,,七公,筆畫1,7,81833→81126→79992→79101→77760→75411→74666,HIP81833→HIP81126→HIP79992→HIP79101→HIP77760→Alkalurops→Thiba,
韓國,CON korean 250,Thread Straw,,貫索,筆畫1,7,78493→78159→77512→76952→76267→75695→76127,HIP78493→HIP78159→HIP77512→HIP76952→Alphecca→Nusakan→HIP76127,
韓國,CON korean 251,Market Fence,,天市垣,筆畫1,11,84012→86263→88048→89962→91975→92946→93747→92043→90139→88886→88267,Sabik→HIP86263→HIP88048→HIP89962→HIP91975→Alya→Okab→HIP92043→HIP90139→HIP88886→HIP88267,
韓國,CON korean 252,Market Fence,,天市垣,筆畫1,11,80816→80170→79043→78072→77233→76276→77070→77622→79593→79882→81377,Kornephoros→Nasak Shamiya III→Marsic→Nasak Shamiya II→Nasak Shamiya I→Nasak Yamani I→Unukalhai→Nasak Yamani II→Yed Prior→Yed Posterior→Saik,
韓國,CON korean 253,Feudal Lord,,侯,筆畫1,2,86032→86032,Rasalhague→Rasalhague,
韓國,CON korean 254,Seat for Emperor,,帝座,筆畫1,2,84345→84345,Rasalgethi→Rasalgethi,
韓國,CON korean 255,Royal Family,,宗星,筆畫1,2,88771→88765,HIP88771→HIP88765,
韓國,CON korean 256,Head of Family,,宗正,筆畫1,2,86742→87108,Cebalrai→Muliphen,
韓國,CON korean 257,Record of Family,,宗人,筆畫1,3,88149→88601→88290,HIP88149→HIP88601→HIP88290,
韓國,CON korean 257,Record of Family,,宗人,筆畫2,2,88601→88192,HIP88601→HIP88192,
韓國,CON korean 258,Officer for Family,,宗大夫,筆畫1,5,91217→91237→89918→89772→91217,HIP91217→HIP91237→HIP89918→HIP89772→HIP91217,
韓國,CON korean 259,Tower in Market,,市樓,筆畫1,7,84402→83962→86284→85922→85365→84880→84402,HIP84402→HIP83962→HIP86284→HIP85922→HIP85365→HIP84880→HIP84402,
韓國,CON korean 260,Measure Cereal,,斛,筆畫1,4,80883→80179→79488→80351,Marfik→HIP80179→HIP79488→HIP80351,
韓國,CON korean 261,Cereal Measure Regulation,,斗宿,筆畫1,5,83000→82673→82073→82402→82216,HIP83000→HIP82673→HIP82073→HIP82402→HIP82216,
韓國,CON korean 262,Eunuch,,勢,筆畫1,4,84671→84177→83613→83430,HIP84671→HIP84177→HIP83613→HIP83430,
韓國,CON korean 263,Officer for Chariots,,車肆,筆畫1,2,84514→82369,HIP84514→HIP82369,
韓國,CON korean 264,Measure Amount,,帛度,筆畫1,2,90067→88899,HIP90067→HIP88899,
韓國,CON korean 265,Butchery,,屠肆,筆畫1,2,93244→92161,Deneb al Okab Borealis→HIP92161,
韓國,CON korean 266,Officer for Jewel,,列肆,筆畫1,2,80463→81008,Cujam→HIP81008,
韓國,CON korean 267,Royal,,左轄,筆畫1,2,61174→61174,HIP61174→HIP61174,
韓國,CON korean 268,Lord,,右轄,筆畫1,2,59199→59199,Alchiba→Alchiba,
韓國,CON korean 269,Left Executor,,左執法,筆畫1,2,60129→60129,Zaniah→Zaniah,
韓國,CON korean 270,Right Executor,,右執法,筆畫1,2,57757→57757,Zavijava→Zavijava,
韓國,CON korean 271,Crossbeam for Heo,,虛梁,筆畫1,4,110532→110273→110009→109472,HIP110532→HIP110273→HIP110009→HIP109472,
韓國,CON korean 272,Threading Coins,,天錢,筆畫1,8,109786→110391→110746→110529→109990→109737→109375→109786,HIP109786→HIP110391→HIP110746→HIP110529→HIP109990→HIP109737→HIP109375→HIP109786,
曼達爾,CON mandar 001,Slanted House,Bittoéng Sapo Kepang,斜屋,筆畫1,4,59196→61084→59747→59196,HIP59196→Gacrux→Imai→HIP59196,
曼達爾,CON mandar 001,Slanted House,Bittoéng Sapo Kepang,斜屋,筆畫2,2,60718→59747,Acrux→Imai,
曼達爾,CON mandar 001,Slanted House,Bittoéng Sapo Kepang,斜屋,筆畫3,2,62434→61084,Mimosa→Gacrux,
曼達爾,CON mandar 002,Shark,Bittoéng Mangiwang,鯊魚,筆畫1,19,87261→85927→85696→86670→87073→86228→85792→85258→88714→90422→90185→89931→92855→92041→90496→89341→89931→88635→87261,Fuyue→Shaula→Lesath→Mula→Girtab→Sargas→HIP85792→HIP85258→HIP88714→HIP90422→Kaus Australis→Kaus Media→Nunki→Namalsadirah I→Kaus Borealis→Polis→Kaus Media→Alnasl→Fuyue,
曼達爾,CON mandar 003,Stingray,Bittoéng Lambaru,黃貂魚,筆畫1,4,78820→78104→80112→78820,Acrab→Iklil→Alniyat→Acrab,
曼達爾,CON mandar 003,Stingray,Bittoéng Lambaru,黃貂魚,筆畫2,6,80112→80763→81266→82396→82514→82729,Alniyat→Antares→Paikauhale→Larawag→Xamidimura→HIP82729,
曼達爾,CON mandar 003,Stingray,Bittoéng Lambaru,黃貂魚,筆畫3,2,78401→78401,Dschubba→Dschubba,
曼達爾,CON mandar 003,Stingray,Bittoéng Lambaru,黃貂魚,筆畫4,2,78265→78265,Fang→Fang,
曼達爾,CON mandar 004,Fishing Net,Bittoéng Panjala,捕魚網,筆畫1,6,53910→54061→56211→61281→68756→70497,Merak→Dubhe→Giausar→HIP61281→Thuban→Asellus Primus,
曼達爾,CON mandar 004,Fishing Net,Bittoéng Panjala,捕魚網,筆畫2,2,58001→59774,Phecda→Megrez,
曼達爾,CON mandar 004,Fishing Net,Bittoéng Panjala,捕魚網,筆畫3,2,62956→62956,Alioth→Alioth,
曼達爾,CON mandar 004,Fishing Net,Bittoéng Panjala,捕魚網,筆畫4,2,65378→67301,Mizar→Alkaid,
曼達爾,CON mandar 005,Group of Three Stars,Bittoéng Tallu-tallu,三星一組,筆畫1,3,26727→26311→25930,Alnitak→Alnilam→Mintaka,
曼達爾,CON mandar 005,Group of Three Stars,Bittoéng Tallu-tallu,三星一組,筆畫2,3,22449→22549→22797,Tabit→Al Taj II→Al Taj III,
曼達爾,CON mandar 006,Widow,Bittoéng Tuwallu,寡婦,筆畫1,2,68702→71683,Hadar→Alpha Centauri,
毛利,CON maori 001,Taki-o-Autahi,,Taki-o-Autahi,筆畫1,2,61084→60718,Gacrux→Acrux,
毛利,CON maori 001,Taki-o-Autahi,,Taki-o-Autahi,筆畫2,2,62434→59747,Mimosa→Imai,
毛利,CON maori 002,Te Taura-o-te-waka-o-tamarereti,,Te Taura-o-te-waka-o-tamarereti,筆畫1,2,68702→71683,Hadar→Alpha Centauri,
毛利,CON maori 003,Tau-toro,,Tau-toro,筆畫1,3,26727→26311→25930,Alnitak→Alnilam→Mintaka,
毛利,CON maori 004,The Great Boat of Tama Rereti,,The Great Boat of Tama Rereti,筆畫1,9,82396→82514→82671→84143→86228→87073→86670→85927→85696,Larawag→Xamidimura→HIP82671→HIP84143→Sargas→Girtab→Mula→Shaula→Lesath,
毛利,CON maori 005,Matakarehu,,Matakarehu,筆畫1,5,21421→20894→20205→20455→20889,Aldebaran→Chamukuy→Prima Hyadum→Secunda Hyadum→Ain,
毛利,CON maori 006,The Sail of Tainui,,The Sail of Tainui,筆畫1,5,21421→20894→20205→20455→20889,Aldebaran→Chamukuy→Prima Hyadum→Secunda Hyadum→Ain,
毛利,CON maori 006,The Sail of Tainui,,The Sail of Tainui,筆畫2,2,21421→20889,Aldebaran→Ain,
毛利,CON maori 006,The Sail of Tainui,,The Sail of Tainui,筆畫3,2,20205→25930,Prima Hyadum→Mintaka,
毛利,CON maori 006,The Sail of Tainui,,The Sail of Tainui,筆畫4,2,17499→20205,Electra→Prima Hyadum,
毛利,CON maori 006,The Sail of Tainui,,The Sail of Tainui,筆畫5,3,26727→26311→25930,Alnitak→Alnilam→Mintaka,
蒙古,CON mongolian 001,The Bow and the Arrow,,弓箭,筆畫1,5,94779→95853→97165→100453→102098,Fawaris I→HIP95853→Fawaris→Sadr→Deneb,
蒙古,CON mongolian 001,The Bow and the Arrow,,弓箭,筆畫2,4,100453→102488→104732→107310,Sadr→Aljanah→Fawaris III→HIP107310,
蒙古,CON mongolian 001,The Bow and the Arrow,,弓箭,筆畫3,3,100453→98110→95947,Sadr→HIP98110→Albireo,
蒙古,CON mongolian 002,The Five Stars Woman,,五顆星的人,筆畫1,5,8886→6686→4427→3179→746,Segin→Ruchbah→Navi→Shedar→Caph,
蒙古,CON mongolian 003,The Seven Buddhas,,七佛,筆畫1,8,67301→65378→62956→59774→58001→53910→54061→59774,Alkaid→Mizar→Alioth→Megrez→Phecda→Merak→Dubhe→Megrez,7.Horse→6.Snake→5.Dragon / 12.Pig→4.Rabbit / 11.Dog→3.Tiger / 10.Rooster→2.Ox / 9.Monkey→1.Rat / 8.Sheep/Goat→4.Rabbit / 11.Dog
蒙古,CON mongolian 004,The Three Stags,,三頭雄鹿,筆畫1,4,102098→91262→97649→102098,Deneb→Vega→Altair→Deneb,
納瓦荷,CON navajo 001,Revolving Male,,旋轉男,筆畫1,5,62956→64906→67301→65378→62956,Alioth→HIP64906→Alkaid→Mizar→Alioth,
納瓦荷,CON navajo 001,Revolving Male,,旋轉男,筆畫2,3,60485→62956→68756,HIP60485→Alioth→Thuban,
納瓦荷,CON navajo 001,Revolving Male,,旋轉男,筆畫3,6,62956→59774→54061→46733→45075→42527,Alioth→Megrez→Dubhe→Alhaud IV→Alhaud II→Althiba III,
納瓦荷,CON navajo 001,Revolving Male,,旋轉男,筆畫4,5,54061→53910→51459→48402→47006,Dubhe→Merak→HIP51459→Alhaud VII→HIP47006,
納瓦荷,CON navajo 001,Revolving Male,,旋轉男,筆畫5,5,53910→58001→60485→62223→63125,Merak→Phecda→HIP60485→La Superba→Cor Caroli,
納瓦荷,CON navajo 002,Revolving Female,,旋轉女,筆畫1,5,13268→9220→8886→7956→9480,Miram→HIP9220→Segin→HIP7956→HIP9480,
納瓦荷,CON navajo 002,Revolving Female,,旋轉女,筆畫2,4,7956→4427→746→110991,HIP7956→Navi→Caph→HIP110991,
納瓦荷,CON navajo 002,Revolving Female,,旋轉女,筆畫3,3,746→2920→116584,Caph→Fulu→HIP116584,
納瓦荷,CON navajo 002,Revolving Female,,旋轉女,筆畫4,3,2920→6686→9220,Fulu→Ruchbah→HIP9220,
納瓦荷,CON navajo 002,Revolving Female,,旋轉女,筆畫5,4,8886→12239→11569→8886,Segin→HIP12239→HIP11569→Segin,
納瓦荷,CON navajo 003,Man with Feet Apart,,張開腿的男人,筆畫1,6,61941→64238→61740→60965→61359→62683,Porrima→HIP64238→HIP61740→Algorab→Kraz→HIP62683,
納瓦荷,CON navajo 003,Man with Feet Apart,,張開腿的男人,筆畫2,4,61359→59316→59199→57936,Kraz→Minkar→Alchiba→HIP57936,
納瓦荷,CON navajo 003,Man with Feet Apart,,張開腿的男人,筆畫3,4,59316→59803→60019→56633,Minkar→Gienah→HIP60019→HIP56633,
納瓦荷,CON navajo 003,Man with Feet Apart,,張開腿的男人,筆畫4,3,60019→60816→61740,HIP60019→HIP60816→HIP61740,
納瓦荷,CON navajo 003,Man with Feet Apart,,張開腿的男人,筆畫5,7,60816→60900→59961→59872→61578→61542→60900,HIP60816→HIP60900→HIP59961→HIP59872→HIP61578→HIP61542→HIP60900,
納瓦荷,CON navajo 004,Lizard,,蜥蜴,筆畫1,2,12777→7607,HIP12777→Nembus,
納瓦荷,CON navajo 004,Lizard,,蜥蜴,筆畫2,2,12777→9640,HIP12777→Almach,
納瓦荷,CON navajo 004,Lizard,,蜥蜴,筆畫3,3,7607→8068→9505,Nembus→HIP8068→HIP9505,
納瓦荷,CON navajo 004,Lizard,,蜥蜴,筆畫4,3,7607→4436→1366,Nembus→HIP4436→HIP1366,
納瓦荷,CON navajo 004,Lizard,,蜥蜴,筆畫5,4,4436→2912→677→113881,HIP4436→HIP2912→Alpheratz→Scheat,
納瓦荷,CON navajo 004,Lizard,,蜥蜴,筆畫6,4,677→3092→5447→5586,Alpheratz→HIP3092→Mirach→HIP5586,
納瓦荷,CON navajo 004,Lizard,,蜥蜴,筆畫7,4,5447→9640→10064→10670,Mirach→Almach→Mizan→HIP10670,
納瓦荷,CON navajo 005,Dilyehe,,Dilyehe,筆畫1,4,17847→17851→17702→17847,Atlas→Pleione→Alcyone→Atlas,
納瓦荷,CON navajo 005,Dilyehe,,Dilyehe,筆畫2,5,17702→17608→17499→17531→17702,Alcyone→Merope→Electra→Taygeta→Alcyone,
納瓦荷,CON navajo 006,First Big One,,首大漢,筆畫1,6,79593→78727→76333→77853→76470→75177,Yed Prior→Grafias→Zubenelhakrabi→HIP77853→HIP76470→HIP75177,
納瓦荷,CON navajo 006,First Big One,,首大漢,筆畫2,6,78727→78401→78265→78104→77634→78384,Grafias→Dschubba→Fang→Iklil→HIP77634→HIP78384,
納瓦荷,CON navajo 006,First Big One,,首大漢,筆畫3,4,78104→81266→82396→82514,Iklil→Paikauhale→Larawag→Xamidimura,
納瓦荷,CON navajo 006,First Big One,,首大漢,筆畫4,5,81266→80975→80894→81377→84012,Paikauhale→HIP80975→HIP80894→Saik→Sabik,
納瓦荷,CON navajo 006,First Big One,,首大漢,筆畫5,3,81377→79375→79882,Saik→HIP79375→Yed Posterior,
納瓦荷,CON navajo 006,First Big One,,首大漢,筆畫6,2,79375→79593,HIP79375→Yed Prior,
納瓦荷,CON navajo 007,Rabbit Tracks,,兔跡,筆畫1,3,85927→86670→87073,Shaula→Mula→Girtab,
納瓦荷,CON navajo 007,Rabbit Tracks,,兔跡,筆畫2,2,86670→85696,Mula→Lesath,
納瓦荷,CON navajo 008,First Slim One,,首細漢,筆畫1,4,22957→22449→22549→22797,Al Kumm II→Tabit→Al Taj II→Al Taj III,
納瓦荷,CON navajo 008,First Slim One,,首細漢,筆畫2,7,28614→27989→28614→28686→29508→29138→28614,HIP28614→Betelgeuse→HIP28614→HIP28686→HIP29508→HIP29138→HIP28614,
納瓦荷,CON navajo 008,First Slim One,,首細漢,筆畫3,2,27989→26207,Betelgeuse→Meissa,
納瓦荷,CON navajo 008,First Slim One,,首細漢,筆畫4,2,27989→25336,Betelgeuse→Bellatrix,
納瓦荷,CON navajo 008,First Slim One,,首細漢,筆畫5,4,27989→25930→25281→24436,Betelgeuse→Mintaka→Saif al Jabbar→Rigel,
納瓦荷,CON navajo 008,First Slim One,,首細漢,筆畫6,4,25930→26311→26727→27989,Mintaka→Alnilam→Alnitak→Betelgeuse,
納瓦荷,CON navajo 008,First Slim One,,首細漢,筆畫7,3,26727→26199→27366,Alnitak→HIP26199→Saiph,
北歐,CON norse 001,Aurvandil's Toe,,Aurvandil 腳指,筆畫1,7,76127→75695→76267→76952→77512→78159→78493,HIP76127→Nusakan→Alphecca→HIP76952→HIP77512→HIP78159→HIP78493,
北歐,CON norse 002,Wolf's Mouth,,狼嘴,筆畫1,5,21421→20894→20205→20455→20889,Aldebaran→Chamukuy→Prima Hyadum→Secunda Hyadum→Ain,
北歐,CON norse 003,The Fishermen,,漁夫,筆畫1,3,26727→26311→25930,Alnitak→Alnilam→Mintaka,
北歐,CON norse 004,Woman's Cart,,女人的推車,筆畫1,8,11767→85822→82080→77055→79822→75097→72607→77055,Polaris→Yildun→Circitores→Akfa Farkadain→HIP79822→Pherkad→Kochab→Akfa Farkadain,Guide Star→—→—→—→—→—→—→—
北歐,CON norse 005,Man's Cart,,男人的推車,筆畫1,8,67301→65378→62956→59774→54061→53910→58001→59774,Alkaid→Mizar→Alioth→Megrez→Dubhe→Merak→Phecda→Megrez,
北歐,CON norse 006,The Asar Battlefield,,Asar 戰場,筆畫1,5,28380→28360→24608→23453→23015,Mahasim→Menkalinan→Capella→Saclateni→Hassaleh,
北歐,CON norse 006,The Asar Battlefield,,Asar 戰場,筆畫2,2,25428→23015,Elnath→Hassaleh,
北歐,CON norse 006,The Asar Battlefield,,Asar 戰場,筆畫3,2,25428→28380,Elnath→Mahasim,
羅馬尼亞,CON romanian UMa,The Great Chariot,Carul Mare,大戰車,筆畫1,8,67301→65378→62956→59774→54061→53910→58001→59774,Alkaid→Mizar→Alioth→Megrez→Dubhe→Merak→Phecda→Megrez,
羅馬尼亞,CON romanian UMa,The Great Chariot,Carul Mare,大戰車,筆畫2,4,58001→57399→54539→50372,Phecda→Taiyangshou→HIP54539→Tania Borealis,
羅馬尼亞,CON romanian UMa,The Great Chariot,Carul Mare,大戰車,筆畫3,2,54539→50801,HIP54539→Tania Australis,
羅馬尼亞,CON romanian UMa,The Great Chariot,Carul Mare,大戰車,筆畫4,4,53910→48402→46853→44471,Merak→Alhaud VII→Alhaud V→Alkaphrah,
羅馬尼亞,CON romanian UMa,The Great Chariot,Carul Mare,大戰車,筆畫5,2,46853→44127,Alhaud V→Talitha,
羅馬尼亞,CON romanian UMa,The Great Chariot,Carul Mare,大戰車,筆畫6,5,48402→48319→41704→46733→54061,Alhaud VII→Alhaud VI→Muscida→Alhaud IV→Dubhe,
羅馬尼亞,CON romanian C3i,The She-Goat with Three She-Goat’s Kids,Capra,母山羊與它的三隻小山羊,筆畫1,5,24608→23767→23416→23453→23767,Capella→Haedus→Almaaz→Saclateni→Haedus,
羅馬尼亞,CON romanian Csa,The Scythe,Coasa,大鐮刀,筆畫1,5,116727→105199→107259→109492→110991,Errai→Alderamin→The Garnet Star→HIP109492→HIP110991,
羅馬尼亞,CON romanian Csa,The Scythe,Coasa,大鐮刀,筆畫2,2,106032→109400,Alfirk→HIP109400,
羅馬尼亞,CON romanian Cio,The Shepherd with His Sheep,Ciobanul cu oile,牧羊人與羊,筆畫1,6,91262→91971→92791→93194→92420→91971,Vega→Nasr Alwaki I→HIP92791→Sulafat→Sheliak→Nasr Alwaki I,The Shepherd→—→—→—→—→—
羅馬尼亞,CON romanian Hra,The Ring Dance,Hora,繞圈舞蹈,筆畫1,8,76127→75695→76267→76952→77512→78159→78493→76127,HIP76127→Nusakan→Alphecca→HIP76952→HIP77512→HIP78159→HIP78493→HIP76127,
羅馬尼亞,CON romanian Jgb,The Wall with a Drain,Jgheabul si putul,有水道的牆,筆畫1,6,9640→5447→3092→677→113881→113963,Almach→Mirach→HIP3092→Alpheratz→Scheat→Markab,
羅馬尼亞,CON romanian Jgb,The Wall with a Drain,Jgheabul si putul,有水道的牆,筆畫2,2,677→1067,Alpheratz→Algenib,
羅馬尼亞,CON romanian Tdz,God’s Chair,Tronul,神椅,筆畫1,5,8886→6686→4427→2599→746,Segin→Ruchbah→Navi→HIP2599→Caph,
羅馬尼亞,CON romanian Tdz,God’s Chair,Tronul,神椅,筆畫2,2,6686→5542,Ruchbah→Marfak,
羅馬尼亞,CON romanian Tdz,God’s Chair,Tronul,神椅,筆畫3,2,4427→3179,Navi→Shedar,
羅馬尼亞,CON romanian Fap,The Emperor’s Daughter with a Yoke,Fata de imparat,挑擔的皇帝女兒,筆畫1,3,97278→97649→98036,Tarazed→Altair→Alshain,
羅馬尼亞,CON romanian Ccp,The Hatching Hen with Her Chicks,Closca cu pui,孵蛋的母雞與小雞,筆畫1,6,17847→17702→17573→17499→17608→17847,Atlas→Alcyone→Maia→Electra→Merope→Atlas,
羅馬尼亞,CON romanian UMi,The Little Chariot,Carul mic,小戰車,筆畫1,8,11767→85822→82080→77055→79822→75097→72607→77055,Polaris→Yildun→Circitores→Akfa Farkadain→HIP79822→Pherkad→Kochab→Akfa Farkadain,The Sky's Votive Light→—→—→—→—→—→—→—
羅馬尼亞,CON romanian Gem,The Brothers,Fratii,兄弟,筆畫1,8,37826→35550→34088→31681→30343→32246→36850→37826,Pollux→Wasat→Mekbuda→Alhena→Tejat→Mebsuta→Castor→Pollux,Remus→—→—→—→—→—→Romulus→Remus
羅馬尼亞,CON romanian Pma,The Great Cross,Crucea mare,大十字架,筆畫1,6,107310→104732→102488→100453→97165→95853,HIP107310→Fawaris III→Aljanah→Sadr→Fawaris→HIP95853,
羅馬尼亞,CON romanian Pma,The Great Cross,Crucea mare,大十字架,筆畫2,4,102098→100453→98110→95947,Deneb→Sadr→HIP98110→Albireo,
羅馬尼亞,CON romanian Pmi,The Little Cross,Crucea mica,小十字架,筆畫1,3,101421→101769→102532,Aldulfin→Rotanev→Al Salib,
羅馬尼亞,CON romanian Pmi,The Little Cross,Crucea mica,小十字架,筆畫2,2,102281→101958,Al Ukud→Sualocin,
羅馬尼亞,CON romanian Cap,The He-Goat,Tapul,公山羊,筆畫1,11,107556→107188→106723→105881→102978→102485→100345→104139→105515→106985→107556,Deneb Algedi→HIP107188→HIP106723→HIP105881→HIP102978→HIP102485→Dabih→HIP104139→HIP105515→Nashira→Deneb Algedi,
羅馬尼亞,CON romanian Rac,The Crayfish,Racul,小龍蝦,筆畫1,4,44066→42911→42806→43103,Acubens→Asellus Australis→Asellus Borealis→Zubanah,
羅馬尼亞,CON romanian Rac,The Crayfish,Racul,小龍蝦,筆畫2,2,40526→42911,Tarf→Asellus Australis,
羅馬尼亞,CON romanian Cal,The Horse,Calul,馬,筆畫1,7,49669→54879→57632→54872→50583→49583→49669,Regulus→Chertan→Denebola→Zosma→Algieba→Al Jabhah→Regulus,
羅馬尼亞,CON romanian Cal,The Horse,Calul,馬,筆畫2,4,50583→50335→48455→47908,Algieba→Adhafera→Rasalas→Algenubi,
羅馬尼亞,CON romanian Dra,The Dragon,Balaurul,天龍座,筆畫1,16,87585→87833→85670→85829→87585→94376→97433→94648→89937→83895→80331→78527→75458→68756→61281→56211,Grumium→Eltanin→Rastaban→HIP85829→Grumium→Altais→Tyl→Athafi II→Alahakan→Aldhibah→Athebyne→HIP78527→Edasich→Thuban→HIP61281→Giausar,
羅馬尼亞,CON romanian Crb,The Raven,Corbul,烏鴉座,筆畫1,6,60965→59803→59316→59199→61359→60965,Algorab→Gienah→Minkar→Alchiba→Kraz→Algorab,
羅馬尼亞,CON romanian Cat,The Scales,Cantarul,天秤,筆畫1,5,73714→76333→74785→72622→73714,Brachium→Zubenelhakrabi→Zubeneschamali→Zubenelgenubi II→Brachium,
羅馬尼亞,CON romanian Vir,The Virgin,Fecioara,聖母,筆畫1,7,65474→61941→60129→57757→57380→58590→58948,Spica→Porrima→Zaniah→Zavijava→HIP57380→HIP58590→HIP58948,
羅馬尼亞,CON romanian Vir,The Virgin,Fecioara,聖母,筆畫2,4,61941→63090→66249→65474,Porrima→Minelauva→Heze→Spica,
羅馬尼亞,CON romanian Vir,The Virgin,Fecioara,聖母,筆畫3,7,73497→72631→72220→73350→71832→68520→66249,HIP73497→HIP72631→HIP72220→HIP73350→HIP71832→HIP68520→Heze,
羅馬尼亞,CON romanian Vir,The Virgin,Fecioara,聖母,筆畫4,2,63090→63608,Minelauva→Vindemiatrix,
羅馬尼亞,CON romanian Psc,The Carp,Crapii,鯉魚,筆畫1,15,113889→114971→115738→116928→118268→4906→5737→7007→7884→8404→8833→9487→8198→7097→5742,Fumalsamakah→HIP114971→HIP115738→HIP116928→HIP118268→HIP4906→Revati→HIP7007→HIP7884→HIP8404→HIP8833→Alrescha→Torcular→Alpherg→HIP5742,
羅馬尼亞,CON romanian Psc,The Carp,Crapii,鯉魚,筆畫2,4,113889→115830→116771→118268,Fumalsamakah→HIP115830→HIP116771→HIP118268,
羅馬尼亞,CON romanian Psc,The Carp,Crapii,鯉魚,筆畫3,6,5742→5914→6315→5586→4893→5742,HIP5742→HIP5914→HIP6315→HIP5586→HIP4893→HIP5742,
羅馬尼亞,CON romanian Ber,The Ram,Berbecul,白羊座,筆畫1,6,8832→8903→9884→13209→13914→14838,Mesarthim→Sheratan→Hamal→Bharani→Al Butain III→Botein,
羅馬尼亞,CON romanian Ber,The Ram,Berbecul,白羊座,筆畫2,2,13914→15110,Al Butain III→Al Butain IV,
羅馬尼亞,CON romanian Cma,The Mastiff,Dulaul,獒犬,筆畫1,6,32349→30324→30122→33579→33856→35904,Sirius→Mirzam→Furud→Adhara→Unurgunite→Aludra,Morning Star→—→—→—→—→—
羅馬尼亞,CON romanian Cma,The Mastiff,Dulaul,獒犬,筆畫2,2,33579→32349,Adhara→Sirius,—→Morning Star
羅馬尼亞,CON romanian Ctl,The Little Dog,Catelul,小狗,筆畫1,2,37279→36188,Procyon→Gomeisa,
羅馬尼亞,CON romanian Vca,The Herdsman,Vacarul,牧人,筆畫1,12,67459→67927→71795→72125→72105→74666→73555→71075→71053→72105→67927→67275,HIP67459→Muphrid→HIP71795→HIP72125→Izar→Thiba→Nekkar→Seginus→HIP71053→Izar→Muphrid→HIP67275,
羅馬尼亞,CON romanian Vca,The Herdsman,Vacarul,牧人,筆畫2,3,74666→75411→76041,Thiba→Alkalurops→HIP76041,
羅馬尼亞,CON romanian Vca,The Herdsman,Vacarul,牧人,筆畫3,3,71075→69732→69483,Seginus→Xuange→Asellus Tertius,
羅馬尼亞,CON romanian Vca,The Herdsman,Vacarul,牧人,筆畫4,2,70497→69732,Asellus Primus→Xuange,
羅馬尼亞,CON romanian Prb,The Turtle Dove,Porumbita,斑鳩,筆畫1,4,25859→27766→28199→29807,HIP25859→HIP27766→HIP28199→Kurud II,
羅馬尼亞,CON romanian Prb,The Turtle Dove,Porumbita,斑鳩,筆畫2,2,26634→28199,Phact→HIP28199,
羅馬尼亞,CON romanian Var,He Who Pours Out the Water,Varsatorul,倒水的人,筆畫1,8,102624→102618→103045→106278→109074→110395→110960→110672,HIP102624→Albali→Albulan I→Sadalsuud→Sadalmelik→Sadachbia→Sadaltager→Seat,
羅馬尼亞,CON romanian Var,He Who Pours Out the Water,Varsatorul,倒水的人,筆畫2,2,111497→110960,HIP111497→Sadaltager,
羅馬尼亞,CON romanian Var,He Who Pours Out the Water,Varsatorul,倒水的人,筆畫3,11,110395→112961→114939→115033→117756→117722→115438→113136→112716→109139→106278,Sadachbia→Hydor→HIP114939→HIP115033→HIP117756→HIP117722→HIP115438→Skat→HIP112716→HIP109139→Sadalsuud,
羅馬尼亞,CON romanian Var,He Who Pours Out the Water,Varsatorul,倒水的人,筆畫4,3,110395→110273→109139,Sadachbia→HIP110273→HIP109139,
羅馬尼亞,CON romanian Var,He Who Pours Out the Water,Varsatorul,倒水的人,筆畫5,3,117629→117218→116901,HIP117629→HIP117218→HIP116901,
羅馬尼亞,CON romanian Chi,The Whale,Chitul,鯨魚（雙魚座）,筆畫1,8,10324→11484→12828→13954→14135→12706→12093→11484,Al Kaff al Jidhmah I→Al Kaff al Jidhmah II→HIP12828→Menkar→Menkar→Kaffaljidhma→HIP12093→Al Kaff al Jidhmah II,
羅馬尼亞,CON romanian Chi,The Whale,Chitul,鯨魚（雙魚座）,筆畫2,9,12706→12387→10642→8645→11345→12390→12770→11783→11345,Kaffaljidhma→Al Kaff al Jidhmah III→HIP10642→Baten Kaitos→Sadr al Kaitos I→Sadr al Kaitos III→Sadr al Kaitos IV→Sadr al Kaitos II→Sadr al Kaitos I,
羅馬尼亞,CON romanian Chi,The Whale,Chitul,鯨魚（雙魚座）,筆畫3,5,8645→6537→5364→8102→8645,Baten Kaitos→Al Naymat I→Dheneb→Al Naymat II→Baten Kaitos,
羅馬尼亞,CON romanian Chi,The Whale,Chitul,鯨魚（雙魚座）,筆畫4,2,8778→8102,HIP8778→Al Naymat II,
羅馬尼亞,CON romanian Chi,The Whale,Chitul,鯨魚（雙魚座）,筆畫5,3,5364→3419→1562,Dheneb→Diphda→Deneb Kaitos Shemali,
羅馬尼亞,CON romanian Rar,The Little Plough,Rarita,小犁,筆畫1,7,25336→25930→26311→26727→27366→24436→25930,Bellatrix→Mintaka→Alnilam→Alnitak→Saiph→Rigel→Mintaka,
羅馬尼亞,CON romanian Sec,The Sickle,Secera,鐮刀,筆畫1,6,26237→26235→26199→25923→25247→24674,Mizan Batil I→Mizan Batil II→HIP26199→Thabit→HIP25247→HIP24674,
羅馬尼亞,CON romanian Sfm,The Great Auger,Sfredelul mare,大螺旋鑽,筆畫1,3,26727→26311→25930,Alnitak→Alnilam→Mintaka,
羅馬尼亞,CON romanian Sfm,The Great Auger,Sfredelul mare,大螺旋鑽,筆畫2,2,24436→26311,Rigel→Alnilam,
羅馬尼亞,CON romanian Tau,The Bull,Taurul,金牛座,筆畫1,7,21421→20894→20205→20455→20889→21251→21421,Aldebaran→Chamukuy→Prima Hyadum→Secunda Hyadum→Ain→HIP21251→Aldebaran,The Bright Star of the Pig→—→—→—→—→—→The Bright Star of the Pig
羅馬尼亞,CON romanian Omu,The Man,Omul,男人,筆畫1,8,79992→81126→81833→84380→84606→85112→87808→86414,HIP79992→HIP81126→HIP81833→HIP84380→HIP84606→HIP85112→HIP87808→HIP86414,
羅馬尼亞,CON romanian Omu,The Man,Omul,男人,筆畫2,4,81833→81693→83207→84380,HIP81833→HIP81693→HIP83207→HIP84380,
羅馬尼亞,CON romanian Omu,The Man,Omul,男人,筆畫3,3,81693→80816→80170,HIP81693→Kornephoros→Nasak Shamiya III,
羅馬尼亞,CON romanian Omu,The Man,Omul,男人,筆畫4,7,83207→85693→86974→87933→88794→88817→88528,HIP83207→Maasym→HIP86974→HIP87933→HIP88794→HIP88817→HIP88528,
羅馬尼亞,CON romanian Sar,The Serpent,Sarpele,蛇,筆畫1,8,78554→77661→76852→77450→78072→77233→77450→77661,HIP78554→HIP77661→HIP76852→Gudja→Nasak Shamiya II→Nasak Shamiya I→Gudja→HIP77661,
羅馬尼亞,CON romanian Sar,The Serpent,Sarpele,蛇,筆畫2,18,77233→76276→77070→77622→79593→79882→81377→84012→85755→86263→88048→89962→92946→88771→86032→83000→80883→79593,Nasak Shamiya I→Nasak Yamani I→Unukalhai→Nasak Yamani II→Yed Prior→Yed Posterior→Saik→Sabik→HIP85755→HIP86263→HIP88048→HIP89962→Alya→HIP88771→Rasalhague→HIP83000→Marfik→Yed Prior,
羅馬尼亞,CON romanian Sar,The Serpent,Sarpele,蛇,筆畫3,3,86032→86742→85355,Rasalhague→Cebalrai→HIP85355,
羅馬尼亞,CON romanian Sar,The Serpent,Sarpele,蛇,筆畫4,5,86742→87108→88192→88290→88601,Cebalrai→Muliphen→HIP88192→HIP88290→HIP88601,
羅馬尼亞,CON romanian Sar,The Serpent,Sarpele,蛇,筆畫5,2,88149→88192,HIP88149→HIP88192,
羅馬尼亞,CON romanian Sco,The Scorpion,Scorpia,天蠍座,筆畫1,7,74857→76470→76600→78104→78265→78401→78820,HIP74857→HIP76470→HIP76600→Iklil→Fang→Dschubba→Acrab,
羅馬尼亞,CON romanian Sco,The Scorpion,Scorpia,天蠍座,筆畫2,5,78401→80763→81266→82396→82514,Dschubba→Antares→Paikauhale→Larawag→Xamidimura,
羅馬尼亞,CON romanian Bar,The Axe,Barda,斧,筆畫1,5,18246→18614→18532→17448→18246,Atik→Menkib→HIP18532→Atik→Atik,
羅馬尼亞,CON romanian Bar,The Axe,Barda,斧,筆畫2,11,18532→15863→14328→13268→13531→12777→14632→15863→14668→14576→14354,HIP18532→Mirfak→HIP14328→Miram→HIP13531→HIP12777→HIP14632→Mirfak→Misam→Algol→Gorgonea Tertia,
羅馬尼亞,CON romanian Bar,The Axe,Barda,斧,筆畫3,2,13254→14576,HIP13254→Algol,
羅馬尼亞,CON romanian Arc,The Archer,Arcasul,射手（人馬座）,筆畫1,6,92041→90185→89931→90496→92041→92855,Namalsadirah I→Kaus Australis→Kaus Media→Kaus Borealis→Namalsadirah I→Nunki,
羅馬尼亞,CON romanian Arc,The Archer,Arcasul,射手（人馬座）,筆畫2,7,90496→92111→93085→93683→94141→94820→95168,Kaus Borealis→HIP92111→HIP93085→HIP93683→Albaldah→HIP94820→HIP95168,
羅馬尼亞,CON romanian Trf,The Three Saints,Trisfetitele,三聖人,筆畫1,3,26727→26311→25930,Alnitak→Alnilam→Mintaka,
羅馬尼亞,CON romanian Vri,The Boars,Vierii,野豬,筆畫1,7,21421→20894→20205→20455→20889→21251→21421,Aldebaran→Chamukuy→Prima Hyadum→Secunda Hyadum→Ain→HIP21251→Aldebaran,The Bright Star of the Pig→—→—→—→—→—→The Bright Star of the Pig
呂埃勒,CON ruelle UMi,Ursa Minor,La Petite Ourse,小熊座,筆畫1,8,11767→85822→82080→77055→79822→75097→72607→77055,Polaris→Yildun→Circitores→Akfa Farkadain→HIP79822→Pherkad→Kochab→Akfa Farkadain,
呂埃勒,CON ruelle Dra,Draco,Le Dragon,天龍座,筆畫1,16,56211→61281→68756→75458→78527→80331→83895→86201→89908→94376→95081→92512→87585→85670→87833→87585,Giausar→HIP61281→Thuban→Edasich→HIP78527→Athebyne→Aldhibah→HIP86201→Aldhiba→Altais→Tais I→HIP92512→Grumium→Rastaban→Eltanin→Grumium,
呂埃勒,CON ruelle Dra,Draco,Le Dragon,天龍座,筆畫2,2,80650→80331,HIP80650→Athebyne,
呂埃勒,CON ruelle Dra,Draco,Le Dragon,天龍座,筆畫3,2,80650→83895,HIP80650→Aldhibah,
呂埃勒,CON ruelle Cam,Camelopardalis,La Giraffe,鹿豹座,筆畫1,4,23522→22783→32864→23522,HIP23522→HIP22783→HIP32864→HIP23522,
呂埃勒,CON ruelle Cam,Camelopardalis,La Giraffe,鹿豹座,筆畫2,2,32864→33104,HIP32864→HIP33104,
呂埃勒,CON ruelle Cas,Cassiopeia,Casiopée,仙后座,筆畫1,5,746→3179→4427→6686→8886,Caph→Shedar→Navi→Ruchbah→Segin,
呂埃勒,CON ruelle Cas,Cassiopeia,Casiopée,仙后座,筆畫2,2,2599→746,HIP2599→Caph,
呂埃勒,CON ruelle Cas,Cassiopeia,Casiopée,仙后座,筆畫3,2,2599→4427,HIP2599→Navi,
呂埃勒,CON ruelle Cas,Cassiopeia,Casiopée,仙后座,筆畫4,2,2920→3179,Fulu→Shedar,
呂埃勒,CON ruelle Cas,Cassiopeia,Casiopée,仙后座,筆畫5,2,5542→3179,Marfak→Shedar,
呂埃勒,CON ruelle Cas,Cassiopeia,Casiopée,仙后座,筆畫6,2,5542→6686,Marfak→Ruchbah,
呂埃勒,CON ruelle Cep,Cepheus,Cephée,仙王座,筆畫1,4,102422→105199→106032→112724,Kabalfird→Alderamin→Alfirk→HIP112724,
呂埃勒,CON ruelle Cep,Cepheus,Cephée,仙王座,筆畫2,2,106032→116727,Alfirk→Errai,
呂埃勒,CON ruelle Cep,Cepheus,Cephée,仙王座,筆畫3,4,112724→110991→105199→112724,HIP112724→HIP110991→Alderamin→HIP112724,
呂埃勒,CON ruelle UMa,Ursa Major,La Grande Ourse,大熊座,筆畫1,8,59774→54061→53910→58001→59774→62956→65378→67301,Megrez→Dubhe→Merak→Phecda→Megrez→Alioth→Mizar→Alkaid,
呂埃勒,CON ruelle UMa,Ursa Major,La Grande Ourse,大熊座,筆畫2,3,54061→48319→46733,Dubhe→Alhaud VI→Alhaud IV,
呂埃勒,CON ruelle UMa,Ursa Major,La Grande Ourse,大熊座,筆畫3,4,53910→46853→44471→44127,Merak→Alhaud V→Alkaphrah→Talitha,
呂埃勒,CON ruelle UMa,Ursa Major,La Grande Ourse,大熊座,筆畫4,6,58001→57399→54539→50801→50372→46853,Phecda→Taiyangshou→HIP54539→Tania Australis→Tania Borealis→Alhaud V,
呂埃勒,CON ruelle UMa,Ursa Major,La Grande Ourse,大熊座,筆畫5,2,54539→53910,HIP54539→Merak,
呂埃勒,CON ruelle Lyn,Lynx,Le Linx,天貓座,筆畫1,5,46952→45860→45688→44248→30060,HIP46952→HIP45860→HIP45688→HIP44248→HIP30060,
呂埃勒,CON ruelle Gem,Gemini,Les Gemeaux,雙子座,筆畫1,9,36850→32246→30343→30883→31681→34088→35550→37826→36850,Castor→Mebsuta→Tejat→Nucatai→Alhena→Mekbuda→Wasat→Pollux→Castor,
呂埃勒,CON ruelle Gem,Gemini,Les Gemeaux,雙子座,筆畫2,2,32246→34088,Mebsuta→Mekbuda,
呂埃勒,CON ruelle Aur,Auriga,Le Cocher,御夫座,筆畫1,5,24608→28360→28380→23015→24608,Capella→Menkalinan→Mahasim→Hassaleh→Capella,
呂埃勒,CON ruelle Aur,Auriga,Le Cocher,御夫座,筆畫2,3,24608→23416→23767,Capella→Almaaz→Haedus,
呂埃勒,CON ruelle Aur,Auriga,Le Cocher,御夫座,筆畫3,2,23416→23453,Almaaz→Saclateni,
呂埃勒,CON ruelle Aur,Auriga,Le Cocher,御夫座,筆畫4,2,23416→23015,Almaaz→Hassaleh,
呂埃勒,CON ruelle Aur,Auriga,Le Cocher,御夫座,筆畫5,3,24608→28358→28360,Capella→HIP28358→Menkalinan,
呂埃勒,CON ruelle Aur,Auriga,Le Cocher,御夫座,筆畫6,2,28358→27949,HIP28358→HIP27949,
呂埃勒,CON ruelle CMi,Canis Minor,Petit Chien,小犬座,筆畫1,2,37279→36188,Procyon→Gomeisa,
呂埃勒,CON ruelle Cnc,Cancer,L'ecrevisse,巨蟹座,筆畫1,3,44066→42911→40526,Acubens→Asellus Australis→Tarf,
呂埃勒,CON ruelle Cnc,Cancer,L'ecrevisse,巨蟹座,筆畫2,2,42911→42806,Asellus Australis→Asellus Borealis,
呂埃勒,CON ruelle Cnc,Cancer,L'ecrevisse,巨蟹座,筆畫3,3,44066→42795→40526,Acubens→HIP42795→Tarf,
呂埃勒,CON ruelle Cnc,Cancer,L'ecrevisse,巨蟹座,筆畫4,2,40843→42806,HIP40843→Asellus Borealis,
呂埃勒,CON ruelle Cnc,Cancer,L'ecrevisse,巨蟹座,筆畫5,2,40843→40526,HIP40843→Tarf,
呂埃勒,CON ruelle Per,Perseus,Persee,英仙座,筆畫1,5,14328→15863→14576→12777→14328,HIP14328→Mirfak→Algol→HIP12777→HIP14328,
呂埃勒,CON ruelle Per,Perseus,Persee,英仙座,筆畫2,6,15863→17358→18532→14576→18246→18532,Mirfak→HIP17358→HIP18532→Algol→Atik→HIP18532,
呂埃勒,CON ruelle Per,Perseus,Persee,英仙座,筆畫3,3,14576→14354→13879,Algol→Gorgonea Tertia→Gorgonea Secunda,
呂埃勒,CON ruelle Per,Perseus,Persee,英仙座,筆畫4,4,17358→19812→19167→17358,HIP17358→HIP19812→HIP19167→HIP17358,
呂埃勒,CON ruelle Tri,Triangulum,Le Triangle,三角座,筆畫1,4,8796→10064→10670→8796,Mothallah→Mizan→HIP10670→Mothallah,
呂埃勒,CON ruelle Ari,Aries,Le Belier,白羊座,筆畫1,4,8832→8903→9884→14838,Mesarthim→Sheratan→Hamal→Botein,
呂埃勒,CON ruelle MuB,Musca Borealis,La Mouche,Musca Borealis,筆畫1,4,12719→13061→13209→12719,Barani II→Lilii Borea→Bharani→Barani II,
呂埃勒,CON ruelle Lac,Lacerta,Le Lezard,蝎虎座,筆畫1,2,111022→111169,HIP111022→HIP111169,
呂埃勒,CON ruelle Lac,Lacerta,Le Lezard,蝎虎座,筆畫2,2,111022→109937,HIP111022→HIP109937,
呂埃勒,CON ruelle And,Andromeda,Andromede,仙女座,筆畫1,7,9640→7513→5447→3092→677→113726→9640,Almach→Titawin→Mirach→HIP3092→Alpheratz→HIP113726→Almach,
呂埃勒,CON ruelle And,Andromeda,Andromede,仙女座,筆畫2,3,3092→3031→3693,HIP3092→HIP3031→HIP3693,
呂埃勒,CON ruelle And,Andromeda,Andromede,仙女座,筆畫3,4,5447→4436→3881→7513,Mirach→HIP4436→HIP3881→Titawin,
呂埃勒,CON ruelle And,Andromeda,Andromede,仙女座,筆畫4,2,116584→116805,HIP116584→HIP116805,
呂埃勒,CON ruelle And,Andromeda,Andromede,仙女座,筆畫5,2,116584→116631,HIP116584→HIP116631,
呂埃勒,CON ruelle Peg,Pegasus,Pegase,飛馬座,筆畫1,5,677→113881→113963→1067→677,Alpheratz→Scheat→Markab→Algenib→Alpheratz,
呂埃勒,CON ruelle Peg,Pegasus,Pegase,飛馬座,筆畫2,4,107315→109427→112029→113963,Enif→Biham→Homam→Markab,
呂埃勒,CON ruelle Peg,Pegasus,Pegase,飛馬座,筆畫3,4,112158→113881→112748→112440,Matar→Scheat→Sadalbari→Sadalnazi,
呂埃勒,CON ruelle Peg,Pegasus,Pegase,飛馬座,筆畫4,4,112158→112440→109176→107354,Matar→Sadalnazi→HIP109176→HIP107354,
呂埃勒,CON ruelle Lyr,Lyra,La Lyre,天琴座,筆畫1,5,91262→92420→93194→92791→91262,Vega→Sheliak→Sulafat→HIP92791→Vega,
呂埃勒,CON ruelle Del,Delphinus,Le Dauphin,海豚座,筆畫1,6,101421→101769→101958→102532→102281→101769,Aldulfin→Rotanev→Sualocin→Al Salib→Al Ukud→Rotanev,
呂埃勒,CON ruelle Equ,Equuleus,Petit Cheval,小馬座,筆畫1,5,104987→105570→104858→104521→104987,Kitalpha→HIP105570→HIP104858→HIP104521→Kitalpha,
呂埃勒,CON ruelle Cyg,Cygnus,Le Cygne,天鵝座,筆畫1,3,102098→100453→95947,Deneb→Sadr→Albireo,
呂埃勒,CON ruelle Cyg,Cygnus,Le Cygne,天鵝座,筆畫2,2,100453→97165,Sadr→Fawaris,
呂埃勒,CON ruelle Cyg,Cygnus,Le Cygne,天鵝座,筆畫3,3,100453→104732→107310,Sadr→Fawaris III→HIP107310,
呂埃勒,CON ruelle Cyg,Cygnus,Le Cygne,天鵝座,筆畫4,2,99848→102098,HIP99848→Deneb,
呂埃勒,CON ruelle Cyg,Cygnus,Le Cygne,天鵝座,筆畫5,3,99848→96441→94779,HIP99848→HIP96441→Fawaris I,
呂埃勒,CON ruelle Cyg,Cygnus,Le Cygne,天鵝座,筆畫6,6,102098→104060→103413→102589→102488→101076,Deneb→HIP104060→HIP103413→HIP102589→Aljanah→HIP101076,
呂埃勒,CON ruelle Cyg,Cygnus,Le Cygne,天鵝座,筆畫7,2,103413→104887,HIP103413→HIP104887,
呂埃勒,CON ruelle Cyg,Cygnus,Le Cygne,天鵝座,筆畫8,3,104060→106481→107533,HIP104060→HIP106481→HIP107533,
呂埃勒,CON ruelle Vul,Vulpecula,Le Renard,狐狸座,筆畫1,4,95771→97886→99874→98543,Anser→HIP97886→HIP99874→HIP98543,
呂埃勒,CON ruelle Vul,Vulpecula,Le Renard,狐狸座,筆畫2,2,99874→99824,HIP99874→HIP99824,
呂埃勒,CON ruelle Sge,Sagitta,La Fleche,天箭座,筆畫1,4,98337→97365→96757→96837,HIP98337→HIP97365→Sham→HIP96837,
呂埃勒,CON ruelle Her,Hercules,Hercule,武仙座,筆畫1,5,84345→83207→81833→81126→79992,Rasalgethi→HIP83207→HIP81833→HIP81126→HIP79992,
呂埃勒,CON ruelle Her,Hercules,Hercule,武仙座,筆畫2,2,83207→81693,HIP83207→HIP81693,
呂埃勒,CON ruelle Her,Hercules,Hercule,武仙座,筆畫3,5,81833→81693→80816→80170→84345,HIP81833→HIP81693→Kornephoros→Nasak Shamiya III→Rasalgethi,
呂埃勒,CON ruelle Her,Hercules,Hercule,武仙座,筆畫4,7,81833→84380→85112→87808→87933→86974→84379,HIP81833→HIP84380→HIP85112→HIP87808→HIP87933→HIP86974→Sarin,
呂埃勒,CON ruelle Her,Hercules,Hercule,武仙座,筆畫5,2,85112→86414,HIP85112→HIP86414,
呂埃勒,CON ruelle Cer,Cerberus,Cerbere,,筆畫1,5,87933→88794→88267→90139→92043,HIP87933→HIP88794→HIP88267→HIP90139→HIP92043,
呂埃勒,CON ruelle CrB,Corona Borealis,La Couronne,北冕座,筆畫1,6,75695→76267→76952→77512→78159→75695,Nusakan→Alphecca→HIP76952→HIP77512→HIP78159→Nusakan,
呂埃勒,CON ruelle Ser,Serpens,Le Serpent,巨蛇座,筆畫1,2,77622→77070,Nasak Yamani II→Unukalhai,
呂埃勒,CON ruelle Ser,Serpens,Le Serpent,巨蛇座,筆畫2,8,77257→77070→76276→77233→78072→77450→76852→77661,HIP77257→Unukalhai→Nasak Yamani I→Nasak Shamiya I→Nasak Shamiya II→Gudja→HIP76852→HIP77661,
呂埃勒,CON ruelle Boo,Bootes,Le Bouvier,牧夫座,筆畫1,7,69673→72105→74666→73555→71075→71053→72105,Arcturus→Izar→Thiba→Nekkar→Seginus→HIP71053→Izar,
呂埃勒,CON ruelle Boo,Bootes,Le Bouvier,牧夫座,筆畫2,10,71075→72105→72659→71762→71795→69673→67927→67275→67459→67927,Seginus→Izar→HIP72659→HIP71762→HIP71795→Arcturus→Muphrid→HIP67275→HIP67459→Muphrid,
呂埃勒,CON ruelle Boo,Bootes,Le Bouvier,牧夫座,筆畫3,3,73555→75411→76669,Nekkar→Alkalurops→HIP76669,
呂埃勒,CON ruelle Boo,Bootes,Le Bouvier,牧夫座,筆畫4,3,73555→69732→70497,Nekkar→Xuange→Asellus Primus,
呂埃勒,CON ruelle Boo,Bootes,Le Bouvier,牧夫座,筆畫5,2,71075→69732,Seginus→Xuange,
呂埃勒,CON ruelle CVn,Canes Venatici,Chiens de Chasse,獵犬座,筆畫1,2,63125→61317,Cor Caroli→Chara,
呂埃勒,CON ruelle Com,Coma Berenices,Chevelure de Berenice,后髮座,筆畫1,10,64241→62886→64394→60742→60697→60746→60904→60941→61394→62886,Diadem→HIP62886→HIP64394→Al Dafirah→HIP60697→HIP60746→HIP60904→HIP60941→HIP61394→HIP62886,
呂埃勒,CON ruelle Com,Coma Berenices,Chevelure de Berenice,后髮座,筆畫2,3,64241→62356→61394,Diadem→HIP62356→HIP61394,
呂埃勒,CON ruelle Com,Coma Berenices,Chevelure de Berenice,后髮座,筆畫3,2,64241→65721,Diadem→HIP65721,
呂埃勒,CON ruelle Aql,Aquila,L'Aigle,天鷹座,筆畫1,3,98036→97649→97278,Alshain→Altair→Tarazed,
呂埃勒,CON ruelle Aql2,Antinoüs,Antinoüs,安蒂努斯,筆畫1,3,97804→99473→101847,Almizan II→Almizan III→HIP101847,
呂埃勒,CON ruelle Aql2,Antinoüs,Antinoüs,安蒂努斯,筆畫2,4,97804→95501→93747→93244,Almizan II→Almizan I→Okab→Deneb al Okab Borealis,
呂埃勒,CON ruelle Aql2,Antinoüs,Antinoüs,安蒂努斯,筆畫3,5,97804→96468→93805→96483→96468,Almizan II→Al Thalimain Posterior→Al Thalimain Prior→HIP96483→Al Thalimain Posterior,
呂埃勒,CON ruelle Sct,Scutum,L'Ecu de Sobieski,盾牌座,筆畫1,4,93429→92175→91117→93429,HIP93429→HIP92175→HIP91117→HIP93429,
呂埃勒,CON ruelle Psc,Pisces,Les Poissons,雙魚座,筆畫1,3,9487→5737→7097,Alrescha→Revati→Alpherg,
呂埃勒,CON ruelle Psc,Pisces,Les Poissons,雙魚座,筆畫2,3,5737→4906→3786,Revati→HIP4906→Kuton I,
呂埃勒,CON ruelle PsA,Piscis Austrinus,Le Poisson,南魚座,筆畫1,4,113368→111954→111188→113368,Fomalhaut→HIP111954→Fum al Hui→Fomalhaut,
呂埃勒,CON ruelle PsA,Piscis Austrinus,Le Poisson,南魚座,筆畫2,5,111188→109285→107380→107608→109285,Fum al Hui→HIP109285→HIP107380→HIP107608→HIP109285,
呂埃勒,CON ruelle Aqr,Aquarius,Le Verseau,寶瓶座,筆畫1,5,106278→109074→110395→110960→111497,Sadalsuud→Sadalmelik→Sadachbia→Sadaltager→HIP111497,
呂埃勒,CON ruelle Aqr,Aquarius,Le Verseau,寶瓶座,筆畫2,3,110395→113136→114341,Sadachbia→Skat→HIP114341,
呂埃勒,CON ruelle Aqr,Aquarius,Le Verseau,寶瓶座,筆畫3,3,110395→112961→113136,Sadachbia→Hydor→Skat,
呂埃勒,CON ruelle Aqr,Aquarius,Le Verseau,寶瓶座,筆畫4,3,109139→106786→106278,HIP109139→Bunda→Sadalsuud,
呂埃勒,CON ruelle Aqr,Aquarius,Le Verseau,寶瓶座,筆畫5,3,109139→110003→110395,HIP109139→Ancha→Sadachbia,
呂埃勒,CON ruelle Cap,Capricornus,Le Capricorne,摩羯座,筆畫1,6,100310→100064→100345→107556→106985→106723,Alshat→Algedi→Dabih→Deneb Algedi→Nashira→HIP106723,
呂埃勒,CON ruelle Sgr,Sagittarius,Le Sagittaire,人馬座,筆畫1,14,90185→88635→89931→90185→93506→89931→90496→89341→94141→93683→92855→93506→93864→93683,Kaus Australis→Alnasl→Kaus Media→Kaus Australis→Ascella→Kaus Media→Kaus Borealis→Polis→Albaldah→HIP93683→Nunki→Ascella→Namalsadirah II→HIP93683,
呂埃勒,CON ruelle Sco,Scorpius,Le Scorpion,天蠍座,筆畫1,4,85696→85927→86670→87073,Lesath→Shaula→Mula→Girtab,
呂埃勒,CON ruelle Sco,Scorpius,Le Scorpion,天蠍座,筆畫2,14,86670→86228→84143→82729→82514→82396→81266→80763→78265→78401→78820→80763→78104→78265,Mula→Sargas→HIP84143→HIP82729→Xamidimura→Larawag→Paikauhale→Antares→Fang→Dschubba→Acrab→Antares→Iklil→Fang,
呂埃勒,CON ruelle Lib,Libra,La Balance,天秤座,筆畫1,8,72622→73714→74392→72622→74785→75379→76333→74392,Zubenelgenubi II→Brachium→HIP74392→Zubenelgenubi II→Zubeneschamali→HIP75379→Zubenelhakrabi→HIP74392,
呂埃勒,CON ruelle Lib,Libra,La Balance,天秤座,筆畫2,5,76333→77060→77853→78207→74785,Zubenelhakrabi→HIP77060→HIP77853→HIP78207→Zubeneschamali,
呂埃勒,CON ruelle Lib,Libra,La Balance,天秤座,筆畫3,3,77853→76880→73714,HIP77853→HIP76880→Brachium,
呂埃勒,CON ruelle Lib,Libra,La Balance,天秤座,筆畫4,4,76880→76628→76126→76333,HIP76880→HIP76628→HIP76126→Zubenelhakrabi,
呂埃勒,CON ruelle Crv,Corvus,Le Corbeau,烏鴉座,筆畫1,6,59199→61359→60965→59803→59316→59199,Alchiba→Kraz→Algorab→Gienah→Minkar→Alchiba,
呂埃勒,CON ruelle Crt,Crater,La Coupe,巨爵座,筆畫1,5,53740→54682→55282→55705→53740,Alkes→Al Sharasif→HIP55282→HIP55705→Alkes,
呂埃勒,CON ruelle Crt,Crater,La Coupe,巨爵座,筆畫2,3,56633→55687→55282,HIP56633→HIP55687→HIP55282,
呂埃勒,CON ruelle Crt,Crater,La Coupe,巨爵座,筆畫3,3,58188→57283→55705,HIP58188→HIP57283→HIP55705,
呂埃勒,CON ruelle Crt,Crater,La Coupe,巨爵座,筆畫4,2,55687→57283,HIP55687→HIP57283,
呂埃勒,CON ruelle Crt,Crater,La Coupe,巨爵座,筆畫5,2,58188→56633,HIP58188→HIP56633,
呂埃勒,CON ruelle Cen,Centaurus,Le Centaure,半人馬座,筆畫1,5,71683→68702→66657→68002→71352,Alpha Centauri→Hadar→HIP66657→Alnair→HIP71352,
呂埃勒,CON ruelle Cen,Centaurus,Le Centaure,半人馬座,筆畫2,4,68002→67464→68933→71352,Alnair→HIP67464→Menkent→HIP71352,
呂埃勒,CON ruelle Cen,Centaurus,Le Centaure,半人馬座,筆畫3,5,68933→65109→61932→59196→56561,Menkent→HIP65109→Muhlifain→HIP59196→HIP56561,
呂埃勒,CON ruelle Col,Columba,La Colombe,天鴿座,筆畫1,4,26634→27628→30277→26634,Phact→Wazn→HIP30277→Phact,
呂埃勒,CON ruelle Lep,Lepus,Le Lievre,天兔座,筆畫1,8,25985→25606→27072→27654→25985→24305→23685→25606,Arneb→Nihal→Kursi al Jabbar→Arsh al Jauzah→Arneb→HIP24305→HIP23685→Nihal,
呂埃勒,CON ruelle Lep,Lepus,Le Lievre,天兔座,筆畫2,2,25985→27288,Arneb→HIP27288,
呂埃勒,CON ruelle CMa,Canis Major,Le Grand Chien,大犬座,筆畫1,6,30324→32349→33347→34045→33160→33347,Mirzam→Sirius→HIP33347→Muliphein→HIP33160→HIP33347,
呂埃勒,CON ruelle CMa,Canis Major,Le Grand Chien,大犬座,筆畫2,4,30122→33579→34444→35904,Furud→Adhara→Wezen→Aludra,
呂埃勒,CON ruelle CMa,Canis Major,Le Grand Chien,大犬座,筆畫3,2,34444→32349,Wezen→Sirius,
呂埃勒,CON ruelle CMa,Canis Major,Le Grand Chien,大犬座,筆畫4,2,34444→34045,Wezen→Muliphein,
呂埃勒,CON ruelle Ori,Orion,Orion,獵戶座,筆畫1,3,26727→26311→25930,Alnitak→Alnilam→Mintaka,
呂埃勒,CON ruelle Ori,Orion,Orion,獵戶座,筆畫2,2,26311→25281,Alnilam→Saif al Jabbar,
呂埃勒,CON ruelle Ori,Orion,Orion,獵戶座,筆畫3,7,26311→27989→25336→26311→27366→24436→26311,Alnilam→Betelgeuse→Bellatrix→Alnilam→Saiph→Rigel→Alnilam,
呂埃勒,CON ruelle Ori,Orion,Orion,獵戶座,筆畫4,2,24436→23972,Rigel→Kursi al Jauzah II,
呂埃勒,CON ruelle Ori,Orion,Orion,獵戶座,筆畫5,6,27989→28614→26207→25336→22449→22797,Betelgeuse→HIP28614→Meissa→Bellatrix→Tabit→Al Taj III,
呂埃勒,CON ruelle Ori,Orion,Orion,獵戶座,筆畫6,3,22449→22509→22845,Tabit→Al Taj I→Al Taj IV,
呂埃勒,CON ruelle Tau,Taurus,Le Taureau,金牛座,筆畫1,6,26451→25428→27468→26451→21421→25428,Tianguan→Elnath→HIP27468→Tianguan→Aldebaran→Elnath,
呂埃勒,CON ruelle Tau,Taurus,Le Taureau,金牛座,筆畫2,5,21421→20894→20205→20455→20889,Aldebaran→Chamukuy→Prima Hyadum→Secunda Hyadum→Ain,
呂埃勒,CON ruelle Tau,Taurus,Le Taureau,金牛座,筆畫3,2,20205→17702,Prima Hyadum→Alcyone,
呂埃勒,CON ruelle Tau,Taurus,Le Taureau,金牛座,筆畫4,5,20205→18724→18907→19860→20205,Prima Hyadum→HIP18724→HIP18907→HIP19860→Prima Hyadum,
呂埃勒,CON ruelle Tau,Taurus,Le Taureau,金牛座,筆畫5,4,18724→16083→15900→18907,HIP18724→HIP16083→HIP15900→HIP18907,
呂埃勒,CON ruelle Leo,Leo,Le Lion,獅子座,筆畫1,2,46750→47908,Alterf→Algenubi,
呂埃勒,CON ruelle Leo,Leo,Le Lion,獅子座,筆畫2,2,46146→46750,Al Minlear al Asad→Alterf,
呂埃勒,CON ruelle Leo,Leo,Le Lion,獅子座,筆畫3,2,46146→47908,Al Minlear al Asad→Algenubi,
呂埃勒,CON ruelle Leo,Leo,Le Lion,獅子座,筆畫4,2,48455→50335,Rasalas→Adhafera,
呂埃勒,CON ruelle Leo,Leo,Le Lion,獅子座,筆畫5,4,50335→51056→48455→47908,Adhafera→HIP51056→Rasalas→Algenubi,
呂埃勒,CON ruelle Leo,Leo,Le Lion,獅子座,筆畫6,6,51056→52098→53229→51233→49593→51056,HIP51056→HIP52098→Praecipua→HIP51233→HIP49593→HIP51056,
呂埃勒,CON ruelle Leo,Leo,Le Lion,獅子座,筆畫7,8,50335→50583→49583→49669→54879→54872→57632→54879,Adhafera→Algieba→Al Jabhah→Regulus→Chertan→Zosma→Denebola→Chertan,
呂埃勒,CON ruelle Leo,Leo,Le Lion,獅子座,筆畫8,9,54872→57565→57632→55642→55945→56647→55084→51624→49669,Zosma→HIP57565→Denebola→HIP55642→HIP55945→HIP56647→HIP55084→HIP51624→Regulus,
呂埃勒,CON ruelle Leo,Leo,Le Lion,獅子座,筆畫9,2,51624→54879,HIP51624→Chertan,
呂埃勒,CON ruelle Leo,Leo,Le Lion,獅子座,筆畫10,5,51624→49029→47508→46771→46750,HIP51624→HIP49029→Subra→HIP46771→Alterf,
呂埃勒,CON ruelle Hya,Hydra,L'Hydre Femelle,長蛇座,筆畫1,8,68895→64962→57936→56343→51069→52943→49841→51069,HIP68895→HIP64962→HIP57936→HIP56343→HIP51069→HIP52943→HIP49841→HIP51069,
呂埃勒,CON ruelle Hya,Hydra,L'Hydre Femelle,長蛇座,筆畫2,4,49841→46390→47431→49841,HIP49841→Alphard→Ukdah→HIP49841,
呂埃勒,CON ruelle Hya,Hydra,L'Hydre Femelle,長蛇座,筆畫3,8,47431→45336→42799→42313→43109→43813→42799→39311,Ukdah→HIP45336→Minazal II→Minazal I→Ashlesha→Minazal V→Minazal II→HIP39311,
呂埃勒,CON ruelle CarPupVel,Argo Navis,Le Vaisseau,阿爾戈納維斯,筆畫1,16,30438→42913→41037→45556→45941→48002→45238→50099→52419→51576→52468→52727→44816→39953→39429→44816,Canopus→Alsephina→Avior→Aspidiske→Markeb→HIP48002→Miaplacidus→HIP50099→HIP52419→HIP51576→HIP52468→HIP52727→Suhail→Regor→Naos→Suhail,
呂埃勒,CON ruelle CarPupVel,Argo Navis,Le Vaisseau,阿爾戈納維斯,筆畫2,5,39429→35264→36377→38414→39429,Naos→HIP35264→HIP36377→HIP38414→Naos,
呂埃勒,CON ruelle CarPupVel,Argo Navis,Le Vaisseau,阿爾戈納維斯,筆畫3,4,36377→31685→32768→30438,HIP36377→HIP31685→HIP32768→Canopus,
呂埃勒,CON ruelle CarPupVel,Argo Navis,Le Vaisseau,阿爾戈納維斯,筆畫4,6,39429→39757→38835→38170→38070→39429,Naos→Tureis→HIP38835→Azmidi→HIP38070→Naos,
呂埃勒,CON ruelle CarPupVel,Argo Navis,Le Vaisseau,阿爾戈納維斯,筆畫5,4,38835→39906→39095→38835,HIP38835→HIP39906→HIP39095→HIP38835,
呂埃勒,CON ruelle Cet,Cetus,La Baleine,鯨魚座,筆畫1,5,154→1562→3419→5364→1562,HIP154→Deneb Kaitos Shemali→Diphda→Dheneb→Deneb Kaitos Shemali,
呂埃勒,CON ruelle Cet,Cetus,La Baleine,鯨魚座,筆畫2,8,5364→6537→8645→10826→12390→8645→8102→6537,Dheneb→Al Naymat I→Baten Kaitos→Mira→Sadr al Kaitos III→Baten Kaitos→Al Naymat II→Al Naymat I,
呂埃勒,CON ruelle Cet,Cetus,La Baleine,鯨魚座,筆畫3,7,8102→9347→11783→11345→12390→12770→11783,Al Naymat II→Al Naymat III→Sadr al Kaitos II→Sadr al Kaitos I→Sadr al Kaitos III→Sadr al Kaitos IV→Sadr al Kaitos II,
呂埃勒,CON ruelle Cet,Cetus,La Baleine,鯨魚座,筆畫4,7,10826→12387→12706→14135→15457→13954→14135,Mira→Al Kaff al Jidhmah III→Kaffaljidhma→Menkar→HIP15457→Menkar→Menkar,
呂埃勒,CON ruelle Cet,Cetus,La Baleine,鯨魚座,筆畫5,3,13954→12828→12706,Menkar→HIP12828→Kaffaljidhma,
呂埃勒,CON ruelle Mon,Monoceros,La Licorne,麒麟座,筆畫1,5,31978→31216→32578→30867→37447,HIP31978→HIP31216→HIP32578→HIP30867→HIP37447,
呂埃勒,CON ruelle Eri,Eridanus,L'Éridan,波江座,筆畫1,13,23875→21444→20507→19587→18543→17593→17378→16537→15197→14293→13701→12843→13288,Cursa→HIP21444→HIP20507→Beid→Zaurak→HIP17593→Rana→Ran→Zibal→Aludhi III→Azha→HIP12843→Angetenar,
呂埃勒,CON ruelle Eri,Eridanus,L'Éridan,波江座,筆畫2,13,21444→21594→21763→21393→20535→20042→17651→16611→15474→14146→13847→9007→7588,HIP21444→Sceptrum→HIP21763→Theemin→Beemim→Beemim I→HIP17651→HIP16611→HIP15474→HIP14146→Acamar→HIP9007→Achernar,
呂埃勒,CON ruelle Vir,Virgo,La Vierge,處女座,筆畫1,7,65474→64238→61941→60129→57757→60172→60129,Spica→HIP64238→Porrima→Zaniah→Zavijava→HIP60172→Zaniah,
呂埃勒,CON ruelle Vir,Virgo,La Vierge,處女座,筆畫2,4,60172→63608→63090→60172,HIP60172→Vindemiatrix→Minelauva→HIP60172,
呂埃勒,CON ruelle Vir,Virgo,La Vierge,處女座,筆畫3,2,63090→61941,Minelauva→Porrima,
呂埃勒,CON ruelle Vir,Virgo,La Vierge,處女座,筆畫4,3,63090→66249→65474,Minelauva→Heze→Spica,
呂埃勒,CON ruelle Vir,Virgo,La Vierge,處女座,筆畫5,8,66249→72220→70755→69701→69427→69974→65581→65474,Heze→HIP72220→Elgafar→Syrma→Kang→Khambaliya→HIP65581→Spica,
呂埃勒,CON ruelle Vir,Virgo,La Vierge,處女座,筆畫6,3,70755→71957→69701,Elgafar→Rijl al Awwa→Syrma,
呂埃勒,CON ruelle Oph,Ophiuchus,Ophiucus,蛇夫座,筆畫1,8,86032→77070→77622→79593→79882→81377→84012→84970,Rasalhague→Unukalhai→Nasak Yamani II→Yed Prior→Yed Posterior→Saik→Sabik→Garafsa,
呂埃勒,CON ruelle Oph,Ophiuchus,Ophiucus,蛇夫座,筆畫2,3,84012→89962→88175,Sabik→HIP89962→HIP88175,
呂埃勒,CON ruelle Oph,Ophiuchus,Ophiucus,蛇夫座,筆畫3,5,89962→92946→87108→86742→86032,HIP89962→Alya→Muliphen→Cebalrai→Rasalhague,
呂埃勒,CON ruelle Oph,Ophiuchus,Ophiucus,蛇夫座,筆畫4,5,86742→85355→83000→82673→78072,Cebalrai→HIP85355→HIP83000→HIP82673→Nasak Shamiya II,
呂埃勒,CON ruelle Oph,Ophiuchus,Ophiucus,蛇夫座,筆畫5,4,77622→77516→79375→79882,Nasak Yamani II→HIP77516→HIP79375→Yed Posterior,
呂埃勒,CON ruelle Oph,Ophiuchus,Ophiucus,蛇夫座,筆畫6,6,79375→81377→83962→84880→86263→84970,HIP79375→Saik→HIP83962→HIP84880→HIP86263→Garafsa,
呂埃勒,CON ruelle Oph,Ophiuchus,Ophiucus,蛇夫座,筆畫7,2,86263→84012,HIP86263→Sabik,
呂埃勒,CON ruelle Dor,Dorado,La Dorade,劍魚座,筆畫1,2,21281→26069,HIP21281→HIP26069,
呂埃勒,CON ruelle Mus,Musca,La Mouche,蒼蠅座,筆畫1,5,62322→61585→61199→63613→61585,HIP62322→HIP61585→HIP61199→HIP63613→HIP61585,
呂埃勒,CON ruelle Cru,Crux,La Croix,南十字座,筆畫1,2,60718→61084,Acrux→Gacrux,
呂埃勒,CON ruelle Cru,Crux,La Croix,南十字座,筆畫2,2,62434→59747,Mimosa→Imai,
呂埃勒,CON ruelle Cru,Crux,La Croix,南十字座,筆畫3,2,62434→59747,Mimosa→Imai,
呂埃勒,CON ruelle TrA,Triangulum Australe,Le Triangle,南三角座,筆畫1,4,82273→77952→74946→82273,Atria→HIP77952→HIP74946→Atria,
呂埃勒,CON ruelle Lup,Lupus,Le Loup,豺狼座,筆畫1,5,71860→73273→76297→75264→71860,HIP71860→HIP73273→HIP76297→HIP75264→HIP71860,
呂埃勒,CON ruelle Ara,Ara,L'Autel,天壇座,筆畫1,5,85792→85727→82363→83153→85792,HIP85792→HIP85727→HIP82363→HIP83153→HIP85792,
呂埃勒,CON ruelle Ara,Ara,L'Autel,天壇座,筆畫2,2,85727→86929,HIP85727→HIP86929,
呂埃勒,CON ruelle Pav,Pavo,Le Paon,孔雀座,筆畫1,4,100751→99240→102395→100751,Peacock→HIP99240→HIP102395→Peacock,
呂埃勒,CON ruelle Pav,Pavo,Le Paon,孔雀座,筆畫2,4,102395→105858→98495→99240,HIP102395→HIP105858→HIP98495→HIP99240,
呂埃勒,CON ruelle Ind,Indus,L'Indien,印第安座,筆畫1,2,101772→103227,Persian→HIP103227,
呂埃勒,CON ruelle Gru,Grus,La Grue,天鶴座,筆畫1,4,109268→112122→108085→109268,Alnair→Tiaki→Aldhanab→Alnair,
呂埃勒,CON ruelle Tuc,Tucana,Le Toucan,杜鵑座,筆畫1,6,110130→114996→118121→1599→2484→118121,HIP110130→HIP114996→HIP118121→HIP1599→HIP2484→HIP118121,
呂埃勒,CON ruelle Phe,Phoenix,Le Phenix,鳳凰座,筆畫1,7,5165→6867→7083→5165→2081→765→5165,Alrial III→Alrial V→HIP7083→Alrial III→Ankaa→HIP765→Alrial III,
呂埃勒,CON ruelle Hyi,Hydrus,L'Hydre,水蛇座,筆畫1,4,2021→17678→9236→2021,HIP2021→HIP17678→HIP9236→HIP2021,
呂埃勒,CON ruelle Ret,Reticulum,La Reticule,網罟座,筆畫1,2,19780→17440,HIP19780→HIP17440,
薩米,CON sami 001,Sarva the Elk,,Sarva 麋鹿,筆畫1,5,8886→6686→4427→3179→746,Segin→Ruchbah→Navi→Shedar→Caph,
薩米,CON sami 001,Sarva the Elk,,Sarva 麋鹿,筆畫2,4,6686→14328→15863→14576,Ruchbah→HIP14328→Mirfak→Algol,
薩米,CON sami 001,Sarva the Elk,,Sarva 麋鹿,筆畫3,4,15863→17358→18532→18246,Mirfak→HIP17358→HIP18532→Atik,
薩米,CON sami 001,Sarva the Elk,,Sarva 麋鹿,筆畫4,3,17358→24608→25428,HIP17358→Capella→Elnath,
薩米,CON sami 001,Sarva the Elk,,Sarva 麋鹿,筆畫5,3,24608→23767→23015,Capella→Haedus→Hassaleh,
薩米,CON sami 002,Favdna's Bow and Arrow,,Favdna 的弓箭,筆畫1,5,67301→65378→62956→59774→53910,Alkaid→Mizar→Alioth→Megrez→Merak,
薩米,CON sami 002,Favdna's Bow and Arrow,,Favdna 的弓箭,筆畫2,2,54061→58001,Dubhe→Phecda,
薩米,CON sami 003,Galla's Sons,,Galla的兒子,筆畫1,3,26727→26311→25930,Alnitak→Alnilam→Mintaka,
薩米,CON sami 004,Sky Support,,天援,筆畫1,2,11767→11767,Polaris→Polaris,
薩米,CON sami 005,Favdna,,Favdna,筆畫1,2,69673→69673,Arcturus→Arcturus,
薩米,CON sami 006,The Runner,,跑步人,筆畫1,2,91262→91262,Vega→Vega,
薩米,CON sami 007,Morning Star,,天狼星 (晨星),筆畫1,2,97649→97649,Altair→Altair,
薩米,CON sami 008,Pack of Dogs,,狗群,筆畫1,2,17702→17702,Alcyone→Alcyone,
薩米,CON sami 009,Galla,,蓋拉 (Galla),筆畫1,2,37279→37279,Procyon→Procyon,
薩米,CON sami 010,The Ski Runners,,滑雪橇人,筆畫1,2,36850→36850,Castor→Castor,
薩米,CON sami 010,The Ski Runners,,滑雪橇人,筆畫2,2,37826→37826,Pollux→Pollux,
薩丁尼亞,CON sardinian 001,The Hut,Su Pinnetu,棚,筆畫1,7,20889→20648→20455→20205→20885→21421→20889,Ain→HIP20648→Secunda Hyadum→Prima Hyadum→Hyadum III→Aldebaran→Ain,—→—→—→—→—→The Bunch's Driver→—
薩丁尼亞,CON sardinian 002,The Bunch,S'Udrone,串,筆畫1,8,17851→17847→17702→17573→17531→17499→17608→17702,Pleione→Atlas→Alcyone→Maia→Taygeta→Electra→Merope→Alcyone,
薩丁尼亞,CON sardinian 003,The Seven Brothers,Sos Sette Frades,七兄弟,筆畫1,8,67301→65378→62956→59774→58001→53910→54061→59774,Alkaid→Mizar→Alioth→Megrez→Phecda→Merak→Dubhe→Megrez,The Seven Brother's Driver→Twin Stars→—→—→—→—→—→—
薩丁尼亞,CON sardinian 004,The Sticks,Sos Bacheddos,手杖,筆畫1,8,27989→26207→25336→25930→24436→27366→26727→27989,Betelgeuse→Meissa→Bellatrix→Mintaka→Rigel→Saiph→Alnitak→Betelgeuse,
薩丁尼亞,CON sardinian 005,The Fence for Sheep,Sa Mandra,羊欄,筆畫1,7,25428→28380→28360→24608→23453→23015→25428,Elnath→Mahasim→Menkalinan→Capella→Saclateni→Hassaleh→Elnath,
薩丁尼亞,CON sardinian 006,The Dance of Widows,Su Ballu de sas Fiuda,寡婦之舞,筆畫1,7,76127→75695→76267→76952→77512→78159→78493,HIP76127→Nusakan→Alphecca→HIP76952→HIP77512→HIP78159→HIP78493,
薩丁尼亞,CON sardinian 007,The Sickle,Sa Frache,鐮刀,筆畫1,6,49669→49583→50583→50335→48455→47908,Regulus→Al Jabhah→Algieba→Adhafera→Rasalas→Algenubi,
薩丁尼亞,CON sardinian 008,The Deer Horn,Su Corru 'e Chervu,鹿角,筆畫1,8,17448→18246→18614→18532→17358→15863→14328→13268,Atik→Atik→Menkib→HIP18532→HIP17358→Mirfak→HIP14328→Miram,
薩丁尼亞,CON sardinian 008,The Deer Horn,Su Corru 'e Chervu,鹿角,筆畫2,4,15863→14576→14354→13254,Mirfak→Algol→Gorgonea Tertia→HIP13254,
薩丁尼亞,CON sardinian 009,The Cross of St. Constantine,Sa Rughe de Santu Antinu,聖康斯坦丁 (St. Constantine) 的十字架,筆畫1,4,102098→100453→98110→95947,Deneb→Sadr→HIP98110→Albireo,
薩丁尼亞,CON sardinian 009,The Cross of St. Constantine,Sa Rughe de Santu Antinu,聖康斯坦丁 (St. Constantine) 的十字架,筆畫2,3,102488→100453→97165,Aljanah→Sadr→Fawaris,
薩丁尼亞,CON sardinian 010,The Throne,Sa Tona,王座,筆畫1,5,8886→6686→4427→3179→746,Segin→Ruchbah→Navi→Shedar→Caph,
薩丁尼亞,CON sardinian 011,Three Marias,Sas Tres Marias,三個瑪利亞,筆畫1,3,26727→26311→25930,Alnitak→Alnilam→Mintaka,
西伯利亞,CON siberian Elk,Elk,,駝鹿,筆畫1,8,67301→65378→62956→59774→58001→53910→54061→59774,Alkaid→Mizar→Alioth→Megrez→Phecda→Merak→Dubhe→Megrez,
西伯利亞,CON siberian Kic,Threshers,,打穀者,筆畫1,5,26241→26268→26727→26311→25930,Hatysa→HIP26268→Alnitak→Alnilam→Mintaka,
西伯利亞,CON siberian DNe,Duck Nest,,鴨巢,筆畫1,9,17499→17489→17531→17579→17664→17851→17847→17608→17499,Electra→Celaeno→Taygeta→Asterope→HIP17664→Pleione→Atlas→Merope→Electra,
東加,CON tongan 001,Southern Wild Duck,Toloatonga,南部野鴨,筆畫1,2,61084→60718,Gacrux→Acrux,
東加,CON tongan 001,Southern Wild Duck,Toloatonga,南部野鴨,筆畫2,2,62434→59747,Mimosa→Imai,
東加,CON tongan 002,Two Men,Lua tangata,兩名男子,筆畫1,2,36850→37826,Castor→Pollux,
東加,CON tongan 003,Wild Duck,Toloa,野鴨,筆畫1,3,26727→26311→25930,Alnitak→Alnilam→Mintaka,
東加,CON tongan 004,Pigeon Perch,Tu'ulalupe,鴿子棲息,筆畫1,5,21421→20885→20205→20455→20889,Aldebaran→Hyadum III→Prima Hyadum→Secunda Hyadum→Ain,
東加,CON tongan 005,Big Wild Duck,Toloalahi,大野鴨,筆畫1,2,42913→45556,Alsephina→Aspidiske,
東加,CON tongan 005,Big Wild Duck,Toloalahi,大野鴨,筆畫2,2,41037→45941,Avior→Markeb,
東加,CON tongan 006,Mound Top,Fungasia,丘頂,筆畫1,2,71683→68702,Alpha Centauri→Hadar,
東加,CON tongan 007,String of fishes,Tuinga ika,魚串,筆畫1,9,25281→25930→26311→26727→26549→26263→26237→26258→26241,Saif al Jabbar→Mintaka→Alnilam→Alnitak→HIP26549→HIP26263→Mizan Batil I→HIP26258→Hatysa,
東加,CON tongan 008,Wild Duck's Point of Land,Houmatoloa,野鴨的土地,筆畫1,3,26311→45496→60781,Alnilam→HIP45496→HIP60781,
東加,CON tongan 009,Two Carriers,Fatanalua,兩個承運人,筆畫1,3,60742→64394→64241,Al Dafirah→HIP64394→Diadem,
東加,CON tongan 010,Cloud of 'Uvea,ʻAo ʻo ʻUvea,烏韋阿雲,筆畫1,7,78493→78159→77512→76952→76267→75695→76127,HIP78493→HIP78159→HIP77512→HIP76952→Alphecca→Nusakan→HIP76127,
東加,CON tongan 011,Wing of Tafahi,Kapakau'o'tafahi,塔法希翼,筆畫1,5,8886→6686→4427→3179→746,Segin→Ruchbah→Navi→Shedar→Caph,
圖卡諾,CON tukano 001,Jararaca,Aña,哈拉拉卡,筆畫1,3,78820→78401→78265,Acrab→Dschubba→Fang,
圖卡諾,CON tukano 001,Jararaca,Aña,哈拉拉卡,筆畫2,42,78401→80112→80763→81266→82396→82514→82729→84143→86228→87073→86670→86170→85696→85927→87261→87073→89642→90185→89931→89678→90496→92041→92855→93864→93506→91918→90968→90887→90982→91494→92382→92953→93542→94005→94160→94114→93825→93174→92989→91875→91989→92226,Dschubba→Alniyat→Antares→Paikauhale→Larawag→Xamidimura→HIP82729→HIP84143→Sargas→Girtab→Mula→HIP86170→Lesath→Shaula→Fuyue→Girtab→Hamalwarid→Kaus Australis→Kaus Media→HIP89678→Kaus Borealis→Namalsadirah I→Nunki→Namalsadirah II→Ascella→HIP91918→HIP90968→HIP90887→HIP90982→HIP91494→HIP92382→HIP92953→HIP93542→HIP94005→HIP94160→Meridiana→HIP93825→HIP93174→HIP92989→HIP91875→HIP91989→HIP92226,
圖卡諾,CON tukano 002,Armadillo,Pamõ,犰狳,筆畫1,5,102532→102281→101769→101958→102532,Al Salib→Al Ukud→Rotanev→Sualocin→Al Salib,
圖卡諾,CON tukano 002,Armadillo,Pamõ,犰狳,筆畫2,2,101769→101882,Rotanev→HIP101882,
圖卡諾,CON tukano 002,Armadillo,Pamõ,犰狳,筆畫3,5,101769→101589→101483→101421→101800,Rotanev→HIP101589→HIP101483→Aldulfin→HIP101800,
圖卡諾,CON tukano 002,Armadillo,Pamõ,犰狳,筆畫4,2,101421→101916,Aldulfin→HIP101916,
圖卡諾,CON tukano 002,Armadillo,Pamõ,犰狳,筆畫5,3,98036→97649→97278,Alshain→Altair→Tarazed,
圖卡諾,CON tukano 003,Caridean Shrimp,Dahsiaw,真蝦,筆畫1,14,115438→115669→116118→116247→116901→117089→117218→117629→301→696→983→1170→1402→1728,HIP115438→HIP115669→HIP116118→HIP116247→HIP116901→HIP117089→HIP117218→HIP117629→HIP301→HIP696→HIP983→HIP1170→HIP1402→HIP1728,
圖卡諾,CON tukano 003,Caridean Shrimp,Dahsiaw,真蝦,筆畫2,5,116901→116957→116971→116758→116368,HIP116901→HIP116957→HIP116971→HIP116758→HIP116368,
圖卡諾,CON tukano 003,Caridean Shrimp,Dahsiaw,真蝦,筆畫3,2,116758→116591,HIP116758→HIP116591,
圖卡諾,CON tukano 004,Crenicichla,Mhua,Crenicichla,筆畫1,5,114724→114939→114855→115033→115115,HIP114724→HIP114939→HIP114855→HIP115033→HIP115115,
圖卡諾,CON tukano 004,Crenicichla,Mhua,Crenicichla,筆畫2,2,115033→114939,HIP115033→HIP114939,
圖卡諾,CON tukano 005,Jaguar,Yai,美洲虎,筆畫1,19,17772→18453→19167→20070→19812→19343→18396→17358→16826→16244→15863→15444→15219→15979→16599→16292→16602→16281→16228,HIP17772→HIP18453→HIP19167→HIP20070→HIP19812→HIP19343→HIP18396→HIP17358→HIP16826→HIP16244→Mirfak→HIP15444→HIP15219→HIP15979→HIP16599→HIP16292→HIP16602→HIP16281→HIP16228,
圖卡諾,CON tukano 005,Jaguar,Yai,美洲虎,筆畫2,10,16292→14328→12692→11279→10729→9990→8886→8626→7965→6692,HIP16292→HIP14328→HIP12692→HIP11279→Misam al Thurayya I→HIP9990→Segin→HIP8626→HIP7965→HIP6692,
圖卡諾,CON tukano 005,Jaguar,Yai,美洲虎,筆畫3,12,8886→6686→4422→4427→4962→5021→4475→4151→4427→2876→746→518,Segin→Ruchbah→Castula→Navi→HIP4962→HIP5021→HIP4475→HIP4151→Navi→HIP2876→Caph→HIP518,
圖卡諾,CON tukano 005,Jaguar,Yai,美洲虎,筆畫4,2,746→117863,Caph→HIP117863,
圖卡諾,CON tukano 005,Jaguar,Yai,美洲虎,筆畫5,2,746→117301,Caph→HIP117301,
圖卡諾,CON tukano 005,Jaguar,Yai,美洲虎,筆畫6,2,746→43,Caph→HIP43,
圖卡諾,CON tukano 005,Jaguar,Yai,美洲虎,筆畫7,9,746→3179→2611→2505→2920→3544→3179→3821→4422,Caph→Shedar→HIP2611→HIP2505→Fulu→HIP3544→Shedar→Achird→Castula,
圖卡諾,CON tukano 005,Jaguar,Yai,美洲虎,筆畫8,10,3821→5251→6371→7607→10814→13339→13965→14544→16335→17358,Achird→HIP5251→HIP6371→Nembus→HIP10814→HIP13339→HIP13965→HIP14544→HIP16335→HIP17358,
圖卡諾,CON tukano 006,Group of Stars,Nhorkoatero,星群,筆畫1,9,17847→17702→17608→17499→17489→17531→17579→17573→17702,Atlas→Alcyone→Merope→Electra→Celaeno→Taygeta→Asterope→Maia→Alcyone,
圖卡諾,CON tukano 007,Moquém,Waikhasa,莫昆,筆畫1,5,21421→20885→20205→20455→20889,Aldebaran→Hyadum III→Prima Hyadum→Secunda Hyadum→Ain,
圖卡諾,CON tukano 008,Adze Handle,Sioyahpu,扁斧手柄,筆畫1,8,25930→26311→26727→26885→27989→25336→26594→26885,Mintaka→Alnilam→Alnitak→HIP26885→Betelgeuse→Bellatrix→HIP26594→HIP26885,
圖卡諾,CON tukano 009,Egret,Yhé,白鷺,筆畫1,5,61418→62356→61724→62886→63948,HIP61418→HIP62356→HIP61724→HIP62886→HIP63948,
圖卡諾,CON tukano 009,Egret,Yhé,白鷺,筆畫2,3,61724→60957→60202,HIP61724→HIP60957→HIP60202,
圖卡諾,CON tukano 009,Egret,Yhé,白鷺,筆畫3,5,60957→61420→61724→61719→62886,HIP60957→HIP61420→HIP61724→HIP61719→HIP62886,
圖卡諾,CON tukano 009,Egret,Yhé,白鷺,筆畫4,5,61719→61295→61071→60941→61420,HIP61719→HIP61295→Kissin→HIP60941→HIP61420,
圖卡諾,CON tukano 009,Egret,Yhé,白鷺,筆畫5,3,60941→60351→60170,HIP60941→HIP60351→HIP60170,
圖卡諾,CON tukano 009,Egret,Yhé,白鷺,筆畫6,2,60351→60514,HIP60351→HIP60514,
圖卡諾,CON tukano 009,Egret,Yhé,白鷺,筆畫7,2,60351→60066,HIP60351→HIP60066,
圖卡諾,CON tukano 009,Egret,Yhé,白鷺,筆畫8,5,61071→60904→60746→60697→60742,Kissin→HIP60904→HIP60746→HIP60697→Al Dafirah,
圖卡諾,CON tukano 010,Tortoise,Yurara,龜,筆畫1,5,60718→62434→61084→59747→60718,Acrux→Mimosa→Gacrux→Imai→Acrux,
圖卡諾,CON tukano 011,Snake,Sipé Phairó,蛇,筆畫1,7,54061→53910→58001→59774→62956→65378→67301,Dubhe→Merak→Phecda→Megrez→Alioth→Mizar→Alkaid,
圖皮-瓜拉尼,CON tupi 001,White Ostrich,Guirá Nhandu,白鴕鳥,筆畫1,2,78820→78401,Acrab→Dschubba,
圖皮-瓜拉尼,CON tupi 001,White Ostrich,Guirá Nhandu,白鴕鳥,筆畫2,24,78933→78401→78265→78104→77634→76297→74395→74824→70264→62268→60718→61585→62322→64094→65387→72131→77952→79664→82363→83081→83153→85792→89096→88726,Jabhat Acrabi I→Dschubba→Fang→Iklil→HIP77634→HIP76297→HIP74395→HIP74824→HIP70264→HIP62268→Acrux→HIP61585→HIP62322→HIP64094→HIP65387→HIP72131→HIP77952→HIP79664→HIP82363→HIP83081→HIP83153→HIP85792→HIP89096→HIP88726,
圖皮-瓜拉尼,CON tupi 001,White Ostrich,Guirá Nhandu,白鴕鳥,筆畫3,2,89096→87936,HIP89096→HIP87936,
圖皮-瓜拉尼,CON tupi 001,White Ostrich,Guirá Nhandu,白鴕鳥,筆畫4,2,89096→87846,HIP89096→HIP87846,
圖皮-瓜拉尼,CON tupi 001,White Ostrich,Guirá Nhandu,白鴕鳥,筆畫5,9,83153→83057→82729→82514→82396→81266→80763→80112→78401,HIP83153→HIP83057→HIP82729→Xamidimura→Larawag→Paikauhale→Antares→Alniyat→Dschubba,
圖皮-瓜拉尼,CON tupi 001,White Ostrich,Guirá Nhandu,白鴕鳥,筆畫6,5,82729→84143→86228→87073→86670,HIP82729→HIP84143→Sargas→Girtab→Mula,
圖皮-瓜拉尼,CON tupi 001,White Ostrich,Guirá Nhandu,白鴕鳥,筆畫7,2,87073→85927,Girtab→Shaula,
圖皮-瓜拉尼,CON tupi 001,White Ostrich,Guirá Nhandu,白鴕鳥,筆畫8,2,79374→78933,Jabbah→Jabhat Acrabi I,
圖皮-瓜拉尼,CON tupi 001,White Ostrich,Guirá Nhandu,白鴕鳥,筆畫9,3,87261→87073→86698,Fuyue→Girtab→HIP86698,
圖皮-瓜拉尼,CON tupi 001,White Ostrich,Guirá Nhandu,白鴕鳥,筆畫10,2,86670→85927,Mula→Shaula,
圖皮-瓜拉尼,CON tupi 002,Old Man,Tuivae,老人,筆畫1,5,25336→25930→26311→26727→27366,Bellatrix→Mintaka→Alnilam→Alnitak→Saiph,
圖皮-瓜拉尼,CON tupi 002,Old Man,Tuivae,老人,筆畫2,2,25336→27989,Bellatrix→Betelgeuse,
圖皮-瓜拉尼,CON tupi 002,Old Man,Tuivae,老人,筆畫3,2,21421→25336,Aldebaran→Bellatrix,
圖皮-瓜拉尼,CON tupi 002,Old Man,Tuivae,老人,筆畫4,2,21421→20894,Aldebaran→Chamukuy,
圖皮-瓜拉尼,CON tupi 002,Old Man,Tuivae,老人,筆畫5,5,21421→20889→20455→20205→20894,Aldebaran→Ain→Secunda Hyadum→Prima Hyadum→Chamukuy,
圖皮-瓜拉尼,CON tupi 002,Old Man,Tuivae,老人,筆畫6,2,20455→17847,Secunda Hyadum→Atlas,
圖皮-瓜拉尼,CON tupi 002,Old Man,Tuivae,老人,筆畫7,3,22449→22509→22845,Tabit→Al Taj I→Al Taj IV,
圖皮-瓜拉尼,CON tupi 002,Old Man,Tuivae,老人,筆畫8,2,22449→22549,Tabit→Al Taj II,
圖皮-瓜拉尼,CON tupi 002,Old Man,Tuivae,老人,筆畫9,2,22797→22549,Al Taj III→Al Taj II,
圖皮-瓜拉尼,CON tupi 002,Old Man,Tuivae,老人,筆畫10,2,24010→23607,HIP24010→HIP23607,
圖皮-瓜拉尼,CON tupi 002,Old Man,Tuivae,老人,筆畫11,2,24010→24197,HIP24010→HIP24197,
圖皮-瓜拉尼,CON tupi 002,Old Man,Tuivae,老人,筆畫12,2,22845→23607,Al Taj IV→HIP23607,
圖皮-瓜拉尼,CON tupi 002,Old Man,Tuivae,老人,筆畫13,2,24436→23875,Rigel→Cursa,
圖皮-瓜拉尼,CON tupi 002,Old Man,Tuivae,老人,筆畫14,2,23607→22845,HIP23607→Al Taj IV,
圖皮-瓜拉尼,CON tupi 002,Old Man,Tuivae,老人,筆畫15,2,22797→23875,Al Taj III→Cursa,
圖皮-瓜拉尼,CON tupi 003,Northern Tapir,Tapi'i,北Tap,筆畫1,2,109492→112724,HIP109492→HIP112724,
圖皮-瓜拉尼,CON tupi 003,Northern Tapir,Tapi'i,北Tap,筆畫2,3,109492→107418→105199,HIP109492→Castula→Alderamin,
圖皮-瓜拉尼,CON tupi 003,Northern Tapir,Tapi'i,北Tap,筆畫3,7,109492→110991→114104→746→3179→3300→3821,HIP109492→HIP110991→HIP114104→Caph→Shedar→HIP3300→Achird,
圖皮-瓜拉尼,CON tupi 003,Northern Tapir,Tapi'i,北Tap,筆畫4,6,3300→117221→116584→110351→106711→105102,HIP3300→HIP117221→HIP116584→HIP110351→HIP106711→HIP105102,
圖皮-瓜拉尼,CON tupi 003,Northern Tapir,Tapi'i,北Tap,筆畫5,2,106711→106551,HIP106711→HIP106551,
圖皮-瓜拉尼,CON tupi 003,Northern Tapir,Tapi'i,北Tap,筆畫6,2,105102→104887,HIP105102→HIP104887,
圖皮-瓜拉尼,CON tupi 003,Northern Tapir,Tapi'i,北Tap,筆畫7,2,6686→4427,Ruchbah→Navi,
圖皮-瓜拉尼,CON tupi 003,Northern Tapir,Tapi'i,北Tap,筆畫8,7,105102→103413→102843→102098→102724→104060→103632,HIP105102→HIP103413→HIP102843→Deneb→HIP102724→HIP104060→HIP103632,
圖皮-瓜拉尼,CON tupi 003,Northern Tapir,Tapi'i,北Tap,筆畫9,2,107930→109492,HIP107930→HIP109492,
圖皮-瓜拉尼,CON tupi 003,Northern Tapir,Tapi'i,北Tap,筆畫10,2,107533→107930,HIP107533→HIP107930,
圖皮-瓜拉尼,CON tupi 003,Northern Tapir,Tapi'i,北Tap,筆畫11,2,107533→103632,HIP107533→HIP103632,
圖皮-瓜拉尼,CON tupi 003,Northern Tapir,Tapi'i,北Tap,筆畫12,5,746→1960→2599→3951→5589,Caph→HIP1960→HIP2599→HIP3951→HIP5589,
圖皮-瓜拉尼,CON tupi 003,Northern Tapir,Tapi'i,北Tap,筆畫13,2,4427→746,Navi→Caph,
圖皮-瓜拉尼,CON tupi 004,Deer,,鹿,筆畫1,5,60718→60260→59747→62434→61084,Acrux→Ginan→Imai→Mimosa→Gacrux,
圖皮-瓜拉尼,CON tupi 004,Deer,,鹿,筆畫2,20,60718→60009→62322→63613→61585→59072→61199→57363→56862→52419→50954→50099→51313→48002→45238→47854→50371→45556→45080→42913,Acrux→HIP60009→HIP62322→HIP63613→HIP61585→HIP59072→HIP61199→HIP57363→HIP56862→HIP52419→HIP50954→HIP50099→HIP51313→HIP48002→Miaplacidus→HIP47854→HIP50371→Aspidiske→HIP45080→Alsephina,—→—→—→Guirá-Rupiá→—→—→Guirá-Rupiá→—→—→—→—→—→—→—→—→—→—→—→—→—
圖皮-瓜拉尼,CON tupi 004,Deer,,鹿,筆畫3,5,39953→42312→42884→44816→46651,Regor→HIP42312→HIP42884→Suhail→HIP46651,
圖皮-瓜拉尼,CON tupi 004,Deer,,鹿,筆畫4,2,44816→45448,Suhail→HIP45448,
圖皮-瓜拉尼,CON tupi 004,Deer,,鹿,筆畫5,5,44816→45085→44511→45941→48774,Suhail→HIP45085→HIP44511→Markeb→HIP48774,
圖皮-瓜拉尼,CON tupi 004,Deer,,鹿,筆畫6,6,39953→41039→41616→42088→42834→42913,Regor→HIP41039→HIP41616→HIP42088→HIP42834→Alsephina,
圖皮-瓜拉尼,CON tupi 004,Deer,,鹿,筆畫7,2,42834→44511,HIP42834→HIP44511,
圖皮-瓜拉尼,CON tupi 004,Deer,,鹿,筆畫8,5,48774→51523→55425→60059→61084,HIP48774→HIP51523→HIP55425→HIP60059→Gacrux,
圖皮-瓜拉尼,CON tupi 005,Joykexo,,Joykexo,筆畫1,3,25930→26311→26727,Mintaka→Alnilam→Alnitak,
圖皮-瓜拉尼,CON tupi 006,Hornet,Eixu,大黃蜂,筆畫1,4,17847→17702→17608→17573,Atlas→Alcyone→Merope→Maia,
圖皮-瓜拉尼,CON tupi 006,Hornet,Eixu,大黃蜂,筆畫2,2,17702→17499,Alcyone→Electra,
圖皮-瓜拉尼,CON tupi 006,Hornet,Eixu,大黃蜂,筆畫3,2,17573→17531,Maia→Taygeta,
圖皮-瓜拉尼,CON tupi 006,Hornet,Eixu,大黃蜂,筆畫4,2,17573→17579,Maia→Asterope,
圖皮-瓜拉尼,CON tupi 007,Tapir's Jaw,Tapi'i rainhyka,ir顎,筆畫1,6,20205→20455→20889→21421→20894→20205,Prima Hyadum→Secunda Hyadum→Ain→Aldebaran→Chamukuy→Prima Hyadum,
西方/現代88星座,CON western Aql,Eagle,Aquila,天鷹座,筆畫1,3,98036→97649→97278,Alshain→Altair→Tarazed,
西方/現代88星座,CON western Aql,Eagle,Aquila,天鷹座,筆畫2,3,97649→95501→97804,Altair→Almizan I→Almizan II,
西方/現代88星座,CON western Aql,Eagle,Aquila,天鷹座,筆畫3,2,99473→97804,Almizan III→Almizan II,
西方/現代88星座,CON western Aql,Eagle,Aquila,天鷹座,筆畫4,3,95501→93747→93244,Almizan I→Okab→Deneb al Okab Borealis,
西方/現代88星座,CON western Aql,Eagle,Aquila,天鷹座,筆畫5,2,95501→93805,Almizan I→Al Thalimain Prior,
西方/現代88星座,CON western And,Chained Maiden,Andromeda,仙女座,筆畫1,3,677→3092→5447,Alpheratz→HIP3092→Mirach,
西方/現代88星座,CON western And,Chained Maiden,Andromeda,仙女座,筆畫2,4,9640→5447→4436→3881,Almach→Mirach→HIP4436→HIP3881,
西方/現代88星座,CON western Scl,Sculptor,Sculptor,玉夫座,筆畫1,4,116231→4577→115102→116231,HIP116231→HIP4577→HIP115102→HIP116231,
西方/現代88星座,CON western Ara,Altar,Ara,天壇座,筆畫1,8,88714→85792→83081→82363→85727→85267→85258→88714,HIP88714→HIP85792→HIP83081→HIP82363→HIP85727→HIP85267→HIP85258→HIP88714,
西方/現代88星座,CON western Lib,Scales,Libra,天秤座,筆畫1,6,77853→76333→74785→72622→73714→76333,HIP77853→Zubenelhakrabi→Zubeneschamali→Zubenelgenubi II→Brachium→Zubenelhakrabi,
西方/現代88星座,CON western Cet,Sea Monster,Cetus,鯨魚座,筆畫1,2,10324→11484,Al Kaff al Jidhmah I→Al Kaff al Jidhmah II,
西方/現代88星座,CON western Cet,Sea Monster,Cetus,鯨魚座,筆畫2,3,8102→3419→1562,Al Naymat II→Diphda→Deneb Kaitos Shemali,
西方/現代88星座,CON western Cet,Sea Monster,Cetus,鯨魚座,筆畫3,9,3419→5364→6537→8645→11345→12390→12770→11783→8102,Diphda→Dheneb→Al Naymat I→Baten Kaitos→Sadr al Kaitos I→Sadr al Kaitos III→Sadr al Kaitos IV→Sadr al Kaitos II→Al Naymat II,
西方/現代88星座,CON western Cet,Sea Monster,Cetus,鯨魚座,筆畫4,2,10826→12390,Mira→Sadr al Kaitos III,
西方/現代88星座,CON western Cet,Sea Monster,Cetus,鯨魚座,筆畫5,9,10826→12387→12706→14135→13954→12828→11484→12093→12706,Mira→Al Kaff al Jidhmah III→Kaffaljidhma→Menkar→Menkar→HIP12828→Al Kaff al Jidhmah II→HIP12093→Kaffaljidhma,
西方/現代88星座,CON western Ari,Ram,Aries,白羊座,筆畫1,4,13209→9884→8903→8832,Bharani→Hamal→Sheratan→Mesarthim,
西方/現代88星座,CON western Sct,Shield,Scutum,盾牌座,筆畫1,6,92175→92202→92814→90595→91117→92175,HIP92175→HIP92202→HIP92814→HIP90595→HIP91117→HIP92175,
西方/現代88星座,CON western Pyx,Compass,Pyxis,羅盤座,筆畫1,3,42515→42828→43409,HIP42515→HIP42828→HIP43409,
西方/現代88星座,CON western Boo,Herdsman,Bootes,牧夫座,筆畫1,10,71795→69673→72105→74666→73555→71075→71053→69673→67927→67459,HIP71795→Arcturus→Izar→Thiba→Nekkar→Seginus→HIP71053→Arcturus→Muphrid→HIP67459,
西方/現代88星座,CON western Cae,Engraving Tool,Caelum,雕具座,筆畫1,3,21060→21770→21861,HIP21060→HIP21770→HIP21861,
西方/現代88星座,CON western Cha,Chameleon,Chamaeleon,蝘蜓座,筆畫1,3,40702→51839→60000,HIP40702→HIP51839→HIP60000,
西方/現代88星座,CON western Cnc,Crab,Cancer,巨蟹座,筆畫1,3,43103→42806→40843,Zubanah→Asellus Borealis→HIP40843,
西方/現代88星座,CON western Cnc,Crab,Cancer,巨蟹座,筆畫2,3,42806→42911→40526,Asellus Borealis→Asellus Australis→Tarf,
西方/現代88星座,CON western Cnc,Crab,Cancer,巨蟹座,筆畫3,2,42911→44066,Asellus Australis→Acubens,
西方/現代88星座,CON western Cap,Sea Goat,Capricornus,摩羯座,筆畫1,6,100064→100345→104139→105515→106985→107556,Algedi→Dabih→HIP104139→HIP105515→Nashira→Deneb Algedi,
西方/現代88星座,CON western Cap,Sea Goat,Capricornus,摩羯座,筆畫2,3,105515→105881→104139,HIP105515→HIP105881→HIP104139,
西方/現代88星座,CON western Cap,Sea Goat,Capricornus,摩羯座,筆畫3,2,100345→102485,Dabih→HIP102485,
西方/現代88星座,CON western Cap,Sea Goat,Capricornus,摩羯座,筆畫4,2,104139→102978,HIP104139→HIP102978,
西方/現代88星座,CON western Car,Keel,Carina,船底座,筆畫1,9,45238→50099→52419→52468→54463→53253→51232→50371→45556,Miaplacidus→HIP50099→HIP52419→HIP52468→HIP54463→HIP53253→HIP51232→HIP50371→Aspidiske,
西方/現代88星座,CON western Car,Keel,Carina,船底座,筆畫2,3,42568→41037→30438,HIP42568→Avior→Canopus,
西方/現代88星座,CON western Car,Keel,Carina,船底座,筆畫3,2,45080→45556,HIP45080→Aspidiske,
西方/現代88星座,CON western Car,Keel,Carina,船底座,筆畫4,2,45080→42568,HIP45080→HIP42568,
西方/現代88星座,CON western Car,Keel,Carina,船底座,筆畫5,2,30438→31685,Canopus→HIP31685,
西方/現代88星座,CON western Car,Keel,Carina,船底座,筆畫6,2,41037→39429,Avior→Naos,
西方/現代88星座,CON western Cas,Seated Queen,Cassiopeia,仙后座,筆畫1,5,8886→6686→4427→3179→746,Segin→Ruchbah→Navi→Shedar→Caph,
西方/現代88星座,CON western Cen,Centaur,Centaurus,半人馬座,筆畫1,9,71683→68702→66657→68002→68282→67472→67464→65936→65109,Alpha Centauri→Hadar→HIP66657→Alnair→HIP68282→HIP67472→HIP67464→HIP65936→HIP65109,
西方/現代88星座,CON western Cen,Centaur,Centaurus,半人馬座,筆畫2,2,67464→68933,HIP67464→Menkent,
西方/現代88星座,CON western Cen,Centaur,Centaurus,半人馬座,筆畫3,3,67472→71352→73334,HIP67472→HIP71352→HIP73334,
西方/現代88星座,CON western Cen,Centaur,Centaurus,半人馬座,筆畫4,6,68002→61932→60823→59196→56480→56561,Alnair→Muhlifain→HIP60823→HIP59196→HIP56480→HIP56561,
西方/現代88星座,CON western Cep,King,Cepheus,仙王座,筆畫1,5,109492→112724→106032→105199→109492,HIP109492→HIP112724→Alfirk→Alderamin→HIP109492,
西方/現代88星座,CON western Cep,King,Cepheus,仙王座,筆畫2,3,112724→116727→106032,HIP112724→Errai→Alfirk,
西方/現代88星座,CON western Com,Bernice's Hair,Coma Berenices,后髮座,筆畫1,3,64241→64394→60742,Diadem→HIP64394→Al Dafirah,
西方/現代88星座,CON western CVn,Hunting Dogs,Canes Venatici,獵犬座,筆畫1,2,61317→63125,Chara→Cor Caroli,
西方/現代88星座,CON western Aur,Charioteer,Auriga,御夫座,筆畫1,5,28380→28360→24608→23453→23015,Mahasim→Menkalinan→Capella→Saclateni→Hassaleh,
西方/現代88星座,CON western Aur,Charioteer,Auriga,御夫座,筆畫2,2,25428→23015,Elnath→Hassaleh,
西方/現代88星座,CON western Aur,Charioteer,Auriga,御夫座,筆畫3,2,25428→28380,Elnath→Mahasim,
西方/現代88星座,CON western Col,Dove,Columba,天鴿座,筆畫1,5,30277→29807→28199→27628→28328,HIP30277→Kurud II→HIP28199→Wazn→HIP28328,
西方/現代88星座,CON western Col,Dove,Columba,天鴿座,筆畫2,3,27628→26634→25859,Wazn→Phact→HIP25859,
西方/現代88星座,CON western Cir,Compass,Circinus,圓規座,筆畫1,2,71908→75323,HIP71908→HIP75323,
西方/現代88星座,CON western Cir,Compass,Circinus,圓規座,筆畫2,2,71908→74824,HIP71908→HIP74824,
西方/現代88星座,CON western Crt,Cup,Crater,巨爵座,筆畫1,5,53740→54682→55705→55282→53740,Alkes→Al Sharasif→HIP55705→HIP55282→Alkes,
西方/現代88星座,CON western Crt,Cup,Crater,巨爵座,筆畫2,6,55282→55687→56633→58188→57283→55705,HIP55282→HIP55687→HIP56633→HIP58188→HIP57283→HIP55705,
西方/現代88星座,CON western CrA,Southern Crown,Corona Australis,南冕座,筆畫1,9,91875→92989→93174→93825→94114→94160→94005→93542→92953,HIP91875→HIP92989→HIP93174→HIP93825→Meridiana→HIP94160→HIP94005→HIP93542→HIP92953,
西方/現代88星座,CON western CrA,Southern Crown,Corona Australis,南冕座,筆畫2,2,91875→90887,HIP91875→HIP90887,
西方/現代88星座,CON western CrB,Northern Crown,Corona Borealis,北冕座,筆畫1,7,76127→75695→76267→76952→77512→78159→78493,HIP76127→Nusakan→Alphecca→HIP76952→HIP77512→HIP78159→HIP78493,
西方/現代88星座,CON western Crv,Crow,Corvus,烏鴉座,筆畫1,5,61174→60965→59803→59316→59199,HIP61174→Algorab→Gienah→Minkar→Alchiba,
西方/現代88星座,CON western Crv,Crow,Corvus,烏鴉座,筆畫2,3,59316→61359→60965,Minkar→Kraz→Algorab,
西方/現代88星座,CON western Cru,Southern Cross,Crux,南十字座,筆畫1,2,61084→60718,Gacrux→Acrux,
西方/現代88星座,CON western Cru,Southern Cross,Crux,南十字座,筆畫2,2,62434→59747,Mimosa→Imai,
西方/現代88星座,CON western Cyg,Swan,Cygnus,天鵝座,筆畫1,5,94779→95853→97165→100453→102098,Fawaris I→HIP95853→Fawaris→Sadr→Deneb,
西方/現代88星座,CON western Cyg,Swan,Cygnus,天鵝座,筆畫2,4,100453→102488→104732→107310,Sadr→Aljanah→Fawaris III→HIP107310,
西方/現代88星座,CON western Cyg,Swan,Cygnus,天鵝座,筆畫3,3,100453→98110→95947,Sadr→HIP98110→Albireo,
西方/現代88星座,CON western Del,Dolphin,Delphinus,海豚座,筆畫1,6,101421→101769→101958→102532→102281→101769,Aldulfin→Rotanev→Sualocin→Al Salib→Al Ukud→Rotanev,
西方/現代88星座,CON western Dor,Swordfish,Dorado,劍魚座,筆畫1,4,27100→27890→26069→27100,HIP27100→HIP27890→HIP26069→HIP27100,
西方/現代88星座,CON western Dor,Swordfish,Dorado,劍魚座,筆畫2,3,26069→21281→19893,HIP26069→HIP21281→HIP19893,
西方/現代88星座,CON western Dra,Dragon,Draco,天龍座,筆畫1,16,87585→87833→85670→85829→87585→94376→97433→94648→89937→83895→80331→78527→75458→68756→61281→56211,Grumium→Eltanin→Rastaban→HIP85829→Grumium→Altais→Tyl→Athafi II→Alahakan→Aldhibah→Athebyne→HIP78527→Edasich→Thuban→HIP61281→Giausar,
西方/現代88星座,CON western Nor,Carpenter's Square,Norma,矩尺座,筆畫1,5,79509→80000→80582→78639→80000,HIP79509→HIP80000→HIP80582→HIP78639→HIP80000,
西方/現代88星座,CON western Nor,Carpenter's Square,Norma,矩尺座,筆畫2,2,78639→79509,HIP78639→HIP79509,
西方/現代88星座,CON western Eri,River,Eridanus,波江座,筆畫1,28,7588→9007→10602→11407→12413→12486→13847→15510→17797→17874→20042→20535→21393→17651→16611→15474→14146→12843→13701→15197→16537→17378→21444→22109→22701→23875→23972→21594,Achernar→HIP9007→HIP10602→HIP11407→HIP12413→HIP12486→Acamar→HIP15510→HIP17797→HIP17874→Beemim I→Beemim→Theemin→HIP17651→HIP16611→HIP15474→HIP14146→HIP12843→Azha→Zibal→Ran→Rana→HIP21444→HIP22109→HIP22701→Cursa→Kursi al Jauzah II→Sceptrum,
西方/現代88星座,CON western Sge,Arrow,Sagitta,天箭座,筆畫1,3,96837→97365→96757,HIP96837→HIP97365→Sham,
西方/現代88星座,CON western Sge,Arrow,Sagitta,天箭座,筆畫2,3,97365→98337→98920,HIP97365→HIP98337→HIP98920,
西方/現代88星座,CON western For,Furnace,Fornax,天爐座,筆畫1,2,13147→14879,HIP13147→Dalim,
西方/現代88星座,CON western Gem,Twins,Gemini,雙子座,筆畫1,5,31681→34088→35550→35350→32362,Alhena→Mekbuda→Wasat→HIP35350→Alzirr,
西方/現代88星座,CON western Gem,Twins,Gemini,雙子座,筆畫2,3,35550→36962→37740,Wasat→HIP36962→HIP37740,
西方/現代88星座,CON western Gem,Twins,Gemini,雙子座,筆畫3,2,36962→37826,HIP36962→Pollux,
西方/現代88星座,CON western Gem,Twins,Gemini,雙子座,筆畫4,4,36962→36046→34693→36850,HIP36962→HIP36046→HIP34693→Castor,
西方/現代88星座,CON western Gem,Twins,Gemini,雙子座,筆畫5,2,34693→33018,HIP34693→HIP33018,
西方/現代88星座,CON western Gem,Twins,Gemini,雙子座,筆畫6,3,34693→32246→30883,HIP34693→Mebsuta→Nucatai,
西方/現代88星座,CON western Gem,Twins,Gemini,雙子座,筆畫7,4,32246→30343→29655→28734,Mebsuta→Tejat→Propus→HIP28734,
西方/現代88星座,CON western Cam,Giraffe,Camelopardalis,鹿豹座,筆畫1,3,16228→18505→22783,HIP16228→HIP18505→HIP22783,
西方/現代88星座,CON western Cam,Giraffe,Camelopardalis,鹿豹座,筆畫2,3,16228→17959→22783,HIP16228→HIP17959→HIP22783,
西方/現代88星座,CON western Cam,Giraffe,Camelopardalis,鹿豹座,筆畫3,2,17959→25110,HIP17959→HIP25110,
西方/現代88星座,CON western CMa,Great Dog,Canis Major,大犬座,筆畫1,8,33160→34045→33347→32349→33977→34444→35037→35904,HIP33160→Muliphein→HIP33347→Sirius→Al Zara→Wezen→HIP35037→Aludra,
西方/現代88星座,CON western CMa,Great Dog,Canis Major,大犬座,筆畫2,3,33579→33856→34444,Adhara→Unurgunite→Wezen,
西方/現代88星座,CON western CMa,Great Dog,Canis Major,大犬座,筆畫3,3,33856→33152→31592,Unurgunite→Udra→HIP31592,
西方/現代88星座,CON western CMa,Great Dog,Canis Major,大犬座,筆畫4,2,31592→31416,HIP31592→HIP31416,
西方/現代88星座,CON western CMa,Great Dog,Canis Major,大犬座,筆畫5,2,32349→30324,Sirius→Mirzam,
西方/現代88星座,CON western CMa,Great Dog,Canis Major,大犬座,筆畫6,2,31592→32349,HIP31592→Sirius,
西方/現代88星座,CON western CMa,Great Dog,Canis Major,大犬座,筆畫7,2,30122→33579,Furud→Adhara,
西方/現代88星座,CON western CMa,Great Dog,Canis Major,大犬座,筆畫8,2,33347→33160,HIP33347→HIP33160,
西方/現代88星座,CON western UMa,Great Bear,Ursa Major,大熊座,筆畫1,8,67301→65378→62956→59774→54061→53910→58001→59774,Alkaid→Mizar→Alioth→Megrez→Dubhe→Merak→Phecda→Megrez,
西方/現代88星座,CON western UMa,Great Bear,Ursa Major,大熊座,筆畫2,4,58001→57399→54539→50372,Phecda→Taiyangshou→HIP54539→Tania Borealis,
西方/現代88星座,CON western UMa,Great Bear,Ursa Major,大熊座,筆畫3,2,54539→50801,HIP54539→Tania Australis,
西方/現代88星座,CON western UMa,Great Bear,Ursa Major,大熊座,筆畫4,4,53910→48402→46853→44471,Merak→Alhaud VII→Alhaud V→Alkaphrah,
西方/現代88星座,CON western UMa,Great Bear,Ursa Major,大熊座,筆畫5,2,46853→44127,Alhaud V→Talitha,
西方/現代88星座,CON western UMa,Great Bear,Ursa Major,大熊座,筆畫6,5,48402→48319→41704→46733→54061,Alhaud VII→Alhaud VI→Muscida→Alhaud IV→Dubhe,
西方/現代88星座,CON western Gru,Crane,Grus,天鶴座,筆畫1,6,114131→110997→109268→112122→114421→114131,HIP114131→HIP110997→Alnair→Tiaki→HIP114421→HIP114131,
西方/現代88星座,CON western Gru,Crane,Grus,天鶴座,筆畫2,2,112122→113638,Tiaki→HIP113638,
西方/現代88星座,CON western Gru,Crane,Grus,天鶴座,筆畫3,2,112122→112623,Tiaki→HIP112623,
西方/現代88星座,CON western Gru,Crane,Grus,天鶴座,筆畫4,3,109268→109111→108085,Alnair→HIP109111→Aldhanab,
西方/現代88星座,CON western Her,Hercules,Hercules,武仙座,筆畫1,9,86414→87808→85112→84606→84380→81833→81126→79992→77760,HIP86414→HIP87808→HIP85112→HIP84606→HIP84380→HIP81833→HIP81126→HIP79992→HIP77760,
西方/現代88星座,CON western Her,Hercules,Hercules,武仙座,筆畫2,4,81833→81693→80816→80170,HIP81833→HIP81693→Kornephoros→Nasak Shamiya III,
西方/現代88星座,CON western Her,Hercules,Hercules,武仙座,筆畫3,5,81693→83207→84379→85693→86974,HIP81693→HIP83207→Sarin→Maasym→HIP86974,
西方/現代88星座,CON western Her,Hercules,Hercules,武仙座,筆畫4,3,86974→87933→88794,HIP86974→HIP87933→HIP88794,
西方/現代88星座,CON western Her,Hercules,Hercules,武仙座,筆畫5,2,83207→84380,HIP83207→HIP84380,
西方/現代88星座,CON western Her,Hercules,Hercules,武仙座,筆畫6,2,80816→84345,Kornephoros→Rasalgethi,
西方/現代88星座,CON western Hor,Clock,Horologium,時鐘座,筆畫1,3,19747→12484→14240,HIP19747→HIP12484→HIP14240,
西方/現代88星座,CON western Hya,Female Water Snake,Hydra,長蛇座,筆畫1,6,42799→42402→42313→43109→43234→42799,Minazal II→Minchir→Minazal I→Ashlesha→Minazal IV→Minazal II,
西方/現代88星座,CON western Hya,Female Water Snake,Hydra,長蛇座,筆畫2,14,43234→43813→45336→46776→46509→46390→48356→49841→51069→52943→56343→57936→64166→64962,Minazal IV→Minazal V→HIP45336→Ukdah II→Ukdah I→Alphard→Zhang→HIP49841→HIP51069→HIP52943→HIP56343→HIP57936→HIP64166→HIP64962,
西方/現代88星座,CON western Hyi,Male Water Snake,Hydrus,水蛇座,筆畫1,5,2021→17678→12394→11001→9236,HIP2021→HIP17678→HIP12394→HIP11001→HIP9236,
西方/現代88星座,CON western Ind,Indian,Indus,印第安座,筆畫1,4,105319→101772→103227→105319,HIP105319→Persian→HIP103227→HIP105319,
西方/現代88星座,CON western Lac,Lizard,Lacerta,蝎虎座,筆畫1,7,109937→111104→111022→110609→110538→111169→111022,HIP109937→HIP111104→HIP111022→HIP110609→HIP110538→HIP111169→HIP111022,
西方/現代88星座,CON western Mon,Unicorn,Monoceros,麒麟座,筆畫1,5,29651→30867→34769→30419→29151,HIP29651→HIP30867→HIP34769→HIP30419→HIP29151,
西方/現代88星座,CON western Mon,Unicorn,Monoceros,麒麟座,筆畫2,3,34769→39863→37447,HIP34769→HIP39863→HIP37447,
西方/現代88星座,CON western Lep,Hare,Lepus,天兔座,筆畫1,5,28910→28103→27288→25985→24305,HIP28910→HIP28103→HIP27288→Arneb→HIP24305,
西方/現代88星座,CON western Lep,Hare,Lepus,天兔座,筆畫2,5,25985→27654→27072→25606→23685,Arneb→Arsh al Jauzah→Kursi al Jabbar→Nihal→HIP23685,
西方/現代88星座,CON western Lep,Hare,Lepus,天兔座,筆畫3,2,25985→25606,Arneb→Nihal,
西方/現代88星座,CON western Lep,Hare,Lepus,天兔座,筆畫4,2,24305→24845,HIP24305→HIP24845,
西方/現代88星座,CON western Lep,Hare,Lepus,天兔座,筆畫5,2,24305→24327,HIP24305→HIP24327,
西方/現代88星座,CON western Lep,Hare,Lepus,天兔座,筆畫6,2,23685→24305,HIP23685→HIP24305,
西方/現代88星座,CON western Lep,Hare,Lepus,天兔座,筆畫7,2,24327→24244,HIP24327→HIP24244,
西方/現代88星座,CON western Lep,Hare,Lepus,天兔座,筆畫8,2,24845→24873,HIP24845→HIP24873,
西方/現代88星座,CON western Leo,Lion,Leo,獅子座,筆畫1,7,57632→54879→49669→49583→50583→54872→57632,Denebola→Chertan→Regulus→Al Jabhah→Algieba→Zosma→Denebola,
西方/現代88星座,CON western Leo,Lion,Leo,獅子座,筆畫2,4,50583→50335→48455→47908,Algieba→Adhafera→Rasalas→Algenubi,
西方/現代88星座,CON western Leo,Lion,Leo,獅子座,筆畫3,2,54872→54879,Zosma→Chertan,
西方/現代88星座,CON western Lup,Wolf,Lupus,豺狼座,筆畫1,4,77634→78970→78384→77634,HIP77634→HIP78970→HIP78384→HIP77634,
西方/現代88星座,CON western Lup,Wolf,Lupus,豺狼座,筆畫2,4,78384→76297→75141→75177,HIP78384→HIP76297→HIP75141→HIP75177,
西方/現代88星座,CON western Lup,Wolf,Lupus,豺狼座,筆畫3,2,75141→73273,HIP75141→HIP73273,
西方/現代88星座,CON western Lup,Wolf,Lupus,豺狼座,筆畫4,4,76297→76552→74395→71860,HIP76297→HIP76552→HIP74395→HIP71860,
西方/現代88星座,CON western Lup,Wolf,Lupus,豺狼座,筆畫5,2,74395→71536,HIP74395→HIP71536,
西方/現代88星座,CON western Lup,Wolf,Lupus,豺狼座,筆畫6,2,71860→70576,HIP71860→HIP70576,
西方/現代88星座,CON western Lup,Wolf,Lupus,豺狼座,筆畫7,2,71860→73273,HIP71860→HIP73273,
西方/現代88星座,CON western Lyn,Lynx,Lynx,天貓座,筆畫1,8,45860→45688→44700→44248→41075→36145→33449→30060,HIP45860→HIP45688→HIP44700→HIP44248→Alsciaukat→HIP36145→HIP33449→HIP30060,
西方/現代88星座,CON western Lyr,Lyre,Lyra,天琴座,筆畫1,6,91262→91971→92420→93194→92791→91971,Vega→Nasr Alwaki I→Sheliak→Sulafat→HIP92791→Nasr Alwaki I,
西方/現代88星座,CON western Ant,Air Pump,Antlia,唧筒座,筆畫1,2,51172→48926,HIP51172→HIP48926,
西方/現代88星座,CON western Mic,Microscope,Microscopium,顯微鏡座,筆畫1,3,105140→103738→102831,HIP105140→HIP103738→HIP102831,
西方/現代88星座,CON western Mus,Fly,Musca,蒼蠅座,筆畫1,5,62322→57363→61199→61585→62322,HIP62322→HIP57363→HIP61199→HIP61585→HIP62322,
西方/現代88星座,CON western Oct,Octant,Octans,南極座,筆畫1,4,107089→112405→70638→107089,HIP107089→HIP112405→HIP70638→HIP107089,
西方/現代88星座,CON western Aps,Bird of Paradise,Apus,天燕座,筆畫1,3,72370→81065→81852,HIP72370→HIP81065→HIP81852,
西方/現代88星座,CON western Oph,Serpent Bearer,Ophiuchus,蛇夫座,筆畫1,2,86032→86742,Rasalhague→Cebalrai,
西方/現代88星座,CON western Oph,Serpent Bearer,Ophiuchus,蛇夫座,筆畫2,2,84012→86742,Sabik→Cebalrai,
西方/現代88星座,CON western Oph,Serpent Bearer,Ophiuchus,蛇夫座,筆畫3,6,86032→83000→79882→81377→84012→85755,Rasalhague→HIP83000→Yed Posterior→Saik→Sabik→HIP85755,
西方/現代88星座,CON western Ori,Hunter,Orion,獵戶座,筆畫1,3,26727→26311→25930,Alnitak→Alnilam→Mintaka,
西方/現代88星座,CON western Ori,Hunter,Orion,獵戶座,筆畫2,4,28691→29426→29038→27913,HIP28691→HIP29426→HIP29038→HIP27913,
西方/現代88星座,CON western Ori,Hunter,Orion,獵戶座,筆畫3,10,29426→28614→27989→26727→27366→24436→25930→25336→26207→27989,HIP29426→HIP28614→Betelgeuse→Alnitak→Saiph→Rigel→Mintaka→Bellatrix→Meissa→Betelgeuse,
西方/現代88星座,CON western Ori,Hunter,Orion,獵戶座,筆畫4,5,25336→22449→22549→22730→23123,Bellatrix→Tabit→Al Taj II→HIP22730→Al Taj V,
西方/現代88星座,CON western Ori,Hunter,Orion,獵戶座,筆畫5,3,22449→22509→22845,Tabit→Al Taj I→Al Taj IV,
西方/現代88星座,CON western Ori,Hunter,Orion,獵戶座,筆畫6,2,29038→28614,HIP29038→HIP28614,
西方/現代88星座,CON western Pav,Peacock,Pavo,孔雀座,筆畫1,5,100751→105858→102395→99240→100751,Peacock→HIP105858→HIP102395→HIP99240→Peacock,
西方/現代88星座,CON western Pav,Peacock,Pavo,孔雀座,筆畫2,5,99240→98495→91792→93015→99240,HIP99240→HIP98495→HIP91792→HIP93015→HIP99240,
西方/現代88星座,CON western Pav,Peacock,Pavo,孔雀座,筆畫3,5,93015→92609→90098→88866→92609,HIP93015→HIP92609→HIP90098→HIP88866→HIP92609,
西方/現代88星座,CON western Pav,Peacock,Pavo,孔雀座,筆畫4,2,88866→86929,HIP88866→HIP86929,
西方/現代88星座,CON western Peg,Winged Horse,Pegasus,飛馬座,筆畫1,2,1067→113963,Algenib→Markab,
西方/現代88星座,CON western Peg,Winged Horse,Pegasus,飛馬座,筆畫2,3,113881→112158→109352,Scheat→Matar→HIP109352,
西方/現代88星座,CON western Peg,Winged Horse,Pegasus,飛馬座,筆畫3,5,113881→112748→112440→109176→107354,Scheat→Sadalbari→Sadalnazi→HIP109176→HIP107354,
西方/現代88星座,CON western Peg,Winged Horse,Pegasus,飛馬座,筆畫4,5,113963→112447→112029→109427→107315,Markab→Suudalnujum→Homam→Biham→Enif,
西方/現代88星座,CON western Peg,Winged Horse,Pegasus,飛馬座,筆畫5,2,677→113881,Alpheratz→Scheat,
西方/現代88星座,CON western Peg,Winged Horse,Pegasus,飛馬座,筆畫6,2,677→1067,Alpheratz→Algenib,
西方/現代88星座,CON western Peg,Winged Horse,Pegasus,飛馬座,筆畫7,2,113881→113963,Scheat→Markab,
西方/現代88星座,CON western Pic,Painter's Easel,Pictor,繪架座,筆畫1,3,32607→27530→27321,HIP32607→HIP27530→HIP27321,
西方/現代88星座,CON western Per,Hero,Perseus,英仙座,筆畫1,8,17448→18246→18614→18532→17358→15863→14328→13268,Atik→Atik→Menkib→HIP18532→HIP17358→Mirfak→HIP14328→Miram,
西方/現代88星座,CON western Per,Hero,Perseus,英仙座,筆畫2,4,15863→14576→14354→13254,Mirfak→Algol→Gorgonea Tertia→HIP13254,
西方/現代88星座,CON western Equ,Little Horse,Equuleus,小馬座,筆畫1,5,104521→104858→105570→104987→104521,HIP104521→HIP104858→HIP105570→Kitalpha→HIP104521,
西方/現代88星座,CON western CMi,Lesser Dog,Canis Minor,小犬座,筆畫1,2,37279→36188,Procyon→Gomeisa,
西方/現代88星座,CON western LMi,Lesser Lion,Leo Minor,小獅座,筆畫1,4,53229→51233→49593→46952,Praecipua→HIP51233→HIP49593→HIP46952,
西方/現代88星座,CON western LMi,Lesser Lion,Leo Minor,小獅座,筆畫2,2,49593→53229,HIP49593→Praecipua,
西方/現代88星座,CON western Vul,Fox,Vulpecula,狐狸座,筆畫1,2,95771→98543,Anser→HIP98543,
西方/現代88星座,CON western UMi,Little Bear,Ursa Minor,小熊座,筆畫1,8,11767→85822→82080→77055→79822→75097→72607→77055,Polaris→Yildun→Circitores→Akfa Farkadain→HIP79822→Pherkad→Kochab→Akfa Farkadain,
西方/現代88星座,CON western Phe,Phoenix,Phoenix,鳳凰座,筆畫1,4,5348→5165→2072→5348,Wurren→Alrial III→HIP2072→Wurren,
西方/現代88星座,CON western Phe,Phoenix,Phoenix,鳳凰座,筆畫2,9,5165→7083→8837→5165→6867→2072→2081→765→2072,Alrial III→HIP7083→HIP8837→Alrial III→Alrial V→HIP2072→Ankaa→HIP765→HIP2072,
西方/現代88星座,CON western Psc,Fishes,Pisces,雙魚座,筆畫1,2,4889→5742,HIP4889→HIP5742,
西方/現代88星座,CON western Psc,Fishes,Pisces,雙魚座,筆畫2,19,4889→6193→5742→7097→8198→9487→8833→7884→7007→4906→3786→1645→118268→116771→116928→115738→114971→115830→116771,HIP4889→HIP6193→HIP5742→Alpherg→Torcular→Alrescha→HIP8833→HIP7884→HIP7007→HIP4906→Kuton I→HIP1645→HIP118268→HIP116771→HIP116928→HIP115738→HIP114971→HIP115830→HIP116771,
西方/現代88星座,CON western PsA,Southern Fish,Piscis Austrinus,南魚座,筆畫1,7,113368→111954→108661→107608→109422→111188→113246,Fomalhaut→HIP111954→HIP108661→HIP107608→HIP109422→Fum al Hui→HIP113246,
西方/現代88星座,CON western Vol,Flying Fish,Volans,飛魚座,筆畫1,4,37504→34481→39794→37504,HIP37504→HIP34481→HIP39794→HIP37504,
西方/現代88星座,CON western Vol,Flying Fish,Volans,飛魚座,筆畫2,2,39794→35228,HIP39794→HIP35228,
西方/現代88星座,CON western Vol,Flying Fish,Volans,飛魚座,筆畫3,4,39794→41312→44382→39794,HIP39794→HIP41312→HIP44382→HIP39794,
西方/現代88星座,CON western Pup,Stern,Puppis,船尾座,筆畫1,8,39757→38146→35264→31685→32768→36377→39429→39757,Tureis→HIP38146→HIP35264→HIP31685→HIP32768→HIP36377→Naos→Tureis,
西方/現代88星座,CON western Ret,Reticle,Reticulum,網罟座,筆畫1,5,19780→19921→18597→17440→19780,HIP19780→HIP19921→HIP18597→HIP17440→HIP19780,
西方/現代88星座,CON western Sgr,Archer,Sagittarius,人馬座,筆畫1,2,89931→90496,Kaus Media→Kaus Borealis,
西方/現代88星座,CON western Sgr,Archer,Sagittarius,人馬座,筆畫2,4,89642→90185→88635→87072,Hamalwarid→Kaus Australis→Alnasl→HIP87072,
西方/現代88星座,CON western Sgr,Archer,Sagittarius,人馬座,筆畫3,6,88635→89931→90185→93506→92041→89931,Alnasl→Kaus Media→Kaus Australis→Ascella→Namalsadirah I→Kaus Media,
西方/現代88星座,CON western Sgr,Archer,Sagittarius,人馬座,筆畫4,3,92041→90496→89341,Namalsadirah I→Kaus Borealis→Polis,
西方/現代88星座,CON western Sgr,Archer,Sagittarius,人馬座,筆畫5,4,93506→93864→92855→92041,Ascella→Namalsadirah II→Nunki→Namalsadirah I,
西方/現代88星座,CON western Sgr,Archer,Sagittarius,人馬座,筆畫6,5,92855→93085→93683→94820→95168,Nunki→HIP93085→HIP93683→HIP94820→HIP95168,
西方/現代88星座,CON western Sgr,Archer,Sagittarius,人馬座,筆畫7,6,93864→96406→98688→98412→98032→95347,Namalsadirah II→HIP96406→Terebellum IV→HIP98412→HIP98032→Rukbat,
西方/現代88星座,CON western Sgr,Archer,Sagittarius,人馬座,筆畫8,2,98032→95294,HIP98032→Arkab Posterior,
西方/現代88星座,CON western Sco,Scorpion,Scorpius,天蠍座,筆畫1,11,85927→86670→87073→86228→84143→82671→82514→82396→81266→80763→78401,Shaula→Mula→Girtab→Sargas→HIP84143→HIP82671→Xamidimura→Larawag→Paikauhale→Antares→Dschubba,
西方/現代88星座,CON western Sco,Scorpion,Scorpius,天蠍座,筆畫2,2,80763→78265,Antares→Fang,
西方/現代88星座,CON western Sco,Scorpion,Scorpius,天蠍座,筆畫3,2,80763→78820,Antares→Acrab,
西方/現代88星座,CON western Ser,Serpent,Serpens,巨蛇座,筆畫1,8,77516→77622→77070→76276→77233→78072→77450→77233,HIP77516→Nasak Yamani II→Unukalhai→Nasak Yamani I→Nasak Shamiya I→Nasak Shamiya II→Gudja→Nasak Shamiya I,
西方/現代88星座,CON western Ser,Serpent,Serpens,巨蛇座,筆畫2,5,92946→89962→86565→86263→84880,Alya→HIP89962→HIP86565→HIP86263→HIP84880,
西方/現代88星座,CON western Sex,Sextant,Sextans,六分儀座,筆畫1,2,51437→49641,HIP51437→HIP49641,
西方/現代88星座,CON western Men,Table Mountain,Mensa,山案座,筆畫1,2,25918→21949,HIP25918→HIP21949,
西方/現代88星座,CON western Tau,Bull,Taurus,金牛座,筆畫1,3,25428→21881→20889,Elnath→HIP21881→Ain,
西方/現代88星座,CON western Tau,Bull,Taurus,金牛座,筆畫2,2,21421→26451,Aldebaran→Tianguan,
西方/現代88星座,CON western Tau,Bull,Taurus,金牛座,筆畫3,2,20205→20455,Prima Hyadum→Secunda Hyadum,
西方/現代88星座,CON western Tau,Bull,Taurus,金牛座,筆畫4,3,20205→18724→15900,Prima Hyadum→HIP18724→HIP15900,
西方/現代88星座,CON western Tau,Bull,Taurus,金牛座,筆畫5,2,21421→20889,Aldebaran→Ain,
西方/現代88星座,CON western Tau,Bull,Taurus,金牛座,筆畫6,3,21421→20894→20205,Aldebaran→Chamukuy→Prima Hyadum,
西方/現代88星座,CON western Tau,Bull,Taurus,金牛座,筆畫7,4,20889→20648→20455→17847,Ain→HIP20648→Secunda Hyadum→Atlas,
西方/現代88星座,CON western Tel,Telescope,Telescopium,望遠鏡座,筆畫1,2,90568→90422,HIP90568→HIP90422,
西方/現代88星座,CON western Tuc,Toucan,Tucana,杜鵑座,筆畫1,3,110130→114996→1599,HIP110130→HIP114996→HIP1599,
西方/現代88星座,CON western Tuc,Toucan,Tucana,杜鵑座,筆畫2,2,114996→2484,HIP114996→HIP2484,
西方/現代88星座,CON western Tri,Triangle,Triangulum,三角座,筆畫1,4,10670→10064→8796→10670,HIP10670→Mizan→Mothallah→HIP10670,
西方/現代88星座,CON western Tra,Southern Triangle,Triangulum Australe,,筆畫1,4,82273→74946→77952→82273,Atria→HIP74946→HIP77952→Atria,
西方/現代88星座,CON western Aqr,Water Bearer,Aquarius,寶瓶座,筆畫1,8,106278→109074→110395→110960→111497→112961→114855→115438,Sadalsuud→Sadalmelik→Sadachbia→Sadaltager→HIP111497→Hydor→HIP114855→HIP115438,
西方/現代88星座,CON western Aqr,Water Bearer,Aquarius,寶瓶座,筆畫2,3,109074→110003→109139,Sadalmelik→Ancha→HIP109139,
西方/現代88星座,CON western Aqr,Water Bearer,Aquarius,寶瓶座,筆畫3,5,110003→111123→112716→113136→114341,Ancha→HIP111123→HIP112716→Skat→HIP114341,
西方/現代88星座,CON western Aqr,Water Bearer,Aquarius,寶瓶座,筆畫4,2,102618→106278,Albali→Sadalsuud,
西方/現代88星座,CON western Vir,Maiden,Virgo,處女座,筆畫1,7,57380→60030→61941→65474→69427→69701→71957,HIP57380→HIP60030→Porrima→Spica→Kang→Syrma→Rijl al Awwa,
西方/現代88星座,CON western Vir,Maiden,Virgo,處女座,筆畫2,4,65474→66249→68520→72220,Spica→Heze→HIP68520→HIP72220,
西方/現代88星座,CON western Vir,Maiden,Virgo,處女座,筆畫3,3,66249→63090→63608,Heze→Minelauva→Vindemiatrix,
西方/現代88星座,CON western Vir,Maiden,Virgo,處女座,筆畫4,2,63090→61941,Minelauva→Porrima,
西方/現代88星座,CON western Vel,Sails,Vela,船帆座,筆畫1,11,39953→42536→42913→45941→48774→52727→51986→50191→46651→44816→39953,Regor→HIP42536→Alsephina→Markeb→HIP48774→HIP52727→HIP51986→HIP50191→HIP46651→Suhail→Regor,
