代號,類型,V星等,RA(J2016)°,Dec(J2016)°,RA 時分秒,Dec 度分秒,國際星名/說明,出現於
HIP 43,恆星,6.18,0.1280,+59.5596,00h00m30.7s,+59°33′34.5″,,中國(具名)、圖卡諾
HIP 124,恆星,5.57,0.4042,+61.2228,00h01m37.0s,+61°13′22.1″,,中國(具名)
HIP 145,恆星,5.10,0.4561,-3.0275,00h01m49.5s,-03°01′39.2″,,中國、中國(具名)、韓國
HIP 154,恆星,4.41,0.4903,-6.0143,00h01m57.7s,-06°00′51.3″,,中國、中國(具名)、呂埃勒、韓國
HIP 171,恆星,5.75,0.5467,+27.0776,00h02m11.2s,+27°04′39.5″,,中國(具名)
HIP 186,恆星,6.33,0.6007,+8.9568,00h02m24.2s,+08°57′24.5″,,中國(具名)
HIP 194,恆星,5.69,0.6233,+8.4853,00h02m29.6s,+08°29′06.9″,,中國、中國(具名)
HIP 301,恆星,4.54,0.9351,-17.3360,00h03m44.4s,-17°20′09.7″,,中國、中國(具名)、圖卡諾、阿拉伯・古代、韓國
HIP 330,恆星,5.88,1.0569,+62.2877,00h04m13.7s,+62°17′15.6″,,中國(具名)
HIP 355,恆星,4.92,1.1255,-10.5096,00h04m30.1s,-10°30′34.5″,,中國、中國(具名)、韓國
HIP 443,恆星,4.61,1.3339,-5.7072,00h05m20.1s,-05°42′26.0″,,中國、中國(具名)、韓國
HIP 476,恆星,5.54,1.4250,+13.3962,00h05m42.0s,+13°23′46.5″,,中國(具名)
HIP 518,恆星,6.42,1.5679,+58.4369,00h06m16.3s,+58°26′12.7″,,圖卡諾
HIP 531,恆星,5.59,1.6107,+64.1962,00h06m26.6s,+64°11′46.2″,,中國(具名)
HIP 635,恆星,6.43,1.9339,-2.5487,00h07m44.1s,-02°32′55.2″,,中國(具名)
HIP 664,恆星,6.22,2.0504,-2.4477,00h08m12.1s,-02°26′51.8″,,中國(具名)、韓國
HIP 667,恆星,8.32,2.0568,+29.7322,00h08m13.6s,+29°43′55.8″,,印度(星群)、印度吠陀
HIP 677,恆星,2.06,2.0976,+29.0897,00h08m23.4s,+29°05′22.9″,Alpheratz,中國、中國(具名)、呂埃勒、埃及、夏威夷星線、夏威夷星線(具名)、日本月站、納瓦荷、羅馬尼亞、西方/現代(星群)、西方/現代88星座、阿努塔(具名)、阿拉伯・古代、阿拉伯・古代(具名)、阿拉伯・月站、阿拉伯・月站(具名)、阿拉伯・蘇菲、阿拉伯・蘇菲(具名)、阿拉伯・蘇菲(星群)、阿拉伯・阿拉伯半島、阿拉伯・阿拉伯半島(具名)、韓國
HIP 696,恆星,6.13,2.1396,-17.5784,00h08m33.5s,-17°34′42.1″,,圖卡諾
HIP 729,恆星,5.55,2.2608,+18.2119,00h09m02.6s,+18°12′42.7″,,中國(具名)
HIP 746,恆星,2.27,2.2991,+59.1490,00h09m11.8s,+59°08′56.3″,Caph,中國、中國(具名)、印度吠陀(具名)、呂埃勒、因紐特、圖卡諾、圖皮-瓜拉尼、埃及、夏威夷星線、夏威夷星線(具名)、東加、白俄羅斯、納瓦荷、羅馬尼亞、蒙古、薩丁尼亞、薩米、西方/現代(星群)、西方/現代88星座、阿拉伯・古代、阿拉伯・古代(具名)、阿拉伯・月站、阿拉伯・月站(具名)、阿拉伯・蘇菲、阿拉伯・蘇菲(具名)、阿拉伯・蘇菲(星群)、阿拉伯・阿拉伯半島、韓國、韓國(具名)
HIP 765,恆星,3.87,2.3534,-45.7482,00h09m24.8s,-45°44′53.6″,,中國、中國(具名)、呂埃勒、西方/現代88星座、阿拉伯・古代
HIP 813,恆星,5.53,2.5093,+11.1458,00h10m02.2s,+11°08′45.0″,,中國(具名)
HIP 840,恆星,5.84,2.5788,-5.2487,00h10m18.9s,-05°14′55.4″,,韓國
HIP 841,恆星,5.04,2.5802,+46.0723,00h10m19.3s,+46°04′20.2″,,中國(具名)、阿拉伯・古代、阿拉伯・月站、阿拉伯・蘇菲(星群)
HIP 910,恆星,4.89,2.8157,-15.4692,00h11m15.8s,-15°28′09.0″,,中國、中國(具名)、韓國
HIP 983,恆星,5.26,3.0418,-17.9384,00h12m10.0s,-17°56′18.2″,,圖卡諾、阿拉伯・古代、韓國
HIP 1067,恆星,2.84,3.3090,+15.1836,00h13m14.2s,+15°11′00.8″,Algenib,中國、中國(具名)、印度(星群)、印度吠陀、呂埃勒、埃及、夏威夷星線、夏威夷星線(具名)、日本月站、羅馬尼亞、西方/現代(星群)、西方/現代88星座、阿拉伯・古代、阿拉伯・古代(具名)、阿拉伯・月站、阿拉伯・月站(具名)、阿拉伯・蘇菲、阿拉伯・蘇菲(具名)、阿拉伯・蘇菲(星群)、阿拉伯・阿拉伯半島、阿拉伯・阿拉伯半島(具名)、韓國
HIP 1086,恆星,5.69,3.3778,+41.0347,00h13m30.7s,+41°02′05.0″,,中國(具名)
HIP 1158,恆星,5.12,3.6154,-7.7805,00h14m27.7s,-07°46′49.7″,,韓國
HIP 1168,恆星,4.80,3.6511,+20.2067,00h14m36.3s,+20°12′24.1″,,中國(具名)
HIP 1170,恆星,4.46,3.6599,-18.9332,00h14m38.4s,-18°55′59.5″,,中國、中國(具名)、圖卡諾、阿拉伯・古代、韓國
HIP 1196,恆星,6.01,3.7456,+8.8209,00h14m58.9s,+08°49′15.1″,,中國(具名)
HIP 1319,恆星,6.12,4.1417,+8.2401,00h16m34.0s,+08°14′24.3″,,中國(具名)
HIP 1340,恆星,7.47,4.1904,+13.9168,00h16m45.7s,+13°55′00.5″,,中國(具名)
HIP 1354,恆星,5.74,4.2376,+61.5332,00h16m57.0s,+61°31′59.4″,,中國(具名)
HIP 1366,恆星,4.61,4.2726,+38.6816,00h17m05.4s,+38°40′53.7″,,中國、中國(具名)、納瓦荷、阿拉伯・蘇菲
HIP 1402,恆星,6.45,4.3864,-19.0511,00h17m32.7s,-19°03′04.0″,,圖卡諾
HIP 1427,恆星,7.20,4.4593,+16.3309,00h17m50.2s,+16°19′51.2″,,中國(具名)
HIP 1473,恆星,4.52,4.5815,+36.7850,00h18m19.6s,+36°47′06.1″,,中國、中國(具名)、阿拉伯・蘇菲
HIP 1499,恆星,6.46,4.6763,-8.0536,00h18m42.3s,-08°03′13.1″,,中國(具名)
HIP 1537,恆星,9.08,4.7881,-24.2527,00h19m09.1s,-24°15′09.8″,,西方/現代(星群)
HIP 1562,恆星,3.55,4.8569,-8.8241,00h19m25.7s,-08°49′26.7″,Deneb Kaitos Shemali,中國、中國(具名)、呂埃勒、羅馬尼亞、西方/現代88星座、阿拉伯・古代、阿拉伯・蘇菲、阿拉伯・蘇菲(具名)、韓國
HIP 1595,恆星,6.60,4.9844,+16.2508,00h19m56.3s,+16°15′02.9″,,中國(具名)
HIP 1599,恆星,4.23,5.0356,-64.8696,00h20m08.5s,-64°52′10.6″,,中國、中國(具名)、呂埃勒、西方/現代88星座
HIP 1645,恆星,5.37,5.1494,+8.1903,00h20m35.9s,+08°11′25.1″,,中國(具名)、西方/現代88星座、阿拉伯・蘇菲、阿拉伯・蘇菲(星群)
HIP 1660,恆星,6.75,5.2024,-23.6302,00h20m48.6s,-23°37′48.8″,,西方/現代(星群)
HIP 1686,恆星,5.18,5.2806,+37.9684,00h21m07.3s,+37°58′06.4″,,中國、中國(具名)、阿拉伯・蘇菲
HIP 1728,恆星,5.74,5.4431,-20.0581,00h21m46.3s,-20°03′29.1″,,圖卡諾
HIP 1729,恆星,8.43,5.4624,-22.6432,00h21m51.0s,-22°38′35.7″,,西方/現代(星群)
HIP 1732,恆星,7.60,5.4693,-23.0085,00h21m52.6s,-23°00′30.5″,,西方/現代(星群)
HIP 1765,恆星,7.55,5.5833,-23.8405,00h22m20.0s,-23°50′25.9″,,西方/現代(星群)
HIP 1772,恆星,6.24,5.6065,+13.4826,00h22m25.6s,+13°28′57.3″,,中國(具名)
HIP 1803,恆星,6.39,5.7176,-12.2092,00h22m52.2s,-12°12′33.0″,,中國、中國(具名)
HIP 1915,恆星,7.83,6.0554,-23.4034,00h24m13.3s,-23°24′12.4″,,西方/現代(星群)
HIP 1948,恆星,6.46,6.1590,+14.3155,00h24m38.2s,+14°18′55.8″,,中國(具名)
HIP 1958,恆星,8.31,6.1915,-24.2860,00h24m46.0s,-24°17′09.5″,,西方/現代(星群)
HIP 1960,恆星,5.38,6.1981,+61.8310,00h24m47.5s,+61°49′51.8″,,中國(具名)、圖皮-瓜拉尼
HIP 1961,恆星,8.46,6.2009,-23.4543,00h24m48.2s,-23°27′15.4″,,西方/現代(星群)
HIP 1982,恆星,5.72,6.2769,+53.0468,00h25m06.4s,+53°02′48.3″,,中國(具名)
HIP 2006,恆星,5.77,6.3508,+1.9396,00h25m24.2s,+01°56′22.7″,,中國(具名)
HIP 2021,恆星,2.79,6.4825,-77.2528,00h25m55.8s,-77°15′10.1″,,中國、中國(具名)、呂埃勒、西方/現代(星群)、西方/現代88星座
HIP 2025,恆星,6.76,6.4248,+7.6909,00h25m42.0s,+07°41′27.3″,,中國、中國(具名)
HIP 2072,恆星,3.94,6.5515,-43.6797,00h26m12.4s,-43°40′46.9″,,中國、中國(具名)、西方/現代88星座
HIP 2081,恆星,2.38,6.5722,-42.3078,00h26m17.3s,-42°18′28.2″,Ankaa,中國、中國(具名)、呂埃勒、夏威夷星線、夏威夷星線(具名)、西方/現代88星座、阿拉伯・古代(具名)、阿拉伯・月站(具名)
HIP 2100,恆星,6.19,6.6562,-0.0495,00h26m37.5s,-00°02′58.3″,,中國(具名)
HIP 2213,恆星,6.38,6.9935,+19.5140,00h27m58.4s,+19°30′50.3″,,中國(具名)
HIP 2219,恆星,5.06,7.0127,+17.8932,00h28m03.0s,+17°53′35.6″,,中國(具名)、阿拉伯・蘇菲(星群)、韓國
HIP 2224,恆星,6.04,7.0530,+16.4450,00h28m12.7s,+16°26′42.0″,,中國(具名)、阿拉伯・蘇菲(星群)
HIP 2225,恆星,5.17,7.0574,+44.3944,00h28m13.8s,+44°23′39.8″,,阿拉伯・古代、阿拉伯・月站、阿拉伯・蘇菲(星群)
HIP 2343,恆星,7.47,7.4812,-1.1181,00h29m55.5s,-01°07′05.2″,,中國(具名)
HIP 2353,恆星,5.72,7.5099,-3.9574,00h30m02.4s,-03°57′26.6″,,中國(具名)
HIP 2355,恆星,5.21,7.5309,+29.7513,00h30m07.4s,+29°45′04.7″,,中國(具名)
HIP 2415,恆星,6.82,7.6963,+16.0376,00h30m47.1s,+16°02′15.4″,,中國(具名)
HIP 2472,恆星,4.77,7.8550,-48.8034,00h31m25.2s,-48°48′12.3″,,中國、中國(具名)
HIP 2474,恆星,6.17,7.8553,+66.5196,00h31m25.3s,+66°31′10.6″,,中國(具名)
HIP 2484,恆星,4.29,7.8869,-62.9585,00h31m32.9s,-62°57′30.5″,,中國、中國(具名)、呂埃勒、西方/現代88星座
HIP 2505,恆星,4.68,7.9434,+54.5222,00h31m46.4s,+54°31′19.8″,,中國、中國(具名)、圖卡諾、阿拉伯・古代、阿拉伯・月站
HIP 2548,恆星,5.68,8.0992,+6.9555,00h32m23.8s,+06°57′19.8″,,中國(具名)、阿拉伯・蘇菲、阿拉伯・蘇菲(星群)、韓國
HIP 2568,恆星,5.37,8.1485,+20.2941,00h32m35.6s,+20°17′38.8″,,中國(具名)、阿拉伯・蘇菲(星群)
HIP 2599,恆星,4.16,8.2500,+62.9318,00h32m60.0s,+62°55′54.4″,,中國、中國(具名)、呂埃勒、圖皮-瓜拉尼、羅馬尼亞、阿拉伯・古代、阿拉伯・月站、阿拉伯・蘇菲、阿拉伯・蘇菲(星群)、韓國
HIP 2611,恆星,5.92,8.2939,+54.8948,00h33m10.5s,+54°53′41.3″,,圖卡諾
HIP 2707,恆星,6.47,8.6041,+66.7503,00h34m25.0s,+66°45′01.2″,,中國、中國(具名)
HIP 2762,恆星,5.21,8.8139,-3.5929,00h35m15.3s,-03°35′34.5″,,中國(具名)、韓國
HIP 2787,恆星,5.94,8.8874,-0.5059,00h35m33.0s,-00°30′21.2″,,中國(具名)
HIP 2854,恆星,5.08,9.0348,+54.1684,00h36m08.4s,+54°10′06.4″,,中國(具名)
HIP 2876,恆星,5.79,9.1140,+60.3262,00h36m27.3s,+60°19′34.3″,,圖卡諾
HIP 2900,恆星,5.13,9.1933,+44.4887,00h36m46.4s,+44°29′19.4″,,阿拉伯・古代、阿拉伯・月站、阿拉伯・蘇菲(星群)
HIP 2903,恆星,5.86,9.1971,+15.2317,00h36m47.3s,+15°13′54.0″,,阿拉伯・蘇菲(星群)
HIP 2912,恆星,4.36,9.2203,+33.7193,00h36m52.9s,+33°43′09.6″,,中國、中國(具名)、日本月站、納瓦荷、阿拉伯・古代、阿拉伯・月站、阿拉伯・蘇菲、阿拉伯・蘇菲(星群)、阿拉伯・阿拉伯半島、韓國
HIP 2920,恆星,3.66,9.2430,+53.8969,00h36m58.3s,+53°53′48.7″,Fulu,中國、中國(具名)、呂埃勒、圖卡諾、納瓦荷、阿拉伯・古代、阿拉伯・月站、阿拉伯・蘇菲、阿拉伯・蘇菲(星群)、韓國、韓國(具名)
HIP 2942,恆星,5.43,9.3384,+35.3995,00h37m21.2s,+35°23′58.2″,,韓國
HIP 2994,恆星,6.64,9.5187,-0.5036,00h38m04.5s,-00°30′12.9″,,中國(具名)
HIP 3031,恆星,4.38,9.6378,+29.3106,00h38m33.1s,+29°18′38.3″,,中國、中國(具名)、呂埃勒、日本月站、阿拉伯・古代、阿拉伯・月站、阿拉伯・蘇菲、阿拉伯・蘇菲(星群)、阿拉伯・阿拉伯半島、韓國
HIP 3092,恆星,3.28,9.8326,+30.8605,00h39m19.8s,+30°51′37.8″,,中國、中國(具名)、呂埃勒、日本月站、納瓦荷、羅馬尼亞、西方/現代(星群)、西方/現代88星座、阿拉伯・古代、阿拉伯・蘇菲、阿拉伯・蘇菲(星群)、韓國
HIP 3093,恆星,5.88,9.8387,+21.2488,00h39m21.3s,+21°14′55.8″,,中國(具名)
HIP 3138,恆星,5.43,9.9817,+21.4384,00h39m55.6s,+21°26′18.1″,,中國(具名)、阿拉伯・蘇菲(星群)
HIP 3179,恆星,2.23,10.1272,+56.5372,00h40m30.5s,+56°32′13.9″,Shedar,中國、中國(具名)、呂埃勒、因紐特、圖卡諾、圖皮-瓜拉尼、埃及、夏威夷星線、夏威夷星線(具名)、東加、羅馬尼亞、蒙古、薩丁尼亞、薩米、西方/現代(星群)、西方/現代88星座、阿拉伯・古代、阿拉伯・月站、阿拉伯・蘇菲、阿拉伯・蘇菲(星群)、阿拉伯・阿拉伯半島、韓國、韓國(具名)
HIP 3231,恆星,5.33,10.2799,+39.4586,00h41m07.2s,+39°27′31.1″,,中國(具名)、阿拉伯・古代、阿拉伯・月站、阿拉伯・蘇菲、阿拉伯・蘇菲(星群)、阿拉伯・阿拉伯半島、韓國
HIP 3245,恆星,4.59,10.3314,-46.0850,00h41m19.5s,-46°05′06.0″,Alrial II,中國、中國(具名)、阿拉伯・古代
HIP 3300,恆星,4.81,10.5163,+50.5125,00h42m03.9s,+50°30′45.0″,,中國(具名)、圖皮-瓜拉尼、阿拉伯・古代、阿拉伯・月站、阿拉伯・蘇菲(星群)
HIP 3330,恆星,5.38,10.6188,-65.4678,00h42m28.5s,-65°28′04.2″,,中國、中國(具名)
HIP 3405,恆星,4.36,10.8384,-57.4630,00h43m21.2s,-57°27′46.8″,,中國、中國(具名)
HIP 3414,恆星,4.95,10.8668,+47.0244,00h43m28.0s,+47°01′27.8″,,中國(具名)、阿拉伯・古代、阿拉伯・月站、阿拉伯・蘇菲(星群)
HIP 3419,恆星,2.01,10.8985,-17.9865,00h43m35.6s,-17°59′11.3″,Diphda,中國、中國(具名)、呂埃勒、夏威夷星線、夏威夷星線(具名)、羅馬尼亞、西方/現代88星座、阿拉伯・古代、阿拉伯・古代(具名)、阿拉伯・月站、阿拉伯・月站(具名)、阿拉伯・蘇菲、韓國
HIP 3436,恆星,6.02,10.9587,-12.0127,00h43m50.1s,-12°00′45.8″,,阿拉伯・蘇菲
HIP 3455,恆星,4.77,11.0475,-10.6101,00h44m11.4s,-10°36′36.2″,Alnitham I,中國、中國(具名)、阿拉伯・蘇菲
HIP 3504,恆星,4.50,11.1814,+48.2843,00h44m43.5s,+48°17′03.6″,,中國、中國(具名)、阿拉伯・古代、阿拉伯・月站、阿拉伯・蘇菲(星群)、韓國
HIP 3544,恆星,5.41,11.3213,+55.2214,00h45m17.1s,+55°13′16.9″,,圖卡諾
HIP 3559,恆星,6.15,11.3694,-12.8817,00h45m28.7s,-12°52′54.2″,,中國、中國(具名)
HIP 3572,恆星,5.65,11.4126,+74.9880,00h45m39.0s,+74°59′16.7″,,中國(具名)
HIP 3632,恆星,5.38,11.6372,+15.4753,00h46m32.9s,+15°28′31.0″,,阿拉伯・蘇菲(星群)
HIP 3685,恆星,6.10,11.8073,+19.5787,00h47m13.7s,+19°34′43.5″,,中國(具名)、阿拉伯・蘇菲(星群)
HIP 3693,恆星,4.06,11.8342,+24.2668,00h47m20.2s,+24°16′00.6″,,中國、中國(具名)、呂埃勒、日本月站、阿拉伯・古代、阿拉伯・月站、阿拉伯・蘇菲、阿拉伯・蘇菲(星群)、阿拉伯・阿拉伯半島、韓國
HIP 3697,恆星,5.96,11.8485,+6.7409,00h47m23.6s,+06°44′27.2″,,中國(具名)
HIP 3721,恆星,5.41,11.9421,+74.8475,00h47m46.1s,+74°50′51.1″,,中國、中國(具名)、阿拉伯・古代、阿拉伯・蘇菲(星群)
HIP 3760,恆星,5.91,12.0730,+7.3000,00h48m17.5s,+07°17′59.8″,,中國(具名)
HIP 3786,恆星,4.44,12.1710,+7.5849,00h48m41.0s,+07°35′05.5″,Kuton I,中國、中國(具名)、呂埃勒、西方/現代88星座、阿拉伯・古代、阿拉伯・蘇菲、阿拉伯・蘇菲(星群)、韓國
HIP 3801,恆星,4.89,12.2086,+50.9681,00h48m50.1s,+50°58′05.3″,,中國、中國(具名)、韓國
HIP 3810,恆星,5.04,12.2446,+16.9398,00h48m58.7s,+16°56′23.1″,,中國(具名)、阿拉伯・蘇菲(星群)、韓國
HIP 3821,恆星,3.44,12.2852,+57.8127,00h49m08.5s,+57°48′45.8″,Achird,中國、中國(具名)、因紐特、圖卡諾、圖皮-瓜拉尼、阿拉伯・古代、阿拉伯・月站、阿拉伯・蘇菲、韓國、韓國(具名)
HIP 3849,恆星,5.59,12.3572,-13.5617,00h49m25.7s,-13°33′42.2″,,阿拉伯・蘇菲
HIP 3881,恆星,4.53,12.4537,+41.0788,00h49m48.9s,+41°04′43.8″,,中國、中國(具名)、呂埃勒、日本月站、西方/現代88星座、阿拉伯・古代、阿拉伯・月站、阿拉伯・蘇菲、阿拉伯・蘇菲(星群)、阿拉伯・阿拉伯半島、韓國
HIP 3885,恆星,6.28,12.4708,+27.7108,00h49m53.0s,+27°42′38.7″,,中國、中國(具名)、阿拉伯・蘇菲
HIP 3909,恆星,5.19,12.5306,-10.6453,00h50m07.3s,-10°38′43.3″,Alnitham II,中國(具名)、阿拉伯・蘇菲
HIP 3951,恆星,5.36,12.6820,+64.2475,00h50m43.7s,+64°14′51.0″,,圖皮-瓜拉尼
HIP 4147,恆星,4.76,13.2521,-1.1443,00h53m00.5s,-01°08′39.6″,,中國(具名)、韓國
HIP 4151,恆星,4.80,13.2669,+61.1247,00h53m04.0s,+61°07′29.0″,,中國(具名)、圖卡諾
HIP 4257,恆星,6.16,13.5734,-8.7409,00h54m17.6s,-08°44′27.2″,,中國、中國(具名)
HIP 4267,恆星,5.79,13.6468,+19.1884,00h54m35.2s,+19°11′18.1″,,中國(具名)
HIP 4288,恆星,6.00,13.7427,+23.6281,00h54m58.3s,+23°37′41.3″,,中國(具名)
HIP 4292,恆星,4.82,13.7504,+58.9725,00h55m00.1s,+58°58′21.0″,,阿拉伯・古代、阿拉伯・月站
HIP 4366,恆星,6.10,13.9937,+27.2094,00h55m58.5s,+27°12′34.0″,,中國(具名)、阿拉伯・蘇菲
HIP 4371,恆星,5.33,14.0061,-11.2666,00h56m01.5s,-11°15′59.6″,Alnitham III,中國、中國(具名)
HIP 4422,恆星,4.62,14.1655,+59.1809,00h56m39.7s,+59°10′51.1″,Castula,中國(具名)、圖卡諾
HIP 4427,恆星,2.39,14.1775,+60.7167,00h56m42.6s,+60°43′00.2″,Navi,中國、中國(具名)、呂埃勒、因紐特、圖卡諾、圖皮-瓜拉尼、埃及、夏威夷星線、夏威夷星線(具名)、東加、納瓦荷、羅馬尼亞、蒙古、薩丁尼亞、薩米、西方/現代(星群)、西方/現代88星座、阿拉伯・古代、阿拉伯・月站、阿拉伯・蘇菲、阿拉伯・蘇菲(星群)、阿拉伯・阿拉伯半島、韓國、韓國(具名)
HIP 4436,恆星,3.87,14.1892,+38.4995,00h56m45.4s,+38°29′58.2″,,中國、中國(具名)、呂埃勒、日本月站、納瓦荷、西方/現代88星座、阿拉伯・蘇菲、阿拉伯・蘇菲(星群)、韓國
HIP 4463,恆星,4.42,14.3015,+23.4174,00h57m12.4s,+23°25′02.8″,,中國、中國(具名)、日本月站、阿拉伯・蘇菲、阿拉伯・蘇菲(星群)、韓國
HIP 4475,恆星,6.44,14.3323,+61.4218,00h57m19.7s,+61°25′18.6″,,圖卡諾
HIP 4510,恆星,5.44,14.4590,+28.9922,00h57m50.2s,+28°59′31.9″,,中國(具名)、阿拉伯・蘇菲
HIP 4577,恆星,4.27,14.6516,-29.3574,00h58m36.4s,-29°21′26.8″,,西方/現代88星座
HIP 4587,恆星,5.61,14.6826,-11.3800,00h58m43.8s,-11°22′48.1″,Alnitham IV,中國(具名)
HIP 4714,恆星,8.37,15.1374,+65.1151,01h00m33.0s,+65°06′54.2″,,中國、中國(具名)
HIP 4832,恆星,7.54,15.5286,+7.9407,01h02m06.9s,+07°56′26.4″,,中國(具名)
HIP 4889,恆星,5.50,15.7046,+31.8041,01h02m49.1s,+31°48′14.8″,,中國(具名)、西方/現代88星座
HIP 4893,恆星,7.21,15.7097,+26.2995,01h02m50.3s,+26°17′58.2″,,羅馬尼亞
HIP 4903,恆星,5.93,15.7260,+41.3451,01h02m54.2s,+41°20′42.5″,,中國(具名)
HIP 4906,恆星,4.28,15.7355,+7.8902,01h02m56.5s,+07°53′24.9″,,中國、中國(具名)、呂埃勒、羅馬尼亞、西方/現代88星座、阿拉伯・古代、阿拉伯・蘇菲、阿拉伯・蘇菲(星群)、韓國
HIP 4914,恆星,5.41,15.7601,-4.8371,01h03m02.4s,-04°50′13.4″,,中國(具名)、韓國
HIP 4962,恆星,6.00,15.9042,+61.0748,01h03m37.0s,+61°04′29.3″,,圖卡諾
HIP 4979,恆星,6.07,15.9548,+1.3667,01h03m49.2s,+01°22′00.0″,,中國(具名)
HIP 4998,恆星,5.98,16.0100,+52.5019,01h04m02.4s,+52°30′06.8″,,阿拉伯・古代、阿拉伯・月站
HIP 5021,恆星,5.83,16.0803,+61.5801,01h04m19.3s,+61°34′48.3″,,圖卡諾
HIP 5074,恆星,6.01,16.2195,+5.6562,01h04m52.7s,+05°39′22.3″,,中國(具名)
HIP 5081,恆星,5.63,16.2724,+14.9464,01h05m05.4s,+14°56′46.9″,,中國(具名)
HIP 5121,恆星,6.09,16.4035,-9.9795,01h05m36.8s,-09°58′46.1″,,中國(具名)
HIP 5131,恆星,5.27,16.4209,+21.4731,01h05m41.0s,+21°28′23.1″,,中國、中國(具名)、阿拉伯・蘇菲
HIP 5132,恆星,5.46,16.4241,+21.4654,01h05m41.8s,+21°27′55.4″,,阿拉伯・蘇菲(星群)
HIP 5141,恆星,6.34,16.4553,+4.9078,01h05m49.3s,+04°54′28.1″,,中國(具名)
HIP 5164,恆星,5.57,16.5216,-9.8393,01h06m05.2s,-09°50′21.6″,,中國(具名)
HIP 5165,恆星,3.30,16.5210,-46.7184,01h06m05.0s,-46°43′06.2″,Alrial III,中國、中國(具名)、呂埃勒、西方/現代88星座、阿拉伯・古代
HIP 5175,恆星,6.26,16.5467,+32.1814,01h06m11.2s,+32°10′53.0″,,中國、中國(具名)
HIP 5204,恆星,6.14,16.6402,+12.9562,01h06m33.6s,+12°57′22.2″,,中國(具名)
HIP 5251,恆星,6.29,16.7895,+53.4982,01h07m09.5s,+53°29′53.4″,,圖卡諾、阿拉伯・古代、阿拉伯・月站
HIP 5296,恆星,5.71,16.9432,-9.7855,01h07m46.4s,-09°47′07.7″,,中國(具名)
HIP 5310,恆星,5.56,16.9886,+20.7387,01h07m57.3s,+20°44′19.2″,,中國(具名)、阿拉伯・蘇菲、阿拉伯・蘇菲(星群)
HIP 5315,恆星,6.45,16.9992,+1.9911,01h07m59.8s,+01°59′28.0″,,中國(具名)
HIP 5317,恆星,5.04,17.0045,+43.9418,01h08m01.1s,+43°56′30.6″,,中國(具名)
HIP 5319,恆星,6.21,17.0067,+32.0120,01h08m01.6s,+32°00′43.3″,,中國(具名)
HIP 5346,恆星,5.50,17.0913,+5.6490,01h08m21.9s,+05°38′56.4″,,中國(具名)、阿拉伯・蘇菲
HIP 5348,恆星,4.01,17.0963,-55.2456,01h08m23.1s,-55°14′44.2″,Wurren,中國、中國(具名)、西方/現代88星座
HIP 5364,恆星,3.45,17.1484,-10.1829,01h08m35.6s,-10°10′58.4″,Dheneb,中國、中國(具名)、呂埃勒、羅馬尼亞、西方/現代(星群)、西方/現代88星座、阿拉伯・古代、阿拉伯・蘇菲、阿拉伯・蘇菲(星群)、韓國
HIP 5372,恆星,4.22,17.1925,+86.2570,01h08m46.2s,+86°15′25.4″,,中國、中國(具名)、阿拉伯・古代、阿拉伯・蘇菲(星群)、韓國
HIP 5434,恆星,4.25,17.3756,+47.2417,01h09m30.1s,+47°14′30.2″,,中國、中國(具名)、阿拉伯・蘇菲、韓國
HIP 5447,恆星,2.05,17.4340,+35.6201,01h09m44.2s,+35°37′12.2″,Mirach,中國、中國(具名)、呂埃勒、日本月站、納瓦荷、羅馬尼亞、西方/現代(星群)、西方/現代88星座、阿拉伯・古代、阿拉伯・古代(具名)、阿拉伯・月站、阿拉伯・月站(具名)、阿拉伯・蘇菲、阿拉伯・蘇菲(具名)、阿拉伯・蘇菲(星群)、阿拉伯・阿拉伯半島、韓國、韓國(具名)
HIP 5454,恆星,5.56,17.4550,+19.6584,01h09m49.2s,+19°39′30.4″,,中國(具名)、阿拉伯・古代、阿拉伯・月站、阿拉伯・蘇菲、阿拉伯・蘇菲(星群)、阿拉伯・阿拉伯半島、韓國
HIP 5485,恆星,6.39,17.5497,-8.9063,01h10m11.9s,-08°54′22.7″,,中國(具名)
HIP 5493,恆星,5.67,17.5773,+42.0813,01h10m18.5s,+42°04′52.6″,,中國(具名)
HIP 5510,恆星,5.94,17.6398,+2.4456,01h10m33.5s,+02°26′44.2″,,中國(具名)
HIP 5518,恆星,5.31,17.6643,+68.7785,01h10m39.4s,+68°46′42.6″,,中國、中國(具名)
HIP 5542,恆星,4.33,17.7774,+55.1498,01h11m06.6s,+55°08′59.3″,Marfak,中國、中國(具名)、呂埃勒、羅馬尼亞、阿拉伯・蘇菲、韓國
HIP 5544,恆星,5.15,17.7781,+31.4247,01h11m06.8s,+31°25′28.9″,,中國(具名)、阿拉伯・蘇菲、韓國
HIP 5550,恆星,5.79,17.7927,+37.7241,01h11m10.3s,+37°43′26.8″,,中國(具名)
HIP 5571,恆星,4.66,17.8636,+21.0346,01h11m27.3s,+21°02′04.6″,,中國、中國(具名)、日本月站、阿拉伯・古代、阿拉伯・月站、阿拉伯・蘇菲、阿拉伯・蘇菲(星群)、阿拉伯・阿拉伯半島
HIP 5586,恆星,4.51,17.9154,+30.0895,01h11m39.7s,+30°05′22.3″,,中國、中國(具名)、日本月站、納瓦荷、羅馬尼亞、阿拉伯・蘇菲、韓國
HIP 5589,恆星,5.56,17.9228,+65.0188,01h11m41.5s,+65°01′07.7″,,中國、中國(具名)、圖皮-瓜拉尼
HIP 5594,恆星,5.92,17.9310,-2.2512,01h11m43.4s,-02°15′04.2″,,中國(具名)
HIP 5626,恆星,5.60,18.0724,+79.6739,01h12m17.4s,+79°40′26.2″,,中國(具名)、阿拉伯・古代、阿拉伯・蘇菲(星群)
HIP 5646,恆星,6.54,18.1269,+2.4711,01h12m30.5s,+02°28′16.0″,,中國(具名)
HIP 5666,恆星,6.58,18.1985,-6.7834,01h12m47.6s,-06°47′00.4″,,中國(具名)
HIP 5737,恆星,5.19,18.4335,+7.5751,01h13m44.0s,+07°34′30.4″,Revati,中國、中國(具名)、印度(星群)、印度吠陀、呂埃勒、羅馬尼亞、阿拉伯・蘇菲、阿拉伯・蘇菲(星群)、韓國
HIP 5742,恆星,4.66,18.4374,+24.5836,01h13m45.0s,+24°35′01.0″,,中國、中國(具名)、日本月站、羅馬尼亞、西方/現代88星座、阿拉伯・蘇菲、阿拉伯・蘇菲(星群)、韓國
HIP 5799,恆星,5.13,18.6007,-7.9216,01h14m24.2s,-07°55′17.7″,,中國(具名)
HIP 5824,恆星,6.02,18.6766,+6.9950,01h14m42.4s,+06°59′42.1″,,中國(具名)
HIP 5833,恆星,5.69,18.7048,-0.9729,01h14m49.2s,-00°58′22.4″,,中國(具名)
HIP 5914,恆星,6.84,19.0209,+25.7694,01h16m05.0s,+25°46′09.7″,,羅馬尼亞
HIP 5926,恆星,5.86,19.0496,+71.7438,01h16m11.9s,+71°44′37.9″,,中國、中國(具名)
HIP 5947,恆星,6.26,19.1273,+79.9103,01h16m30.6s,+79°54′37.0″,,中國(具名)
HIP 5951,恆星,5.43,19.1508,-2.5007,01h16m36.2s,-02°30′02.3″,,中國(具名)、韓國
HIP 5985,恆星,6.52,19.2470,-2.2798,01h16m59.3s,-02°16′47.2″,,中國(具名)
HIP 6048,恆星,6.80,19.4266,-7.6594,01h17m42.4s,-07°39′33.9″,,中國(具名)
HIP 6061,恆星,5.14,19.4496,+3.6144,01h17m47.9s,+03°36′51.7″,,中國(具名)、阿拉伯・蘇菲、韓國
HIP 6193,恆星,4.75,19.8668,+27.2640,01h19m28.0s,+27°15′50.4″,,中國、中國(具名)、日本月站、西方/現代88星座、阿拉伯・古代、阿拉伯・月站、阿拉伯・蘇菲、阿拉伯・蘇菲(星群)、阿拉伯・阿拉伯半島、韓國
HIP 6226,恆星,6.45,19.9513,-0.5091,01h19m48.3s,-00°30′32.7″,,中國(具名)
HIP 6242,恆星,4.98,20.0205,+58.2316,01h20m04.9s,+58°13′53.8″,,中國(具名)、阿拉伯・蘇菲、韓國
HIP 6315,恆星,5.22,20.2809,+28.7379,01h21m07.4s,+28°44′16.4″,,中國、中國(具名)、羅馬尼亞、阿拉伯・古代、阿拉伯・月站、阿拉伯・阿拉伯半島
HIP 6371,恆星,6.55,20.4665,+50.1220,01h21m52.0s,+50°07′19.1″,,圖卡諾
HIP 6411,恆星,4.87,20.5853,+45.5288,01h22m20.5s,+45°31′43.7″,Adhil,中國(具名)
HIP 6429,恆星,6.50,20.6452,-0.4497,01h22m34.9s,-00°26′59.0″,,中國(具名)
HIP 6451,恆星,6.77,20.7235,+11.3663,01h22m53.7s,+11°21′58.7″,,中國(具名)
HIP 6514,恆星,5.59,20.9197,+37.7149,01h23m40.7s,+37°42′53.5″,,中國(具名)
HIP 6537,恆星,3.59,21.0055,-8.1842,01h24m01.3s,-08°11′03.0″,Al Naymat I,中國、中國(具名)、呂埃勒、羅馬尼亞、西方/現代(星群)、西方/現代88星座、阿拉伯・古代、阿拉伯・蘇菲、阿拉伯・蘇菲(星群)、韓國
HIP 6539,恆星,6.21,21.0114,-8.0077,01h24m02.7s,-08°00′27.8″,,中國(具名)
HIP 6670,恆星,4.91,21.4053,-14.5989,01h25m37.3s,-14°35′55.9″,,中國(具名)
HIP 6686,恆星,2.68,21.4566,+60.2351,01h25m49.6s,+60°14′06.2″,Ruchbah,中國、中國(具名)、呂埃勒、因紐特、圖卡諾、圖皮-瓜拉尼、埃及、夏威夷星線、夏威夷星線(具名)、東加、納瓦荷、羅馬尼亞、蒙古、薩丁尼亞、薩米、西方/現代(星群)、西方/現代88星座、阿拉伯・古代、阿拉伯・蘇菲、阿拉伯・蘇菲(星群)、阿拉伯・阿拉伯半島、韓國
HIP 6692,恆星,4.73,21.4843,+68.1301,01h25m56.2s,+68°07′48.5″,,中國、中國(具名)、圖卡諾
HIP 6706,恆星,5.34,21.5635,+19.1724,01h26m15.2s,+19°10′20.6″,,中國、中國(具名)、阿拉伯・蘇菲
HIP 6732,恆星,5.50,21.6739,+19.2402,01h26m41.7s,+19°14′24.6″,,中國(具名)
HIP 6748,恆星,5.50,21.7149,-13.0565,01h26m51.6s,-13°03′23.3″,,中國(具名)
HIP 6813,恆星,4.83,21.9163,+45.4062,01h27m39.9s,+45°24′22.3″,,中國(具名)、韓國
HIP 6867,恆星,3.42,22.0913,-43.3192,01h28m21.9s,-43°19′09.0″,Alrial V,中國、中國(具名)、呂埃勒、西方/現代88星座
HIP 6960,恆星,5.10,22.4008,-21.6293,01h29m36.2s,-21°37′45.5″,,中國、中國(具名)、韓國
HIP 6999,恆星,5.26,22.5254,+47.0071,01h30m06.1s,+47°00′25.5″,Thail,中國、中國(具名)、阿拉伯・蘇菲
HIP 7007,恆星,4.84,22.5476,+6.1436,01h30m11.4s,+06°08′37.0″,,中國、中國(具名)、羅馬尼亞、西方/現代88星座、阿拉伯・古代、阿拉伯・蘇菲、阿拉伯・蘇菲(星群)、韓國
HIP 7078,恆星,5.80,22.8091,+70.2643,01h31m14.2s,+70°15′51.4″,,中國、中國(具名)
HIP 7083,恆星,3.94,22.8139,-49.0720,01h31m15.3s,-49°04′19.3″,,中國、中國(具名)、呂埃勒、西方/現代88星座、阿拉伯・古代
HIP 7097,恆星,3.62,22.8710,+15.3458,01h31m29.0s,+15°20′44.9″,Alpherg,中國、中國(具名)、呂埃勒、羅馬尼亞、西方/現代88星座、阿拉伯・蘇菲、韓國
HIP 7294,恆星,4.68,23.4825,+59.2320,01h33m55.8s,+59°13′55.1″,,中國(具名)
HIP 7345,恆星,5.61,23.6578,-15.6764,01h34m37.9s,-15°40′34.9″,,中國(具名)
HIP 7364,恆星,7.30,23.7151,+12.5586,01h34m51.6s,+12°33′30.9″,,中國(具名)
HIP 7436,恆星,6.22,23.9435,+14.6614,01h35m46.4s,+14°39′41.0″,,中國(具名)
HIP 7447,恆星,5.95,23.9788,+17.4339,01h35m54.9s,+17°26′02.2″,,韓國
HIP 7450,恆星,5.40,23.9958,-15.4001,01h35m59.0s,-15°24′00.4″,,中國(具名)
HIP 7513,恆星,4.10,24.1983,+41.4038,01h36m47.6s,+41°24′13.5″,Titawin,中國、中國(具名)、呂埃勒、阿拉伯・蘇菲、韓國
HIP 7535,恆星,5.54,24.2744,+12.1418,01h37m05.8s,+12°08′30.6″,,中國、中國(具名)、阿拉伯・蘇菲、韓國
HIP 7588,恆星,0.46,24.4292,-57.2369,01h37m43.0s,-57°14′12.9″,Achernar,中國、中國(具名)、呂埃勒、毛利(具名)、西方/現代88星座、阿拉伯・古代(具名)、阿拉伯・月站(具名)、阿拉伯・阿拉伯半島(具名)
HIP 7607,恆星,3.57,24.4986,+48.6277,01h37m59.7s,+48°37′39.8″,Nembus,中國、中國(具名)、圖卡諾、納瓦荷、阿拉伯・古代、阿拉伯・月站、阿拉伯・蘇菲、韓國
HIP 7650,恆星,5.28,24.6286,+73.0400,01h38m30.9s,+73°02′23.9″,,中國、中國(具名)
HIP 7679,恆星,5.58,24.7164,-21.2752,01h38m51.9s,-21°16′30.8″,,韓國
HIP 7710,恆星,6.75,24.8147,+14.2854,01h39m15.5s,+14°17′07.6″,,中國、中國(具名)
HIP 7719,恆星,5.01,24.8374,+44.3862,01h39m21.0s,+44°23′10.4″,,中國、中國(具名)、阿拉伯・蘇菲
HIP 7740,恆星,5.98,24.9205,+16.4058,01h39m40.9s,+16°24′20.9″,,韓國
HIP 7818,恆星,4.94,25.1452,+40.5769,01h40m34.8s,+40°34′37.0″,,中國、中國(具名)、阿拉伯・蘇菲
HIP 7884,恆星,4.44,25.3578,+5.4876,01h41m25.9s,+05°29′15.5″,,中國、中國(具名)、羅馬尼亞、西方/現代88星座、阿拉伯・古代、阿拉伯・蘇菲、阿拉伯・蘇菲(星群)、韓國
HIP 7948,恆星,7.52,25.5246,+29.5061,01h42m05.9s,+29°30′21.8″,,中國(具名)
HIP 7956,恆星,6.96,25.5393,+66.7923,01h42m09.4s,+66°47′32.3″,,納瓦荷
HIP 7965,恆星,5.59,25.5862,+68.0430,01h42m20.7s,+68°02′34.7″,,中國、中國(具名)、圖卡諾
HIP 7981,恆星,5.24,25.6226,+20.2655,01h42m29.4s,+20°15′55.9″,,中國(具名)
HIP 7999,恆星,4.98,25.6813,-3.6903,01h42m43.5s,-03°41′25.3″,,中國(具名)
HIP 8016,恆星,5.17,25.7338,+70.6225,01h42m56.1s,+70°37′20.9″,,中國、中國(具名)
HIP 8046,恆星,5.76,25.8324,+60.5513,01h43m19.8s,+60°33′04.6″,,中國(具名)
HIP 8068,恆星,4.06,25.9153,+50.6887,01h43m39.7s,+50°41′19.2″,,中國、中國(具名)、納瓦荷、阿拉伯・古代、阿拉伯・月站、阿拉伯・蘇菲、韓國
HIP 8102,恆星,3.50,26.0091,-15.9337,01h44m02.2s,-15°56′01.2″,Al Naymat II,中國、中國(具名)、呂埃勒、羅馬尼亞、西方/現代(星群)、西方/現代88星座、阿拉伯・古代、阿拉伯・蘇菲、阿拉伯・蘇菲(星群)、韓國
HIP 8198,恆星,4.26,26.3488,+9.1580,01h45m23.7s,+09°09′28.8″,Torcular,中國、中國(具名)、羅馬尼亞、西方/現代88星座、阿拉伯・蘇菲
HIP 8209,恆星,5.34,26.4123,-25.0528,01h45m39.0s,-25°03′10.2″,,韓國
HIP 8271,恆星,6.55,26.6473,+17.4127,01h46m35.4s,+17°24′45.8″,,中國(具名)
HIP 8404,恆星,5.90,27.1084,+3.6855,01h48m26.0s,+03°41′07.9″,,羅馬尼亞
HIP 8497,恆星,4.68,27.3956,-10.6868,01h49m34.9s,-10°41′12.6″,,中國(具名)
HIP 8588,恆星,5.92,27.7162,+11.0433,01h50m51.9s,+11°02′35.7″,,中國(具名)
HIP 8626,恆星,6.57,27.8205,+64.8549,01h51m16.9s,+64°51′17.8″,,圖卡諾
HIP 8645,恆星,3.72,27.8653,-10.3352,01h51m27.7s,-10°20′06.8″,Baten Kaitos,中國、中國(具名)、呂埃勒、羅馬尼亞、西方/現代(星群)、西方/現代88星座、阿拉伯・古代、阿拉伯・蘇菲、阿拉伯・蘇菲(星群)、韓國
HIP 8704,恆星,5.52,27.9973,+55.1473,01h51m59.3s,+55°08′50.4″,,中國(具名)
HIP 8714,恆星,5.69,28.0392,+50.7927,01h52m09.4s,+50°47′33.6″,,中國(具名)
HIP 8778,恆星,5.78,28.2173,-16.9295,01h52m52.2s,-16°55′46.1″,,羅馬尼亞
HIP 8796,恆星,3.42,28.2705,+29.5778,01h53m04.9s,+29°34′40.0″,Mothallah,中國(具名)、呂埃勒、埃及、布吉斯、西方/現代88星座、阿拉伯・古代、阿拉伯・古代(具名)、阿拉伯・月站(具名)、阿拉伯・蘇菲、阿拉伯・蘇菲(具名)、阿拉伯・蘇菲(星群)、阿拉伯・阿拉伯半島、韓國
HIP 8814,恆星,5.39,28.3222,+40.7298,01h53m17.3s,+40°43′47.2″,,中國(具名)、阿拉伯・蘇菲
HIP 8832,恆星,4.52,28.3829,+19.2934,01h53m31.9s,+19°17′36.3″,Mesarthim,中國、中國(具名)、印度(星群)、印度吠陀、呂埃勒、日本月站、白俄羅斯、羅馬尼亞、西方/現代88星座、阿拉伯・古代、阿拉伯・蘇菲、阿拉伯・蘇菲(星群)、韓國
HIP 8833,恆星,4.60,28.3890,+3.1876,01h53m33.4s,+03°11′15.5″,,中國、中國(具名)、羅馬尼亞、西方/現代88星座、阿拉伯・蘇菲、阿拉伯・蘇菲(星群)、韓國
HIP 8837,恆星,4.41,28.4108,-46.3031,01h53m38.6s,-46°18′11.0″,,西方/現代88星座
HIP 8886,恆星,3.37,28.5992,+63.6700,01h54m23.8s,+63°40′12.1″,Segin,中國、中國(具名)、呂埃勒、因紐特、圖卡諾、埃及、夏威夷星線、夏威夷星線(具名)、東加、納瓦荷、羅馬尼亞、蒙古、薩丁尼亞、薩米、西方/現代(星群)、西方/現代88星座、阿拉伯・古代、阿拉伯・月站、阿拉伯・蘇菲、阿拉伯・蘇菲(星群)、阿拉伯・阿拉伯半島、韓國
HIP 8903,恆星,2.65,28.6605,+20.8075,01h54m38.5s,+20°48′27.1″,Sheratan,中國、中國(具名)、印度(星群)、印度吠陀、呂埃勒、日本月站、白俄羅斯、羅馬尼亞、西方/現代88星座、阿努塔、阿拉伯・古代、阿拉伯・月站、阿拉伯・蘇菲、阿拉伯・蘇菲(星群)、阿拉伯・阿拉伯半島、韓國
HIP 8928,恆星,4.68,28.7348,-67.6470,01h54m56.3s,-67°38′49.1″,,中國、中國(具名)
HIP 9007,恆星,3.71,28.9943,-51.6076,01h55m58.6s,-51°36′27.3″,,中國、中國(具名)、呂埃勒、西方/現代88星座、阿拉伯・古代
HIP 9009,恆星,4.97,29.0003,+68.6852,01h56m00.1s,+68°41′06.7″,,中國、中國(具名)
HIP 9021,恆星,5.70,29.0400,+37.2519,01h56m09.6s,+37°15′06.8″,,中國、中國(具名)
HIP 9061,恆星,4.85,29.1678,-22.5269,01h56m40.3s,-22°31′36.8″,,中國、中國(具名)
HIP 9110,恆星,5.11,29.3379,+17.8175,01h57m21.1s,+17°49′02.9″,,中國(具名)、阿拉伯・蘇菲、阿拉伯・蘇菲(星群)、韓國
HIP 9153,恆星,4.77,29.4817,+23.5960,01h57m55.6s,+23°35′45.6″,,中國(具名)、阿拉伯・古代
HIP 9165,恆星,6.56,29.4977,-2.0595,01h57m59.5s,-02°03′34.1″,,中國(具名)
HIP 9220,恆星,6.00,29.6386,+61.6977,01h58m33.3s,+61°41′51.9″,,納瓦荷
HIP 9222,恆星,5.70,29.6397,+49.2045,01h58m33.5s,+49°12′16.3″,,中國(具名)
HIP 9236,恆星,2.84,29.6949,-61.5697,01h58m46.8s,-61°34′11.1″,,中國、中國(具名)、呂埃勒、西方/現代88星座
HIP 9326,恆星,5.43,29.9426,-20.8245,01h59m46.2s,-20°49′28.1″,,中國、中國(具名)
HIP 9347,恆星,4.02,30.0019,-21.0779,02h00m00.5s,-21°04′40.6″,Al Naymat III,中國、中國(具名)、呂埃勒、阿拉伯・古代、阿拉伯・蘇菲、阿拉伯・蘇菲(星群)、韓國
HIP 9353,恆星,5.87,30.0392,+3.0959,02h00m09.4s,+03°05′45.1″,,中國(具名)
HIP 9438,恆星,6.82,30.3069,+41.2124,02h01m13.7s,+41°12′44.8″,,阿拉伯・古代
HIP 9480,恆星,4.54,30.4882,+70.9070,02h01m57.2s,+70°54′25.1″,,中國、中國(具名)、納瓦荷
HIP 9487,恆星,4.18,30.5119,+2.7638,02h02m02.9s,+02°45′49.5″,Alrescha,中國、中國(具名)、呂埃勒、羅馬尼亞、西方/現代88星座、阿拉伯・古代、阿拉伯・蘇菲、阿拉伯・蘇菲(星群)、韓國
HIP 9505,恆星,5.04,30.5757,+54.4875,02h02m18.2s,+54°29′15.1″,,中國(具名)、納瓦荷、阿拉伯・蘇菲、韓國
HIP 9570,恆星,5.52,30.7414,+33.2841,02h02m57.9s,+33°17′02.8″,,中國(具名)
HIP 9589,恆星,5.42,30.7989,+0.1286,02h03m11.7s,+00°07′43.0″,,中國(具名)、韓國
HIP 9598,恆星,3.94,30.8581,+72.4214,02h03m26.0s,+72°25′17.0″,,中國、中國(具名)、韓國
HIP 9621,恆星,5.76,30.9146,+25.9355,02h03m39.5s,+25°56′07.9″,,中國(具名)
HIP 9631,恆星,5.94,30.9511,-0.3404,02h03m48.3s,-00°20′25.6″,,中國(具名)
HIP 9640,恆星,2.10,30.9751,+42.3295,02h03m54.0s,+42°19′46.2″,Almach,中國、中國(具名)、呂埃勒、納瓦荷、羅馬尼亞、西方/現代(星群)、西方/現代88星座、阿拉伯・古代、阿拉伯・古代(具名)、阿拉伯・月站(具名)、阿拉伯・蘇菲、阿拉伯・蘇菲(具名)、韓國、韓國(具名)
HIP 9727,恆星,5.27,31.2833,+77.2811,02h05m08.0s,+77°16′51.8″,,中國、中國(具名)
HIP 9763,恆星,5.22,31.3812,+76.1150,02h05m31.5s,+76°06′53.9″,,中國、中國(具名)
HIP 9802,恆星,7.49,31.5109,+74.5837,02h06m02.6s,+74°35′01.4″,,中國、中國(具名)
HIP 9836,恆星,5.02,31.6415,+22.6482,02h06m33.9s,+22°38′53.4″,,中國(具名)
HIP 9859,恆星,6.02,31.7052,+25.7045,02h06m49.3s,+25°42′16.2″,,中國(具名)
HIP 9884,恆星,2.01,31.7943,+23.4618,02h07m10.6s,+23°27′42.3″,Hamal,中國、中國(具名)、呂埃勒、日本月站、白俄羅斯、羅馬尼亞、西方/現代88星座、阿努塔、阿拉伯・古代、阿拉伯・月站、阿拉伯・蘇菲(具名)、阿拉伯・蘇菲(星群)、阿拉伯・阿拉伯半島、韓國
HIP 9915,恆星,7.83,31.9064,+8.8464,02h07m37.5s,+08°50′47.0″,,西方/現代(星群)
HIP 9965,恆星,7.28,32.0813,+8.8500,02h08m19.5s,+08°51′00.1″,,西方/現代(星群)
HIP 9977,恆星,4.82,32.1228,+37.8589,02h08m29.5s,+37°51′32.0″,,中國(具名)、韓國
HIP 9990,恆星,5.68,32.1691,+58.4236,02h08m40.6s,+58°25′25.0″,,圖卡諾
HIP 10031,恆星,6.57,32.2887,+71.5509,02h09m09.3s,+71°33′03.4″,,中國、中國(具名)
HIP 10033,恆星,7.12,32.2876,-2.3322,02h09m09.0s,-02°19′55.8″,,中國(具名)
HIP 10053,恆星,4.98,32.3559,+25.9397,02h09m25.4s,+25°56′23.0″,,中國(具名)
HIP 10064,恆星,3.00,32.3868,+34.9871,02h09m32.8s,+34°59′13.6″,Mizan,中國、中國(具名)、呂埃勒、埃及、布吉斯、納瓦荷、西方/現代88星座、阿拉伯・古代、阿拉伯・古代(具名)、阿拉伯・月站(具名)、阿拉伯・蘇菲、阿拉伯・蘇菲(星群)、阿拉伯・阿拉伯半島、韓國
HIP 10155,恆星,5.69,32.6571,+19.5002,02h10m37.7s,+19°30′00.8″,,中國(具名)、韓國
HIP 10171,恆星,8.16,32.7055,+8.3686,02h10m49.3s,+08°22′06.9″,,西方/現代(星群)
HIP 10176,恆星,6.07,32.7200,+39.0395,02h10m52.8s,+39°02′22.1″,,中國(具名)
HIP 10212,恆星,5.62,32.8372,+8.5693,02h11m20.9s,+08°34′09.5″,,中國(具名)、西方/現代(星群)
HIP 10215,恆星,6.00,32.8425,-10.0529,02h11m22.2s,-10°03′10.5″,,中國(具名)
HIP 10227,恆星,6.35,32.8716,+57.6455,02h11m29.2s,+57°38′44.0″,,中國(具名)
HIP 10234,恆星,5.93,32.8993,-1.8256,02h11m35.8s,-01°49′32.0″,,中國、中國(具名)
HIP 10280,恆星,5.16,33.0925,+30.3028,02h12m22.2s,+30°18′10.1″,,中國(具名)、西方/現代(星群)
HIP 10305,恆星,5.66,33.1998,-2.3939,02h12m47.9s,-02°23′38.2″,,中國、中國(具名)、韓國
HIP 10306,恆星,5.20,33.2011,+21.2110,02h12m48.3s,+21°12′39.7″,,中國(具名)、阿拉伯・蘇菲、韓國
HIP 10324,恆星,4.35,33.2499,+8.8467,02h12m60.0s,+08°50′48.1″,Al Kaff al Jidhmah I,中國、中國(具名)、羅馬尼亞、西方/現代(星群)、西方/現代88星座、阿拉伯・蘇菲、韓國
HIP 10328,恆星,5.70,33.2642,+15.2798,02h13m03.4s,+15°16′47.2″,,中國(具名)、阿拉伯・蘇菲、韓國
HIP 10340,恆星,4.83,33.3054,+44.2316,02h13m13.3s,+44°13′53.7″,,中國(具名)、阿拉伯・蘇菲、韓國
HIP 10366,恆星,5.31,33.4039,+51.0651,02h13m36.9s,+51°03′54.2″,,中國(具名)
HIP 10438,恆星,6.07,33.6212,+66.5244,02h14m29.1s,+66°31′27.9″,,中國、中國(具名)
HIP 10535,恆星,5.58,33.9278,+25.0427,02h15m42.7s,+25°02′33.6″,,阿拉伯・古代
HIP 10540,恆星,5.77,33.9427,+25.7826,02h15m46.3s,+25°46′57.5″,,中國(具名)
HIP 10559,恆星,5.25,33.9845,+33.3588,02h15m56.3s,+33°21′31.5″,,中國(具名)
HIP 10602,恆星,3.57,34.1281,-51.5123,02h16m30.7s,-51°30′44.2″,,中國、中國(具名)、西方/現代88星座
HIP 10642,恆星,5.50,34.2464,-6.4226,02h16m59.1s,-06°25′21.3″,,中國、中國(具名)、羅馬尼亞
HIP 10644,恆星,4.83,34.2697,+34.2231,02h17m04.7s,+34°13′23.3″,,中國、中國(具名)、阿拉伯・蘇菲
HIP 10670,恆星,4.00,34.3289,+33.8470,02h17m18.9s,+33°50′49.1″,,中國、中國(具名)、呂埃勒、埃及、布吉斯、納瓦荷、西方/現代88星座、阿拉伯・蘇菲、韓國
HIP 10718,恆星,5.75,34.5000,+57.8998,02h18m00.0s,+57°53′59.4″,,中國(具名)
HIP 10729,恆星,6.02,34.5190,+57.5163,02h18m04.6s,+57°30′58.7″,Misam al Thurayya I,中國(具名)、圖卡諾
HIP 10732,恆星,5.57,34.5313,+19.9011,02h18m07.5s,+19°54′04.1″,,中國(具名)、阿拉伯・蘇菲、韓國
HIP 10793,恆星,5.29,34.7375,+28.6427,02h18m57.0s,+28°38′33.6″,,中國(具名)、西方/現代(星群)
HIP 10814,恆星,6.22,34.7950,+46.4722,02h19m10.8s,+46°28′20.0″,,圖卡諾
HIP 10819,恆星,5.31,34.8196,+47.3800,02h19m16.7s,+47°22′47.8″,,中國(具名)
HIP 10826,恆星,6.53,34.8366,-2.9787,02h19m20.8s,-02°58′43.3″,Mira,中國(具名)、呂埃勒、西方/現代88星座
HIP 10830,恆星,6.41,34.8438,+48.9558,02h19m22.5s,+48°57′20.8″,,中國(具名)
HIP 10944,恆星,5.59,35.2428,+50.1514,02h20m58.3s,+50°09′04.9″,,中國(具名)
HIP 11001,恆星,4.09,35.4366,-68.6594,02h21m44.8s,-68°39′33.9″,,中國、中國(具名)、西方/現代88星座
HIP 11020,恆星,6.48,35.4810,+57.2429,02h21m55.4s,+57°14′34.5″,,阿拉伯・古代、阿拉伯・古代(具名)、阿拉伯・月站(具名)、阿拉伯・蘇菲(星群)
HIP 11021,恆星,5.29,35.4859,+0.3956,02h21m56.6s,+00°23′44.3″,,中國(具名)
HIP 11029,恆星,5.42,35.5071,-10.7779,02h22m01.7s,-10°46′40.4″,,中國、中國(具名)
HIP 11046,恆星,5.42,35.5516,-0.8851,02h22m12.4s,-00°53′06.2″,,中國、中國(具名)
HIP 11060,恆星,5.17,35.5893,+55.8456,02h22m21.4s,+55°50′44.3″,,中國、中國(具名)、阿拉伯・蘇菲
HIP 11220,恆星,5.19,36.1040,+50.0064,02h24m25.0s,+50°00′23.0″,,中國(具名)
HIP 11249,恆星,5.48,36.2045,+10.6105,02h24m49.1s,+10°36′37.8″,,中國(具名)
HIP 11261,恆星,6.33,36.2433,-2.7801,02h24m58.4s,-02°46′48.2″,,中國、中國(具名)
HIP 11279,恆星,6.26,36.3168,+56.6098,02h25m16.0s,+56°36′35.3″,,圖卡諾、阿拉伯・蘇菲
HIP 11287,恆星,7.66,36.3510,-21.8103,02h25m24.2s,-21°48′37.1″,,中國(具名)
HIP 11313,恆星,4.71,36.4061,+50.2786,02h25m37.5s,+50°16′42.8″,,中國(具名)、阿拉伯・蘇菲
HIP 11345,恆星,4.87,36.4875,-12.2905,02h25m57.0s,-12°17′25.9″,Sadr al Kaitos I,中國、中國(具名)、呂埃勒、羅馬尼亞、西方/現代88星座、阿拉伯・蘇菲、韓國
HIP 11368,恆星,9.66,36.6106,-2.2736,02h26m26.5s,-02°16′25.1″,,夏威夷星線(具名)
HIP 11407,恆星,4.25,36.7465,-47.7039,02h26m59.2s,-47°42′13.9″,,中國、中國(具名)、西方/現代88星座
HIP 11465,恆星,6.16,36.9660,+50.5696,02h27m51.8s,+50°34′10.5″,,中國(具名)
HIP 11477,恆星,5.12,37.0072,-33.8110,02h28m01.7s,-33°48′39.7″,,韓國
HIP 11484,恆星,4.30,37.0399,+8.4600,02h28m09.6s,+08°27′36.1″,Al Kaff al Jidhmah II,中國、中國(具名)、埃及、羅馬尼亞、西方/現代(星群)、西方/現代88星座、阿拉伯・古代、阿拉伯・蘇菲、阿拉伯・蘇菲(星群)、韓國
HIP 11486,恆星,5.29,37.0415,+29.6689,02h28m10.0s,+29°40′08.2″,,中國(具名)、西方/現代(星群)
HIP 11569,恆星,4.61,37.2662,+67.4024,02h29m03.9s,+67°24′08.7″,,中國、中國(具名)、納瓦荷、阿拉伯・蘇菲、韓國
HIP 11678,恆星,6.13,37.6604,+19.8551,02h30m38.5s,+19°51′18.5″,,中國(具名)
HIP 11767,恆星,2.02,37.9700,+89.2641,02h31m52.8s,+89°15′50.6″,Polaris,中國、中國(具名)、北歐、北歐(具名)、印度吠陀(具名)、呂埃勒、因紐特(具名)、夏威夷星線、夏威夷星線(具名)、白俄羅斯、白俄羅斯(具名)、羅馬尼亞、羅馬尼亞(具名)、蒙古(具名)、薩丁尼亞(具名)、薩米、西伯利亞(具名)、西方/現代(星群)、西方/現代88星座、阿拉伯・古代、阿拉伯・古代(具名)、阿拉伯・月站、阿拉伯・月站(具名)、阿拉伯・蘇菲、阿拉伯・蘇菲(具名)、阿拉伯・蘇菲(星群)、阿拉伯・阿拉伯半島(具名)、韓國、黑腳族(具名)
HIP 11783,恆星,4.75,38.0215,-15.2452,02h32m05.2s,-15°14′42.6″,Sadr al Kaitos II,中國(具名)、呂埃勒、羅馬尼亞、西方/現代88星座、阿拉伯・蘇菲、韓國
HIP 11784,恆星,5.14,38.0260,+36.1473,02h32m06.2s,+36°08′50.4″,,中國(具名)
HIP 11791,恆星,5.36,38.0392,-1.0350,02h32m09.4s,-01°02′06.1″,,中國、中國(具名)、阿拉伯・古代、韓國
HIP 11918,恆星,4.96,38.4612,-28.2324,02h33m50.7s,-28°13′56.5″,,中國
HIP 12002,恆星,5.73,38.6779,-7.8597,02h34m42.7s,-07°51′35.0″,,中國、中國(具名)
HIP 12048,恆星,6.78,38.8323,-3.5625,02h35m19.8s,-03°33′45.2″,,中國(具名)
HIP 12086,恆星,5.37,38.9452,+34.6873,02h35m46.9s,+34°41′14.4″,,韓國
HIP 12093,恆星,4.87,38.9685,+5.5931,02h35m52.4s,+05°35′35.3″,,中國、中國(具名)、羅馬尼亞、西方/現代(星群)、西方/現代88星座
HIP 12107,恆星,5.54,39.0000,-7.8319,02h36m00.0s,-07°49′54.7″,,中國(具名)、韓國
HIP 12153,恆星,5.64,39.1593,+12.4473,02h36m38.2s,+12°26′50.1″,,中國(具名)
HIP 12239,恆星,5.78,39.4008,+65.7453,02h37m36.2s,+65°44′43.1″,,納瓦荷
HIP 12247,恆星,5.65,39.4244,-3.3964,02h37m41.8s,-03°23′46.9″,,中國(具名)
HIP 12273,恆星,5.17,39.5080,+72.8183,02h38m01.9s,+72°49′06.0″,,中國(具名)
HIP 12332,恆星,5.45,39.7041,+21.9613,02h38m49.0s,+21°57′40.8″,,中國、中國(具名)、阿拉伯・蘇菲、韓國
HIP 12387,恆星,4.07,39.8707,+0.3285,02h39m29.0s,+00°19′42.6″,Al Kaff al Jidhmah III,中國、中國(具名)、呂埃勒、羅馬尼亞、西方/現代88星座、阿拉伯・古代、阿拉伯・蘇菲、阿拉伯・蘇菲(星群)、韓國
HIP 12390,恆星,4.87,39.8916,-11.8732,02h39m34.0s,-11°52′23.6″,Sadr al Kaitos III,中國、中國(具名)、呂埃勒、羅馬尼亞、西方/現代88星座、阿拉伯・蘇菲、阿拉伯・蘇菲(星群)、韓國
HIP 12394,恆星,4.10,39.8984,-68.2669,02h39m35.6s,-68°16′01.0″,,中國、中國(具名)、西方/現代88星座
HIP 12413,恆星,4.75,39.9506,-42.8918,02h39m48.1s,-42°53′30.5″,,中國、中國(具名)、西方/現代88星座
HIP 12444,恆星,5.79,40.0511,-9.4532,02h40m12.3s,-09°27′11.6″,,阿拉伯・蘇菲、阿拉伯・蘇菲(星群)
HIP 12484,恆星,5.21,40.1653,-54.5499,02h40m39.7s,-54°32′59.6″,,西方/現代88星座
HIP 12486,恆星,4.12,40.1676,-39.8555,02h40m40.2s,-39°51′19.8″,,中國(具名)、西方/現代88星座、韓國
HIP 12489,恆星,5.30,40.1715,+27.0608,02h40m41.2s,+27°03′39.0″,Barani I,中國(具名)
HIP 12530,恆星,5.77,40.3093,-0.6962,02h41m14.2s,-00°41′46.3″,,中國(具名)
HIP 12623,恆星,4.92,40.5620,+40.1931,02h42m14.9s,+40°11′35.2″,,中國、中國(具名)、韓國
HIP 12640,恆星,5.74,40.5915,+20.0113,02h42m22.0s,+20°00′40.5″,Koleon,中國、中國(具名)
HIP 12647,恆星,6.31,40.6205,+10.7416,02h42m28.9s,+10°44′29.8″,,中國(具名)
HIP 12686,恆星,5.83,40.7484,+53.5260,02h42m59.6s,+53°31′33.5″,,阿拉伯・蘇菲
HIP 12692,恆星,5.75,40.7621,+55.1059,02h43m02.9s,+55°06′21.3″,,圖卡諾
HIP 12706,恆星,3.47,40.8245,+3.2352,02h43m17.9s,+03°14′06.6″,Kaffaljidhma,中國、中國(具名)、呂埃勒、埃及、羅馬尼亞、西方/現代(星群)、西方/現代88星座、阿拉伯・古代、阿拉伯・蘇菲、阿拉伯・蘇菲(星群)、韓國
HIP 12719,恆星,4.67,40.8630,+27.7071,02h43m27.1s,+27°42′25.6″,Barani II,中國、中國(具名)、印度(星群)、印度吠陀、呂埃勒、日本月站、西方/現代(星群)、阿拉伯・古代、阿拉伯・月站、阿拉伯・阿拉伯半島、韓國
HIP 12768,恆星,5.43,41.0215,+44.2970,02h44m05.2s,+44°17′49.2″,,中國(具名)
HIP 12770,恆星,4.24,41.0306,-13.8588,02h44m07.3s,-13°51′31.7″,Sadr al Kaitos IV,中國、中國(具名)、呂埃勒、羅馬尼亞、西方/現代88星座、阿拉伯・古代、阿拉伯・蘇菲、阿拉伯・蘇菲(星群)、韓國
HIP 12777,恆星,4.11,41.0522,+49.2281,02h44m12.5s,+49°13′41.0″,,中國(具名)、呂埃勒、埃及、納瓦荷、羅馬尼亞、阿拉伯・蘇菲
HIP 12803,恆星,5.78,41.1374,+15.3118,02h44m33.0s,+15°18′42.4″,,中國、中國(具名)
HIP 12828,恆星,4.26,41.2368,+10.1140,02h44m56.8s,+10°06′50.3″,,中國、中國(具名)、呂埃勒、埃及、羅馬尼亞、西方/現代(星群)、西方/現代88星座、阿拉伯・古代、阿拉伯・蘇菲、阿拉伯・蘇菲(星群)、韓國
HIP 12832,恆星,5.17,41.2405,+12.4454,02h44m57.7s,+12°26′43.3″,,阿拉伯・蘇菲
HIP 12843,恆星,4.46,41.2773,-18.5724,02h45m06.6s,-18°34′20.7″,,中國、中國(具名)、呂埃勒、西方/現代88星座、阿拉伯・古代、阿拉伯・蘇菲、阿拉伯・蘇菲(星群)、韓國
HIP 12876,恆星,4.82,41.3867,-67.6164,02h45m32.8s,-67°36′59.1″,,中國、中國(具名)
HIP 13055,恆星,5.78,41.9491,+81.4482,02h47m47.8s,+81°26′53.4″,,中國、中國(具名)
HIP 13061,恆星,4.51,41.9780,+29.2466,02h47m54.7s,+29°14′47.6″,Lilii Borea,中國、中國(具名)、印度(星群)、印度吠陀、呂埃勒、日本月站、西方/現代(星群)、阿拉伯・古代、阿拉伯・月站、阿拉伯・阿拉伯半島、韓國
HIP 13108,恆星,5.83,42.1339,+18.2836,02h48m32.1s,+18°17′01.1″,,中國(具名)
HIP 13147,恆星,4.46,42.2730,-32.4052,02h49m05.5s,-32°24′18.7″,,西方/現代88星座、阿拉伯・蘇菲(星群)、韓國
HIP 13165,恆星,5.34,42.3232,+17.4643,02h49m17.6s,+17°27′51.3″,,中國、中國(具名)
HIP 13209,恆星,3.59,42.4963,+27.2600,02h49m59.1s,+27°15′36.0″,Bharani,中國、中國(具名)、印度(星群)、印度吠陀、呂埃勒、日本月站、白俄羅斯、羅馬尼亞、西方/現代(星群)、西方/現代88星座、阿努塔、阿拉伯・古代、阿拉伯・月站、阿拉伯・阿拉伯半島、韓國
HIP 13244,恆星,4.74,42.6180,-75.0671,02h50m28.3s,-75°04′01.4″,,中國、中國(具名)
HIP 13254,恆星,4.21,42.6472,+38.3182,02h50m35.3s,+38°19′05.4″,,中國、中國(具名)、埃及、羅馬尼亞、薩丁尼亞、西方/現代88星座、韓國
HIP 13268,恆星,3.79,42.6743,+55.8954,02h50m41.8s,+55°53′43.6″,Miram,中國、中國(具名)、埃及、納瓦荷、羅馬尼亞、薩丁尼亞、西方/現代(星群)、西方/現代88星座、阿拉伯・古代、阿拉伯・蘇菲、阿拉伯・蘇菲(星群)、韓國
HIP 13288,恆星,4.77,42.7594,-21.0041,02h51m02.3s,-21°00′14.8″,Angetenar,中國、中國(具名)、呂埃勒、阿拉伯・古代、阿拉伯・蘇菲、阿拉伯・蘇菲(星群)、韓國
HIP 13327,恆星,5.52,42.8734,+15.0820,02h51m29.6s,+15°04′55.0″,,中國、中國(具名)、阿拉伯・蘇菲
HIP 13328,恆星,4.53,42.8785,+35.0595,02h51m30.8s,+35°03′34.1″,,中國(具名)
HIP 13339,恆星,5.86,42.9237,+46.8418,02h51m41.7s,+46°50′30.6″,,圖卡諾
HIP 13448,恆星,6.30,43.2990,+16.4832,02h53m11.8s,+16°28′59.5″,,中國(具名)
HIP 13490,恆星,5.34,43.4279,+38.3371,02h53m42.7s,+38°20′13.6″,,中國(具名)
HIP 13531,恆星,3.96,43.5644,+52.7625,02h54m15.5s,+52°45′44.8″,,中國、中國(具名)、羅馬尼亞、阿拉伯・蘇菲、韓國
HIP 13579,恆星,7.00,43.7302,+17.7347,02h54m55.2s,+17°44′04.8″,,中國(具名)
HIP 13654,恆星,5.93,43.9520,+18.3316,02h55m48.5s,+18°19′53.7″,,中國(具名)
HIP 13665,恆星,5.58,43.9885,+61.5213,02h55m57.2s,+61°31′16.6″,,中國、中國(具名)
HIP 13701,恆星,3.87,44.1072,-8.8991,02h56m25.7s,-08°53′56.8″,Azha,中國、中國(具名)、呂埃勒、西方/現代88星座、阿拉伯・古代、阿拉伯・蘇菲、阿拉伯・蘇菲(星群)、韓國
HIP 13702,恆星,5.58,44.1103,+18.0222,02h56m26.5s,+18°01′20.0″,,中國(具名)、阿拉伯・蘇菲、阿拉伯・蘇菲(星群)
HIP 13775,恆星,5.09,44.3220,+31.9341,02h57m17.3s,+31°56′02.7″,,中國(具名)
HIP 13782,恆星,5.45,44.3495,-23.8623,02h57m23.9s,-23°51′44.4″,,中國(具名)
HIP 13834,恆星,5.78,44.5229,+20.6686,02h58m05.5s,+20°40′06.9″,,中國(具名)
HIP 13835,恆星,5.81,44.5242,-23.6058,02h58m05.8s,-23°36′20.8″,,中國(具名)
HIP 13847,恆星,3.18,44.5650,-40.3046,02h58m15.6s,-40°18′16.5″,Acamar,中國、中國(具名)、呂埃勒、西方/現代88星座、阿拉伯・蘇菲、阿拉伯・蘇菲(具名)、韓國
HIP 13879,恆星,4.70,44.6904,+39.6625,02h58m45.7s,+39°39′45.2″,Gorgonea Secunda,中國、中國(具名)、呂埃勒、西方/現代(星群)、阿拉伯・蘇菲
HIP 13914,恆星,4.63,44.8029,+21.3404,02h59m12.7s,+21°20′25.4″,Al Butain III,中國(具名)、羅馬尼亞、阿拉伯・蘇菲、阿拉伯・蘇菲(星群)
HIP 13951,恆星,5.55,44.9215,-2.4651,02h59m41.2s,-02°27′54.2″,,中國(具名)
HIP 13954,恆星,4.70,44.9288,+8.9073,02h59m42.9s,+08°54′26.3″,Menkar,中國、中國(具名)、呂埃勒、羅馬尼亞、西方/現代(星群)、西方/現代88星座、阿拉伯・古代、阿拉伯・蘇菲、阿拉伯・蘇菲(星群)、韓國
HIP 13965,恆星,5.49,44.9575,+47.2208,02h59m49.8s,+47°13′14.9″,,圖卡諾
HIP 14040,恆星,6.13,45.2120,-2.8786,03h00m50.9s,-02°52′42.9″,,中國(具名)
HIP 14060,恆星,5.75,45.2922,-7.6633,03h01m10.1s,-07°39′48.0″,Aludhi I,中國(具名)
HIP 14066,恆星,7.25,45.3142,+36.1179,03h01m15.4s,+36°07′04.3″,,中國(具名)
HIP 14135,恆星,2.53,45.5698,+4.0894,03h02m16.8s,+04°05′21.8″,Menkar,中國、中國(具名)、呂埃勒、埃及、羅馬尼亞、西方/現代(星群)、西方/現代88星座、阿拉伯・古代、阿拉伯・蘇菲、阿拉伯・蘇菲(具名)、阿拉伯・蘇菲(星群)、韓國
HIP 14143,恆星,5.61,45.5939,+4.3529,03h02m22.5s,+04°21′10.5″,,中國(具名)
HIP 14146,恆星,4.09,45.5972,-23.6247,03h02m23.3s,-23°37′29.0″,,中國、中國(具名)、呂埃勒、西方/現代88星座、阿拉伯・古代、阿拉伯・蘇菲、阿拉伯・蘇菲(星群)、韓國
HIP 14168,恆星,5.34,45.6764,-7.6855,03h02m42.3s,-07°41′07.7″,Aludhi II,中國(具名)
HIP 14240,恆星,5.12,45.9028,-59.7381,03h03m36.7s,-59°44′17.0″,,西方/現代88星座
HIP 14284,恆星,7.31,46.0343,-47.8567,03h04m08.2s,-47°51′24.0″,,阿拉伯・蘇菲(星群)
HIP 14293,恆星,5.30,46.0691,-7.6008,03h04m16.6s,-07°36′02.8″,Aludhi III,中國(具名)、呂埃勒、阿拉伯・蘇菲、阿拉伯・蘇菲(星群)
HIP 14328,恆星,2.93,46.1991,+53.5064,03h04m47.8s,+53°30′23.1″,,中國、中國(具名)、呂埃勒、圖卡諾、羅馬尼亞、薩丁尼亞、薩米、西方/現代(星群)、西方/現代88星座、阿拉伯・古代、阿拉伯・古代(具名)、阿拉伯・月站(具名)、阿拉伯・蘇菲、阿拉伯・蘇菲(星群)、韓國
HIP 14354,恆星,3.39,46.2949,+38.8398,03h05m10.8s,+38°50′23.3″,Gorgonea Tertia,中國、中國(具名)、呂埃勒、羅馬尼亞、薩丁尼亞、西方/現代(星群)、西方/現代88星座、阿拉伯・古代、阿拉伯・蘇菲、韓國
HIP 14376,恆星,5.47,46.3612,+25.2551,03h05m26.7s,+25°15′18.5″,,中國(具名)
HIP 14417,恆星,5.52,46.5318,+79.4186,03h06m07.6s,+79°25′06.9″,,中國、中國(具名)
HIP 14544,恆星,6.38,46.9473,+47.3087,03h07m47.3s,+47°18′31.3″,,圖卡諾
HIP 14576,恆星,2.12,47.0422,+40.9556,03h08m10.1s,+40°57′20.3″,Algol,中國、中國(具名)、呂埃勒、埃及、羅馬尼亞、薩丁尼亞、薩米、西方/現代(星群)、西方/現代88星座、阿拉伯・古代、阿拉伯・蘇菲、阿拉伯・蘇菲(具名)、韓國
HIP 14586,恆星,6.25,47.0881,+18.7950,03h08m21.2s,+18°47′42.0″,,中國(具名)
HIP 14632,恆星,4.04,47.2754,+49.6129,03h09m06.1s,+49°36′46.3″,,中國、中國(具名)、羅馬尼亞、阿拉伯・蘇菲、韓國
HIP 14649,恆星,6.40,47.3341,+20.7611,03h09m20.2s,+20°45′39.8″,,中國(具名)
HIP 14668,恆星,3.81,47.3752,+44.8568,03h09m30.1s,+44°51′24.6″,Misam,中國、中國(具名)、埃及、羅馬尼亞、阿拉伯・蘇菲、韓國
HIP 14757,恆星,6.38,47.6477,-23.7384,03h10m35.4s,-23°44′18.3″,,阿拉伯・古代
HIP 14817,恆星,4.61,47.8223,+39.6116,03h11m17.3s,+39°36′41.8″,Gorgonea Quarta,中國(具名)、西方/現代(星群)、阿拉伯・蘇菲
HIP 14838,恆星,4.37,47.9081,+19.7266,03h11m37.9s,+19°43′35.9″,Botein,中國、中國(具名)、呂埃勒、羅馬尼亞、阿拉伯・古代、阿拉伯・蘇菲、阿拉伯・蘇菲(星群)
HIP 14862,恆星,4.83,47.9847,+74.3933,03h11m56.3s,+74°23′35.8″,,中國、中國(具名)、阿拉伯・蘇菲(星群)
HIP 14879,恆星,3.98,48.0207,-28.9849,03h12m05.0s,-28°59′05.5″,Dalim,中國(具名)、西方/現代88星座、韓國
HIP 14954,恆星,5.07,48.1943,-1.1964,03h12m46.6s,-01°11′47.1″,,中國(具名)
HIP 15110,恆星,4.87,48.7253,+21.0441,03h14m54.1s,+21°02′38.8″,Al Butain IV,中國、中國(具名)、羅馬尼亞、阿拉伯・古代、阿拉伯・蘇菲
HIP 15197,恆星,4.80,48.9584,-8.8195,03h15m50.0s,-08°49′10.3″,Zibal,中國、中國(具名)、呂埃勒、西方/現代88星座、阿拉伯・蘇菲、阿拉伯・蘇菲(星群)、韓國
HIP 15219,恆星,5.03,49.0508,+50.9376,03h16m12.2s,+50°56′15.3″,,圖卡諾
HIP 15244,恆星,6.14,49.1490,-9.1544,03h16m35.8s,-09°09′16.0″,,中國(具名)
HIP 15338,恆星,5.48,49.4475,+44.0249,03h17m47.4s,+44°01′29.7″,,中國(具名)
HIP 15382,恆星,4.88,49.5922,-22.5111,03h18m22.1s,-22°30′39.8″,,中國(具名)
HIP 15383,恆星,5.51,49.5946,-0.9306,03h18m22.7s,-00°55′50.0″,,中國(具名)
HIP 15404,恆星,5.16,49.6574,+50.2221,03h18m37.8s,+50°13′19.4″,,中國(具名)
HIP 15444,恆星,5.03,49.7820,+50.0949,03h19m07.7s,+50°05′41.5″,,中國(具名)、圖卡諾
HIP 15457,恆星,4.85,49.8416,+3.3706,03h19m22.0s,+03°22′14.2″,,中國(具名)、呂埃勒、阿拉伯・古代、韓國
HIP 15474,恆星,3.70,49.8794,-21.7577,03h19m31.1s,-21°45′27.8″,,中國、中國(具名)、呂埃勒、西方/現代88星座、阿拉伯・蘇菲、阿拉伯・蘇菲(星群)、韓國
HIP 15510,恆星,4.27,50.0003,-43.0666,03h20m00.1s,-43°03′59.6″,,中國(具名)、西方/現代88星座、韓國
HIP 15520,恆星,4.85,49.9971,+65.6522,03h19m59.3s,+65°39′08.0″,,中國、中國(具名)
HIP 15547,恆星,5.44,50.0837,+77.7345,03h20m20.1s,+77°44′04.1″,,中國、中國(具名)
HIP 15549,恆星,4.47,50.0848,+29.0484,03h20m20.4s,+29°02′54.2″,,阿拉伯・古代
HIP 15619,恆星,5.69,50.2786,+3.6755,03h21m06.9s,+03°40′31.9″,,中國、中國(具名)
HIP 15648,恆星,4.95,50.3603,+43.3296,03h21m26.5s,+43°19′46.7″,,中國(具名)
HIP 15669,恆星,5.93,50.4701,+49.0706,03h21m52.8s,+49°04′14.2″,,西方/現代(星群)
HIP 15696,恆星,5.52,50.5496,+27.6075,03h22m11.9s,+27°36′27.0″,,中國、中國(具名)、阿拉伯・古代
HIP 15737,恆星,5.13,50.6883,+20.7420,03h22m45.2s,+20°44′31.2″,,中國、中國(具名)、阿拉伯・蘇菲
HIP 15770,恆星,5.30,50.8051,+49.2132,03h23m13.2s,+49°12′47.4″,,西方/現代(星群)
HIP 15861,恆星,5.50,51.0771,+24.7239,03h24m18.5s,+24°43′26.0″,,中國(具名)、阿拉伯・古代
HIP 15863,恆星,1.79,51.0809,+49.8611,03h24m19.4s,+49°51′39.8″,Mirfak,中國、中國(具名)、呂埃勒、圖卡諾、埃及、羅馬尼亞、薩丁尼亞、薩米、西方/現代(星群)、西方/現代88星座、阿拉伯・古代、阿拉伯・古代(具名)、阿拉伯・月站(具名)、阿拉伯・蘇菲、阿拉伯・蘇菲(具名)、阿拉伯・蘇菲(星群)、韓國
HIP 15900,恆星,3.60,51.2030,+9.0285,03h24m48.7s,+09°01′42.7″,,中國、中國(具名)、呂埃勒、西方/現代88星座、阿拉伯・古代、阿拉伯・蘇菲、阿拉伯・蘇菲(星群)、韓國
HIP 15979,恆星,6.52,51.4499,+53.9213,03h25m48.0s,+53°55′16.8″,,圖卡諾
HIP 15988,恆星,6.09,51.4893,+49.1206,03h25m57.4s,+49°07′14.3″,,西方/現代(星群)
HIP 16083,恆星,3.75,51.7926,+9.7326,03h27m10.2s,+09°43′57.2″,,中國、中國(具名)、呂埃勒、阿拉伯・古代、阿拉伯・蘇菲、阿拉伯・蘇菲(星群)、韓國
HIP 16118,恆星,6.93,51.9125,+49.5998,03h27m39.0s,+49°35′59.3″,,西方/現代(星群)
HIP 16147,恆星,4.97,52.0129,+49.0628,03h28m03.1s,+49°03′45.9″,,西方/現代(星群)
HIP 16210,恆星,5.57,52.2182,+49.8483,03h28m52.4s,+49°50′53.8″,,西方/現代(星群)
HIP 16228,恆星,4.22,52.2672,+59.9403,03h29m04.1s,+59°56′25.2″,,中國、中國(具名)、圖卡諾、西方/現代88星座
HIP 16244,恆星,4.74,52.3420,+49.5088,03h29m22.1s,+49°30′31.8″,,中國(具名)、圖卡諾、西方/現代(星群)
HIP 16281,恆星,4.54,52.4781,+58.8787,03h29m54.7s,+58°52′43.5″,,中國、中國(具名)、圖卡諾
HIP 16292,恆星,5.09,52.5004,+55.4518,03h30m00.1s,+55°27′06.3″,,中國、中國(具名)、圖卡諾
HIP 16319,恆星,6.41,52.5809,+71.8639,03h30m19.4s,+71°51′50.0″,,西方/現代(星群)
HIP 16322,恆星,5.12,52.6019,+11.3364,03h30m24.5s,+11°20′10.9″,,中國、中國(具名)、阿拉伯・古代、阿拉伯・蘇菲、阿拉伯・蘇菲(星群)、韓國
HIP 16335,恆星,4.36,52.6437,+47.9953,03h30m34.5s,+47°59′43.1″,,中國(具名)、圖卡諾、阿拉伯・古代、阿拉伯・古代(具名)、阿拉伯・月站(具名)、阿拉伯・蘇菲
HIP 16341,恆星,4.72,52.6545,-5.0751,03h30m37.1s,-05°04′30.4″,,中國(具名)
HIP 16369,恆星,4.10,52.7183,+12.9367,03h30m52.4s,+12°56′12.0″,,中國、中國(具名)、阿拉伯・古代、阿拉伯・蘇菲、阿拉伯・蘇菲(星群)、韓國
HIP 16420,恆星,8.37,52.8539,+72.1699,03h31m24.9s,+72°10′11.6″,,西方/現代(星群)
HIP 16424,恆星,6.28,52.8722,+49.2098,03h31m29.3s,+49°12′35.2″,,西方/現代(星群)
HIP 16447,恆星,6.41,52.9543,+49.4011,03h31m49.0s,+49°24′03.9″,,西方/現代(星群)
HIP 16499,恆星,5.32,53.1091,+46.0565,03h32m26.2s,+46°03′23.5″,,中國(具名)
HIP 16511,恆星,5.76,53.1499,+9.3732,03h32m36.0s,+09°22′23.7″,,中國(具名)
HIP 16537,恆星,3.73,53.2283,-9.4582,03h32m54.8s,-09°27′29.4″,Ran,中國、中國(具名)、呂埃勒、西方/現代88星座、阿拉伯・蘇菲、阿拉伯・蘇菲(星群)、韓國
HIP 16599,恆星,5.97,53.4124,+54.9749,03h33m39.0s,+54°58′29.5″,,圖卡諾
HIP 16602,恆星,6.38,53.4219,+57.8689,03h33m41.3s,+57°52′08.0″,,圖卡諾
HIP 16611,恆星,4.25,53.4472,-21.6330,03h33m47.3s,-21°37′58.8″,,中國、中國(具名)、呂埃勒、西方/現代88星座、阿拉伯・古代、阿拉伯・蘇菲、阿拉伯・蘇菲(星群)、韓國
HIP 16664,恆星,6.58,53.6110,+24.4645,03h34m26.6s,+24°27′52.2″,,中國(具名)
HIP 16677,恆星,6.24,53.6562,-9.8682,03h34m37.5s,-09°52′05.6″,,中國(具名)
HIP 16713,恆星,6.66,53.7553,+32.0166,03h35m01.3s,+32°00′59.8″,,中國(具名)
HIP 16803,恆星,5.23,54.0727,-17.4671,03h36m17.4s,-17°28′01.6″,,中國(具名)
HIP 16826,恆星,4.23,54.1226,+48.1925,03h36m29.4s,+48°11′33.1″,,中國、中國(具名)、圖卡諾、阿拉伯・蘇菲、阿拉伯・蘇菲(星群)、韓國
HIP 16846,恆星,5.90,54.1969,+0.5870,03h36m47.3s,+00°35′13.4″,,中國(具名)
HIP 16852,恆星,4.30,54.2172,+0.3995,03h36m52.1s,+00°23′58.3″,,中國(具名)、阿拉伯・古代、韓國
HIP 16859,恆星,6.73,54.2417,+23.2110,03h36m58.0s,+23°12′39.5″,,中國(具名)
HIP 16870,恆星,4.58,54.2736,-40.2747,03h37m05.7s,-40°16′28.9″,,中國(具名)、韓國
HIP 17027,恆星,5.96,54.7546,-5.6271,03h39m01.1s,-05°37′37.7″,,中國(具名)
HIP 17103,恆星,5.55,54.9628,+3.0569,03h39m51.1s,+03°03′24.9″,,中國(具名)
HIP 17167,恆星,5.53,55.1597,-5.2107,03h40m38.3s,-05°12′38.6″,,中國(具名)
HIP 17181,恆星,6.10,55.1930,+25.3294,03h40m46.3s,+25°19′45.9″,,中國(具名)
HIP 17271,恆星,7.60,55.4793,+43.5142,03h41m55.0s,+43°30′51.2″,,埃及
HIP 17309,恆星,5.69,55.5790,+19.7002,03h42m19.0s,+19°42′00.7″,,中國(具名)
HIP 17313,恆星,4.97,55.5944,+33.9650,03h42m22.6s,+33°57′54.0″,,中國、中國(具名)、韓國
HIP 17351,恆星,4.58,55.7081,-37.3138,03h42m49.9s,-37°18′49.8″,,中國、中國(具名)、阿拉伯・蘇菲、韓國
HIP 17358,恆星,3.01,55.7314,+47.7874,03h42m55.5s,+47°47′14.6″,,中國、中國(具名)、呂埃勒、圖卡諾、薩丁尼亞、薩米、西方/現代(星群)、西方/現代88星座、阿拉伯・古代、阿拉伯・古代(具名)、阿拉伯・月站(具名)、阿拉伯・蘇菲、阿拉伯・蘇菲(星群)、韓國
HIP 17378,恆星,3.54,55.8117,-9.7601,03h43m14.8s,-09°45′36.3″,Rana,中國、中國(具名)、呂埃勒、西方/現代88星座、阿拉伯・蘇菲、阿拉伯・蘇菲(星群)、韓國
HIP 17408,恆星,6.14,55.9473,+19.6648,03h43m47.3s,+19°39′53.2″,,中國(具名)
HIP 17440,恆星,3.83,56.0532,-64.8065,03h44m12.8s,-64°48′23.6″,,中國、中國(具名)、呂埃勒、西方/現代88星座
HIP 17448,恆星,3.91,56.0798,+32.2882,03h44m19.1s,+32°17′17.5″,Atik,中國、中國(具名)、羅馬尼亞、薩丁尼亞、西方/現代88星座、阿拉伯・古代、阿拉伯・蘇菲、阿拉伯・蘇菲(星群)、韓國
HIP 17457,恆星,5.25,56.1271,-1.1631,03h44m30.5s,-01°09′47.2″,,中國(具名)
HIP 17460,恆星,5.59,56.1313,+36.4599,03h44m31.5s,+36°27′35.8″,,阿拉伯・古代
HIP 17467,恆星,9.06,56.1463,+35.8557,03h44m35.1s,+35°51′20.4″,,埃及
HIP 17489,恆星,5.46,56.2010,+24.2893,03h44m48.2s,+24°17′21.4″,Celaeno,中國(具名)、圖卡諾、夏威夷星線、毛利(具名)、白俄羅斯、西伯利亞、韓國
HIP 17499,恆星,3.70,56.2190,+24.1131,03h44m52.6s,+24°06′47.3″,Electra,中國、中國(具名)、印度(星群)、印度吠陀、因紐特、圖卡諾、圖皮-瓜拉尼、埃及、夏威夷星線、日本月站、東加(具名)、毛利、毛利(具名)、白俄羅斯、納瓦荷、羅馬尼亞、薩丁尼亞、西伯利亞、阿拉伯・蘇菲、阿拉伯・蘇菲(星群)、韓國
HIP 17506,恆星,5.55,56.2357,-0.2967,03h44m56.6s,-00°17′48.2″,,中國(具名)
HIP 17527,恆星,5.64,56.2907,+24.8391,03h45m09.8s,+24°50′20.6″,,中國(具名)
HIP 17529,恆星,3.80,56.2984,+42.5785,03h45m11.6s,+42°34′42.7″,,中國、中國(具名)、阿拉伯・古代、阿拉伯・蘇菲、阿拉伯・蘇菲(星群)、韓國
HIP 17531,恆星,4.30,56.3022,+24.4671,03h45m12.5s,+24°28′01.4″,Taygeta,中國、中國(具名)、印度(星群)、印度吠陀、因紐特、圖卡諾、圖皮-瓜拉尼、埃及、日本月站、毛利(具名)、白俄羅斯、納瓦荷、薩丁尼亞、西伯利亞、韓國
HIP 17563,恆星,5.34,56.4186,+6.0499,03h45m40.5s,+06°02′59.8″,,中國(具名)
HIP 17573,恆星,3.87,56.4568,+24.3675,03h45m49.6s,+24°22′03.1″,Maia,中國、中國(具名)、印度(星群)、印度吠陀、圖卡諾、圖皮-瓜拉尼、毛利(具名)、白俄羅斯、羅馬尼亞、薩丁尼亞、阿拉伯・蘇菲(星群)、韓國
HIP 17579,恆星,5.76,56.4771,+24.5543,03h45m54.5s,+24°33′15.5″,Asterope,中國、中國(具名)、印度(星群)、印度吠陀、圖卡諾、圖皮-瓜拉尼、毛利(具名)、西伯利亞
HIP 17587,恆星,4.81,56.5097,+63.3450,03h46m02.3s,+63°20′42.0″,,中國(具名)
HIP 17593,恆星,4.42,56.5358,-12.1013,03h46m08.6s,-12°06′04.8″,,中國、中國(具名)、呂埃勒、阿拉伯・蘇菲、阿拉伯・蘇菲(星群)、韓國
HIP 17608,恆星,4.18,56.5817,+23.9481,03h46m19.6s,+23°56′53.3″,Merope,中國、中國(具名)、印度(星群)、印度吠陀、因紐特、圖卡諾、圖皮-瓜拉尼、埃及、日本月站、毛利(具名)、白俄羅斯、納瓦荷、羅馬尼亞、薩丁尼亞、西伯利亞、阿拉伯・古代、阿拉伯・月站、韓國
HIP 17651,恆星,4.20,56.7113,-23.2521,03h46m50.7s,-23°15′07.5″,,中國、中國(具名)、呂埃勒、西方/現代88星座、阿拉伯・蘇菲、阿拉伯・蘇菲(星群)、韓國
HIP 17664,恆星,6.82,56.7476,+24.5199,03h46m59.4s,+24°31′11.7″,,西伯利亞
HIP 17678,恆星,3.26,56.8106,-74.2385,03h47m14.5s,-74°14′18.4″,,中國、中國(具名)、呂埃勒、西方/現代88星座
HIP 17702,恆星,2.87,56.8713,+24.1049,03h47m29.1s,+24°06′17.8″,Alcyone,中國、中國(具名)、印度(星群)、印度吠陀、呂埃勒、因紐特、圖卡諾、圖皮-瓜拉尼、埃及、日本月站、毛利(具名)、白俄羅斯、納瓦荷、羅馬尼亞、薩丁尼亞、薩米、阿拉伯・古代、阿拉伯・蘇菲(星群)、韓國
HIP 17704,恆星,6.81,56.8728,+24.2881,03h47m29.5s,+24°17′17.3″,,中國(具名)
HIP 17717,恆星,5.24,56.9154,-23.8745,03h47m39.7s,-23°52′28.1″,,中國、中國(具名)、阿拉伯・蘇菲、阿拉伯・蘇菲(星群)
HIP 17771,恆星,5.07,57.0679,+11.1432,03h48m16.3s,+11°08′35.5″,,中國(具名)、阿拉伯・蘇菲
HIP 17772,恆星,6.14,57.0753,+50.7368,03h48m18.1s,+50°44′12.3″,,圖卡諾
HIP 17797,恆星,4.72,57.1499,-37.6202,03h48m36.0s,-37°37′12.6″,,中國、中國(具名)、西方/現代88星座、阿拉伯・蘇菲、韓國
HIP 17832,恆星,6.46,57.2375,+23.8569,03h48m57.0s,+23°51′24.7″,,中國(具名)
HIP 17847,恆星,3.63,57.2907,+24.0532,03h49m09.8s,+24°03′11.6″,Atlas,中國、中國(具名)、印度(星群)、印度吠陀、因紐特、圖卡諾、圖皮-瓜拉尼、埃及、毛利(具名)、白俄羅斯、納瓦荷、羅馬尼亞、薩丁尼亞、西伯利亞、西方/現代(星群)、西方/現代88星座、阿拉伯・蘇菲(星群)、韓國
HIP 17851,恆星,5.09,57.2968,+24.1365,03h49m11.2s,+24°08′11.4″,Pleione,中國(具名)、印度(星群)、印度吠陀、因紐特、埃及、毛利(具名)、納瓦荷、薩丁尼亞、西伯利亞
HIP 17874,恆星,4.17,57.3633,-36.2005,03h49m27.2s,-36°12′01.7″,,中國、中國(具名)、西方/現代88星座、阿拉伯・蘇菲、韓國
HIP 17884,恆星,4.48,57.3803,+65.5259,03h49m31.3s,+65°31′33.3″,,中國(具名)
HIP 17886,恆星,5.11,57.3861,+33.0914,03h49m32.7s,+33°05′29.0″,,中國、中國(具名)、韓國
HIP 17900,恆星,6.15,57.4315,+23.7116,03h49m43.6s,+23°42′41.9″,,中國(具名)
HIP 17954,恆星,5.23,57.5791,+25.5789,03h50m19.0s,+25°34′44.1″,,韓國
HIP 17959,恆星,4.60,57.5899,+71.3321,03h50m21.6s,+71°19′55.5″,,中國、中國(具名)、西方/現代88星座、阿拉伯・蘇菲(星群)
HIP 18089,恆星,6.26,58.0010,+6.5349,03h52m00.2s,+06°32′05.6″,,中國(具名)
HIP 18122,恆星,6.73,58.1286,-5.0540,03h52m30.9s,-05°03′14.4″,,中國(具名)
HIP 18141,恆星,5.47,58.1735,-5.3613,03h52m41.7s,-05°21′40.6″,,中國(具名)
HIP 18163,恆星,8.00,58.2478,+26.6780,03h52m59.5s,+26°40′40.7″,,阿拉伯・古代、阿拉伯・月站
HIP 18213,恆星,5.09,58.4125,-34.7323,03h53m39.0s,-34°43′56.3″,,中國(具名)
HIP 18216,恆星,4.62,58.4281,-24.6123,03h53m42.7s,-24°36′44.1″,,中國、中國(具名)、阿拉伯・蘇菲、阿拉伯・蘇菲(星群)、韓國
HIP 18246,恆星,2.85,58.5330,+31.8836,03h54m07.9s,+31°53′00.9″,Atik,中國、中國(具名)、呂埃勒、羅馬尼亞、薩丁尼亞、薩米、西方/現代(星群)、西方/現代88星座、阿拉伯・古代、阿拉伯・古代(具名)、阿拉伯・月站(具名)、阿拉伯・蘇菲、阿拉伯・蘇菲(星群)、韓國
HIP 18255,恆星,4.70,58.5730,-2.9547,03h54m17.5s,-02°57′17.0″,,中國(具名)、阿拉伯・古代
HIP 18396,恆星,5.38,58.9925,+47.8713,03h55m58.2s,+47°52′16.8″,,圖卡諾
HIP 18453,恆星,5.25,59.1528,+50.6948,03h56m36.7s,+50°41′41.3″,,中國(具名)、圖卡諾
HIP 18471,恆星,5.62,59.2173,+22.4775,03h56m52.2s,+22°28′38.9″,,中國(具名)
HIP 18488,恆星,5.05,59.2845,+61.1088,03h57m08.3s,+61°06′31.8″,,中國(具名)
HIP 18505,恆星,5.04,59.3561,+63.0723,03h57m25.5s,+63°04′20.3″,,中國(具名)、西方/現代88星座
HIP 18532,恆星,2.89,59.4636,+40.0101,03h57m51.3s,+40°00′36.3″,,中國、中國(具名)、呂埃勒、羅馬尼亞、薩丁尼亞、薩米、西方/現代(星群)、西方/現代88星座、阿拉伯・古代、阿拉伯・古代(具名)、阿拉伯・月站(具名)、阿拉伯・蘇菲、阿拉伯・蘇菲(星群)、韓國
HIP 18543,恆星,2.94,59.5076,-13.5090,03h58m01.8s,-13°30′32.4″,Zaurak,中國、中國(具名)、呂埃勒、阿拉伯・古代、阿拉伯・蘇菲、阿拉伯・蘇菲(星群)、韓國
HIP 18597,恆星,4.57,59.6865,-61.4002,03h58m44.8s,-61°24′00.9″,,西方/現代88星座
HIP 18614,恆星,4.06,59.7413,+35.7910,03h58m57.9s,+35°47′27.8″,Menkib,中國、中國(具名)、埃及、羅馬尼亞、薩丁尼亞、西方/現代(星群)、西方/現代88星座、阿拉伯・古代、阿拉伯・古代(具名)、阿拉伯・月站(具名)、阿拉伯・蘇菲、阿拉伯・蘇菲(星群)、韓國
HIP 18673,恆星,4.66,59.9812,-24.0161,03h59m55.5s,-24°00′58.1″,,中國、中國(具名)、阿拉伯・蘇菲、阿拉伯・蘇菲(星群)、韓國
HIP 18724,恆星,3.41,60.1700,+12.4903,04h00m40.8s,+12°29′25.0″,,中國、中國(具名)、呂埃勒、西方/現代88星座、阿拉伯・古代、阿拉伯・蘇菲、阿拉伯・蘇菲(星群)、韓國
HIP 18788,恆星,5.28,60.3837,-1.5497,04h01m32.1s,-01°32′59.0″,,中國(具名)
HIP 18907,恆星,3.88,60.7891,+5.9893,04h03m09.4s,+05°59′21.4″,,中國(具名)、呂埃勒、阿拉伯・蘇菲
HIP 18957,恆星,5.33,60.9359,+5.4356,04h03m44.6s,+05°26′08.1″,,中國(具名)
HIP 19018,恆星,5.12,61.1131,+59.1555,04h04m27.2s,+59°09′19.8″,,中國(具名)
HIP 19038,恆星,4.37,61.1743,+22.0817,04h04m41.8s,+22°04′54.0″,,中國、中國(具名)、阿拉伯・古代、阿拉伯・蘇菲(星群)、韓國
HIP 19076,恆星,5.90,61.3352,+22.0083,04h05m20.5s,+22°00′30.0″,,中國(具名)
HIP 19167,恆星,4.29,61.6459,+50.3511,04h06m35.0s,+50°21′04.0″,,中國、中國(具名)、呂埃勒、圖卡諾、埃及、阿拉伯・蘇菲、韓國
HIP 19171,恆星,5.17,61.6518,+27.5997,04h06m36.4s,+27°35′58.8″,,韓國
HIP 19205,恆星,5.20,61.7514,+29.0013,04h07m00.3s,+29°00′04.8″,,中國、中國(具名)、阿拉伯・蘇菲
HIP 19284,恆星,5.94,61.9976,+17.3399,04h07m59.4s,+17°20′23.5″,,阿拉伯・古代
HIP 19302,恆星,6.08,62.0636,+37.7266,04h08m15.3s,+37°43′35.9″,,中國(具名)
HIP 19335,恆星,5.52,62.1535,+38.0388,04h08m36.8s,+38°02′19.8″,,中國(具名)
HIP 19343,恆星,4.03,62.1655,+47.7124,04h08m39.7s,+47°42′44.5″,,中國、中國(具名)、圖卡諾、阿拉伯・蘇菲、韓國
HIP 19388,恆星,5.50,62.2920,+19.6091,04h09m10.1s,+19°36′32.7″,,中國(具名)
HIP 19461,恆星,5.46,62.5114,+80.6986,04h10m02.7s,+80°41′55.1″,,中國、中國(具名)
HIP 19483,恆星,5.44,62.5938,-6.9239,04h10m22.5s,-06°55′26.1″,,中國(具名)
HIP 19513,恆星,5.39,62.7076,+26.4808,04h10m49.8s,+26°28′50.9″,,中國、中國(具名)
HIP 19554,恆星,5.70,62.8352,+5.5231,04h11m20.4s,+05°31′23.1″,,中國(具名)
HIP 19587,恆星,4.03,62.9665,-6.8372,04h11m52.0s,-06°50′14.0″,Beid,中國、中國(具名)、呂埃勒、阿拉伯・蘇菲、韓國
HIP 19719,恆星,5.29,63.3879,+7.7161,04h13m33.1s,+07°42′57.9″,,中國(具名)、韓國
HIP 19740,恆星,4.93,63.4849,+9.2637,04h13m56.4s,+09°15′49.3″,,中國(具名)、韓國
HIP 19747,恆星,3.86,63.5007,-42.2953,04h14m00.2s,-42°17′43.0″,,中國(具名)、西方/現代88星座
HIP 19777,恆星,4.90,63.5987,-10.2570,04h14m23.7s,-10°15′25.2″,,中國、中國(具名)
HIP 19780,恆星,3.36,63.6066,-62.4736,04h14m25.6s,-62°28′25.0″,,中國、中國(具名)、呂埃勒、西方/現代88星座
HIP 19799,恆星,5.22,63.6509,+10.0113,04h14m36.2s,+10°00′40.9″,,韓國
HIP 19811,恆星,4.69,63.7222,+40.4835,04h14m53.3s,+40°29′00.7″,,中國(具名)
HIP 19812,恆星,4.16,63.7245,+48.4093,04h14m53.9s,+48°24′33.3″,,中國、中國(具名)、呂埃勒、圖卡諾、埃及、阿拉伯・蘇菲、韓國
HIP 19849,恆星,4.43,63.8080,-7.6681,04h15m13.9s,-07°40′05.1″,Keid,中國(具名)、阿拉伯・蘇菲、韓國
HIP 19860,恆星,4.28,63.8837,+8.8923,04h15m32.1s,+08°53′32.1″,,中國(具名)、呂埃勒、阿拉伯・古代、阿拉伯・蘇菲、韓國
HIP 19877,恆星,6.30,63.9434,+15.4006,04h15m46.4s,+15°24′02.2″,,中國(具名)
HIP 19893,恆星,4.20,64.0073,-51.4858,04h16m01.8s,-51°29′09.0″,,中國、中國(具名)、西方/現代88星座
HIP 19921,恆星,4.44,64.1205,-59.3029,04h16m28.9s,-59°18′10.4″,,西方/現代88星座
HIP 19949,恆星,5.19,64.1794,+53.6118,04h16m43.1s,+53°36′42.5″,,中國、中國(具名)、韓國
HIP 19968,恆星,5.70,64.2232,+61.8499,04h16m53.6s,+61°50′59.6″,,中國(具名)
HIP 19990,恆星,4.91,64.3151,+20.5783,04h17m15.6s,+20°34′42.0″,,中國、中國(具名)、西方/現代(星群)、阿拉伯・蘇菲、韓國
HIP 20025,恆星,6.91,64.4296,+13.8368,04h17m43.1s,+13°50′12.4″,,日本月站
HIP 20042,恆星,3.56,64.4739,-33.7984,04h17m53.7s,-33°47′54.1″,Beemim I,中國、中國(具名)、呂埃勒、西方/現代88星座、阿拉伯・蘇菲、韓國
HIP 20070,恆星,4.59,64.5612,+50.2953,04h18m14.7s,+50°17′42.9″,,中國(具名)、圖卡諾、阿拉伯・蘇菲、韓國
HIP 20087,恆星,5.63,64.5971,+21.5791,04h18m23.3s,+21°34′44.9″,,西方/現代(星群)
HIP 20156,恆星,5.40,64.8055,+50.0484,04h19m13.3s,+50°02′54.4″,,中國、中國(具名)
HIP 20171,恆星,5.48,64.8589,+21.1421,04h19m26.1s,+21°08′31.6″,,西方/現代(星群)
HIP 20186,恆星,5.35,64.9031,+21.7733,04h19m36.7s,+21°46′23.9″,,西方/現代(星群)
HIP 20205,恆星,3.65,64.9489,+15.6275,04h19m47.7s,+15°37′39.1″,Prima Hyadum,中國、中國(具名)、北歐、呂埃勒、因紐特、圖卡諾、圖皮-瓜拉尼、埃及、日本月站、東加、毛利、白俄羅斯、羅馬尼亞、薩丁尼亞、西方/現代(星群)、西方/現代88星座、阿努塔、阿拉伯・蘇菲、韓國
HIP 20219,恆星,5.57,64.9910,+14.0351,04h19m57.8s,+14°02′06.4″,,中國、中國(具名)、阿拉伯・古代、韓國
HIP 20250,恆星,4.95,65.0883,+27.3504,04h20m21.2s,+27°21′01.5″,Alkalbain I,中國、中國(具名)、阿拉伯・古代、阿拉伯・蘇菲、阿拉伯・蘇菲(星群)、韓國
HIP 20252,恆星,4.93,65.1025,+34.5667,04h20m24.6s,+34°34′00.1″,,中國(具名)
HIP 20261,恆星,5.24,65.1518,+15.0954,04h20m36.4s,+15°05′43.3″,,中國(具名)
HIP 20266,恆星,5.27,65.1677,+65.1404,04h20m40.3s,+65°08′25.5″,,中國(具名)
HIP 20349,恆星,6.78,65.3824,+21.0397,04h21m31.8s,+21°02′23.0″,,西方/現代(星群)
HIP 20354,恆星,4.81,65.3883,+46.4987,04h21m33.2s,+46°29′55.4″,,中國(具名)、阿拉伯・蘇菲、韓國
HIP 20417,恆星,5.95,65.5947,+20.8214,04h22m22.7s,+20°49′17.1″,,西方/現代(星群)
HIP 20430,恆星,5.38,65.6457,+25.6292,04h22m35.0s,+25°37′45.3″,Alkalbain II,中國、中國(具名)、阿拉伯・蘇菲、韓國
HIP 20455,恆星,3.76,65.7342,+17.5424,04h22m56.2s,+17°32′32.6″,Secunda Hyadum,中國、中國(具名)、北歐、呂埃勒、因紐特、圖卡諾、圖皮-瓜拉尼、埃及、日本月站、東加、毛利、白俄羅斯、羅馬尼亞、薩丁尼亞、西方/現代(星群)、西方/現代88星座、阿努塔、韓國
HIP 20484,恆星,5.62,65.8549,+16.7771,04h23m25.2s,+16°46′37.7″,,中國(具名)
HIP 20493,恆星,5.99,65.8849,+20.9819,04h23m32.4s,+20°58′54.8″,,西方/現代(星群)
HIP 20507,恆星,5.17,65.9200,-3.7457,04h23m40.8s,-03°44′44.6″,,中國、中國(具名)、呂埃勒、阿拉伯・蘇菲、韓國
HIP 20522,恆星,5.10,65.9659,+9.4610,04h23m51.8s,+09°27′39.5″,,中國、中國(具名)、韓國
HIP 20535,恆星,3.96,66.0096,-34.0166,04h24m02.3s,-34°00′59.9″,Beemim,中國、中國(具名)、呂埃勒、西方/現代88星座、阿拉伯・蘇菲、韓國
HIP 20542,恆星,4.80,66.0245,+17.4440,04h24m05.9s,+17°26′38.3″,,中國(具名)
HIP 20557,恆星,7.12,66.0613,+21.7360,04h24m14.7s,+21°44′09.8″,,西方/現代(星群)
HIP 20579,恆星,5.72,66.1216,+34.1306,04h24m29.2s,+34°07′50.2″,,中國(具名)
HIP 20635,恆星,4.20,66.3429,+22.2937,04h25m22.3s,+22°17′37.2″,Alkalbain III,中國(具名)、西方/現代(星群)、阿拉伯・古代、阿拉伯・蘇菲、阿拉伯・蘇菲(星群)
HIP 20641,恆星,5.26,66.3548,+22.1998,04h25m25.1s,+22°11′59.2″,Alkalbain IV,中國、中國(具名)
HIP 20648,恆星,4.30,66.3729,+17.9278,04h25m29.5s,+17°55′40.0″,,中國、中國(具名)、白俄羅斯、薩丁尼亞、西方/現代(星群)、西方/現代88星座、阿努塔、韓國
HIP 20711,恆星,4.28,66.5775,+22.8134,04h26m18.6s,+22°48′48.2″,Alkalbain V,中國(具名)、西方/現代(星群)、阿拉伯・古代、阿拉伯・蘇菲、阿拉伯・蘇菲(星群)、韓國
HIP 20712,恆星,7.33,66.5776,+21.4703,04h26m18.6s,+21°28′12.9″,,西方/現代(星群)
HIP 20713,恆星,4.48,66.5869,+15.6182,04h26m20.9s,+15°37′05.5″,,中國、中國(具名)、阿努塔、韓國
HIP 20732,恆星,4.69,66.6515,+14.7136,04h26m36.4s,+14°42′49.1″,,中國、中國(具名)、韓國
HIP 20789,恆星,5.51,66.8227,+22.9963,04h27m17.4s,+22°59′46.6″,,中國(具名)、西方/現代(星群)
HIP 20842,恆星,5.71,67.0037,+21.6197,04h28m00.9s,+21°37′11.0″,,西方/現代(星群)
HIP 20884,恆星,5.53,67.1339,+1.3807,04h28m32.1s,+01°22′50.6″,,中國(具名)
HIP 20885,恆星,3.84,67.1442,+15.9620,04h28m34.6s,+15°57′43.3″,Hyadum III,中國、中國(具名)、圖卡諾、東加、薩丁尼亞、阿努塔、阿拉伯・蘇菲
HIP 20889,恆星,3.53,67.1547,+19.1803,04h28m37.1s,+19°10′49.0″,Ain,中國、中國(具名)、北歐、呂埃勒、因紐特、圖卡諾、圖皮-瓜拉尼、埃及、日本月站、東加、毛利、白俄羅斯、羅馬尼亞、薩丁尼亞、西方/現代(星群)、西方/現代88星座、阿努塔、韓國
HIP 20894,恆星,3.41,67.1661,+15.8708,04h28m39.9s,+15°52′14.8″,Chamukuy,中國(具名)、北歐、呂埃勒、因紐特、圖皮-瓜拉尼、埃及、日本月站、毛利、白俄羅斯、羅馬尼亞、西方/現代(星群)、西方/現代88星座
HIP 20901,恆星,5.01,67.2095,+13.0475,04h28m50.3s,+13°02′51.1″,,中國、中國(具名)、阿拉伯・蘇菲(星群)、韓國
HIP 21029,恆星,4.76,67.6406,+16.1939,04h30m33.7s,+16°11′38.0″,,中國(具名)、韓國
HIP 21053,恆星,6.49,67.6955,+16.1485,04h30m46.9s,+16°08′54.7″,,中國(具名)
HIP 21060,恆星,5.06,67.7088,-44.9538,04h30m50.1s,-44°57′13.5″,,西方/現代88星座
HIP 21137,恆星,6.00,67.9661,+15.8515,04h31m51.9s,+15°51′05.3″,,中國(具名)
HIP 21139,恆星,4.90,67.9694,-0.0440,04h31m52.7s,-00°02′38.6″,,中國(具名)
HIP 21148,恆星,5.77,68.0077,+53.9108,04h32m01.8s,+53°54′39.0″,,中國(具名)
HIP 21238,恆星,6.81,68.3402,+43.0317,04h33m21.6s,+43°01′54.0″,,中國(具名)
HIP 21242,恆星,6.08,68.3538,+43.0639,04h33m24.9s,+43°03′50.1″,,中國(具名)
HIP 21248,恆星,4.51,68.3767,-29.7677,04h33m30.4s,-29°46′03.7″,Beemim,中國、中國(具名)、阿拉伯・蘇菲、韓國
HIP 21251,恆星,6.96,68.3878,+18.0166,04h33m33.1s,+18°00′59.9″,,羅馬尼亞
HIP 21257,恆星,6.58,68.4088,+16.3233,04h33m38.1s,+16°19′23.7″,,中國(具名)
HIP 21273,恆星,4.65,68.4626,+14.8443,04h33m51.0s,+14°50′39.6″,,中國、中國(具名)、阿拉伯・古代、韓國
HIP 21278,恆星,5.72,68.4780,-6.7389,04h33m54.7s,-06°44′20.2″,,中國(具名)
HIP 21281,恆星,3.28,68.4994,-55.0450,04h33m59.9s,-55°02′42.0″,,中國、中國(具名)、呂埃勒、西方/現代88星座
HIP 21296,恆星,5.19,68.5483,-8.2313,04h34m11.6s,-08°13′52.8″,,中國(具名)
HIP 21297,恆星,5.23,68.5489,-8.9708,04h34m11.7s,-08°58′14.7″,,韓國
HIP 21393,恆星,3.82,68.8874,-30.5624,04h35m33.0s,-30°33′44.6″,Theemin,中國、中國(具名)、呂埃勒、埃及、西方/現代88星座、阿拉伯・蘇菲、韓國
HIP 21402,恆星,4.25,68.9138,+10.1606,04h35m39.3s,+10°09′38.2″,,中國、中國(具名)、阿拉伯・蘇菲、韓國
HIP 21421,恆星,0.86,68.9805,+16.5085,04h35m55.3s,+16°30′30.5″,Aldebaran,中國、中國(具名)、北歐、印度(星群)、印度吠陀、印度吠陀(具名)、呂埃勒、因紐特、因紐特(具名)、圖卡諾、圖皮-瓜拉尼、埃及、夏威夷星線(具名)、布吉斯(具名)、日本月站、東加、毛利、毛利(具名)、白俄羅斯、羅馬尼亞、羅馬尼亞(具名)、薩丁尼亞、薩丁尼亞(具名)、西方/現代(星群)、西方/現代88星座、阿努塔、阿拉伯・古代、阿拉伯・古代(具名)、阿拉伯・月站(具名)、阿拉伯・蘇菲、阿拉伯・蘇菲(具名)、阿拉伯・阿拉伯半島、阿拉伯・阿拉伯半島(具名)、韓國、韓國(具名)
HIP 21444,恆星,3.93,69.0798,-3.3525,04h36m19.1s,-03°21′08.9″,,中國、中國(具名)、呂埃勒、西方/現代88星座、阿拉伯・蘇菲、韓國
HIP 21476,恆星,4.26,69.1726,+41.2648,04h36m41.4s,+41°15′53.1″,,中國(具名)、阿拉伯・蘇菲、韓國
HIP 21515,恆星,5.32,69.3070,+0.9983,04h37m13.7s,+00°59′53.9″,,中國、中國(具名)
HIP 21547,恆星,5.21,69.4007,-2.4738,04h37m36.2s,-02°28′25.8″,,中國(具名)、韓國
HIP 21588,恆星,5.78,69.5397,+16.0332,04h38m09.5s,+16°01′59.6″,,中國(具名)
HIP 21589,恆星,4.27,69.5399,+12.5108,04h38m09.6s,+12°30′38.8″,,中國、中國(具名)、阿拉伯・蘇菲、韓國
HIP 21594,恆星,3.87,69.5447,-14.3047,04h38m10.7s,-14°18′17.0″,Sceptrum,中國(具名)、呂埃勒、西方/現代88星座
HIP 21670,恆星,5.37,69.7761,+7.8710,04h39m06.3s,+07°52′15.6″,,韓國
HIP 21673,恆星,5.08,69.7886,+15.7996,04h39m09.3s,+15°47′58.4″,,中國(具名)
HIP 21683,恆星,4.67,69.8191,+15.9179,04h39m16.6s,+15°55′04.4″,,中國、中國(具名)、韓國
HIP 21685,恆星,5.46,69.8327,-14.3597,04h39m19.8s,-14°21′35.1″,,中國(具名)
HIP 21727,恆星,5.07,69.9778,+53.0795,04h39m54.7s,+53°04′46.1″,,中國(具名)
HIP 21730,恆星,5.50,69.9923,+53.4726,04h39m58.1s,+53°28′21.2″,,中國(具名)
HIP 21735,恆星,5.45,70.0142,+12.1976,04h40m03.4s,+12°11′51.2″,,中國、中國(具名)
HIP 21763,恆星,4.30,70.1106,-19.6719,04h40m26.5s,-19°40′18.9″,,中國、中國(具名)、呂埃勒、韓國
HIP 21770,恆星,4.45,70.1396,-41.8641,04h40m33.5s,-41°51′50.7″,,西方/現代88星座
HIP 21861,恆星,5.05,70.5147,-37.1434,04h42m03.5s,-37°08′36.2″,,西方/現代88星座
HIP 21881,恆星,4.26,70.5613,+22.9568,04h42m14.7s,+22°57′24.6″,,中國、中國(具名)、西方/現代88星座、阿拉伯・古代、阿拉伯・蘇菲、韓國
HIP 21928,恆星,5.30,70.7266,+43.3649,04h42m54.4s,+43°21′53.7″,,中國(具名)
HIP 21949,恆星,5.51,70.7667,-70.9309,04h43m04.0s,-70°55′51.1″,,西方/現代88星座
HIP 21961,恆星,6.15,70.8074,+24.0888,04h43m13.8s,+24°05′19.8″,,中國(具名)
HIP 21986,恆星,6.64,70.8967,-8.7964,04h43m35.2s,-08°47′46.9″,,中國、中國(具名)
HIP 22024,恆星,5.81,71.0222,-8.5036,04h44m05.3s,-08°30′12.8″,,中國、中國(具名)、韓國
HIP 22028,恆星,5.52,71.0335,-18.6667,04h44m08.0s,-18°39′60.0″,,韓國
HIP 22086,恆星,5.69,71.2674,-21.2835,04h45m04.2s,-21°17′00.4″,,韓國
HIP 22109,恆星,4.00,71.3757,-3.2547,04h45m30.2s,-03°15′17.0″,,中國、中國(具名)、西方/現代88星座、阿拉伯・蘇菲、韓國
HIP 22263,恆星,5.50,71.9018,-16.9337,04h47m36.4s,-16°56′01.3″,,中國、中國(具名)、韓國
HIP 22287,恆星,5.28,72.0016,+56.7566,04h48m00.4s,+56°45′23.6″,,中國(具名)
HIP 22325,恆星,5.75,72.1356,-16.3293,04h48m32.5s,-16°19′45.5″,,中國(具名)、韓國
HIP 22441,恆星,6.11,72.4337,+15.9042,04h49m44.1s,+15°54′15.1″,,中國(具名)
HIP 22449,恆星,3.19,72.4621,+6.9613,04h49m50.9s,+06°57′40.8″,Tabit,中國、中國(具名)、呂埃勒、圖皮-瓜拉尼、埃及、曼達爾、納瓦荷、西方/現代(星群)、西方/現代88星座、阿拉伯・古代、阿拉伯・月站、阿拉伯・蘇菲、阿拉伯・蘇菲(星群)、韓國
HIP 22453,恆星,4.87,72.4774,+37.4885,04h49m54.6s,+37°29′18.4″,,中國(具名)、韓國
HIP 22479,恆星,5.03,72.5486,-16.2169,04h50m11.7s,-16°13′00.9″,,中國、中國(具名)、韓國
HIP 22509,恆星,4.35,72.6530,+8.9001,04h50m36.7s,+08°54′00.2″,Al Taj I,中國、中國(具名)、呂埃勒、圖皮-瓜拉尼、西方/現代(星群)、西方/現代88星座、阿拉伯・古代、阿拉伯・月站、阿拉伯・蘇菲、阿拉伯・蘇菲(星群)、韓國
HIP 22549,恆星,3.68,72.8015,+5.6051,04h51m12.4s,+05°36′18.4″,Al Taj II,中國、中國(具名)、圖皮-瓜拉尼、埃及、曼達爾、納瓦荷、西方/現代(星群)、西方/現代88星座、阿拉伯・古代、阿拉伯・月站、阿拉伯・蘇菲、阿拉伯・蘇菲(星群)、韓國
HIP 22565,恆星,5.08,72.8440,+18.8397,04h51m22.6s,+18°50′22.9″,,中國、中國(具名)、阿拉伯・古代、阿拉伯・蘇菲
HIP 22667,恆星,4.72,73.1332,+14.2504,04h52m32.0s,+14°15′01.4″,Al Kumm I,中國、中國(具名)
HIP 22678,恆星,4.78,73.1581,+36.7032,04h52m37.9s,+36°42′11.4″,,中國(具名)、韓國
HIP 22701,恆星,4.40,73.2235,-5.4526,04h52m53.6s,-05°27′09.3″,,中國、中國(具名)、西方/現代88星座、阿拉伯・蘇菲、韓國
HIP 22730,恆星,5.32,73.3450,+2.5082,04h53m22.8s,+02°30′29.4″,,中國(具名)、西方/現代(星群)、西方/現代88星座
HIP 22783,恆星,4.29,73.5125,+66.3427,04h54m03.0s,+66°20′33.7″,,中國、中國(具名)、呂埃勒、西方/現代88星座、阿拉伯・古代、韓國
HIP 22797,恆星,3.73,73.5629,+2.4407,04h54m15.1s,+02°26′26.4″,Al Taj III,中國、中國(具名)、呂埃勒、圖皮-瓜拉尼、埃及、曼達爾、納瓦荷、西方/現代(星群)、阿拉伯・古代、阿拉伯・月站、阿拉伯・蘇菲、阿拉伯・蘇菲(星群)、韓國
HIP 22833,恆星,5.18,73.6954,+11.4261,04h54m46.9s,+11°25′33.8″,Manica,中國、中國(具名)、韓國
HIP 22845,恆星,4.65,73.7241,+10.1503,04h54m53.8s,+10°09′00.9″,Al Taj IV,中國、中國(具名)、呂埃勒、圖皮-瓜拉尼、西方/現代(星群)、西方/現代88星座、阿拉伯・蘇菲、阿拉伯・蘇菲(星群)、韓國
HIP 22854,恆星,5.52,73.7629,+55.2591,04h55m03.1s,+55°15′32.7″,,中國(具名)
HIP 22881,恆星,5.71,73.8278,-16.4176,04h55m18.7s,-16°25′03.2″,,韓國
HIP 22957,恆星,4.06,74.0925,+13.5143,04h56m22.2s,+13°30′51.4″,Al Kumm II,中國、中國(具名)、納瓦荷、阿拉伯・古代、阿拉伯・月站、阿拉伯・蘇菲、阿拉伯・蘇菲(星群)、韓國
HIP 22958,恆星,5.48,74.1007,-5.1714,04h56m24.2s,-05°10′16.9″,,中國(具名)
HIP 22994,恆星,6.63,74.2061,+55.8240,04h56m49.5s,+55°49′26.4″,,中國(具名)
HIP 23015,恆星,2.69,74.2484,+33.1660,04h56m59.6s,+33°09′57.7″,Hassaleh,中國、中國(具名)、北歐、呂埃勒、夏威夷星線、夏威夷星線(具名)、薩丁尼亞、薩米、西方/現代88星座、阿拉伯・古代、阿拉伯・古代(具名)、阿拉伯・月站(具名)、阿拉伯・蘇菲、阿拉伯・蘇菲(星群)、韓國、韓國(具名)
HIP 23040,恆星,4.43,74.3215,+53.7521,04h57m17.2s,+53°45′07.7″,,中國、中國(具名)、韓國
HIP 23043,恆星,5.49,74.3430,+17.1537,04h57m22.3s,+17°09′13.2″,,中國(具名)
HIP 23068,恆星,5.81,74.4527,+23.9485,04h57m48.7s,+23°56′54.6″,,中國、中國(具名)
HIP 23088,恆星,5.79,74.5393,+25.0502,04h58m09.4s,+25°03′00.7″,,中國(具名)、韓國
HIP 23123,恆星,4.46,74.6371,+1.7140,04h58m32.9s,+01°42′50.3″,Al Taj V,中國、中國(具名)、西方/現代(星群)、西方/現代88星座、阿拉伯・古代、阿拉伯・月站、阿拉伯・蘇菲、阿拉伯・蘇菲(星群)、韓國
HIP 23166,恆星,5.92,74.7551,-16.3754,04h59m01.2s,-16°22′31.4″,,韓國
HIP 23179,恆星,5.00,74.8145,+37.8898,04h59m15.5s,+37°53′23.3″,,中國(具名)
HIP 23214,恆星,6.75,74.9351,+15.9166,04h59m44.4s,+15°54′59.8″,,中國(具名)
HIP 23221,恆星,5.39,74.9603,-10.2639,04h59m50.5s,-10°15′50.1″,,中國、中國(具名)
HIP 23231,恆星,4.77,74.9824,-12.5378,04h59m55.8s,-12°32′16.1″,,中國、中國(具名)
HIP 23261,恆星,5.97,75.0764,+39.3947,05h00m18.3s,+39°23′40.9″,,中國(具名)
HIP 23265,恆星,5.09,75.0864,+81.1942,05h00m20.7s,+81°11′39.2″,,中國、中國(具名)
HIP 23268,恆星,6.48,75.0967,+39.6546,05h00m23.2s,+39°39′16.7″,,中國(具名)
HIP 23364,恆星,4.81,75.3598,-7.1739,05h01m26.3s,-07°10′26.2″,Kursi al Jauzah I,中國、中國(具名)、阿拉伯・古代、阿拉伯・蘇菲、阿拉伯・蘇菲(星群)、韓國
HIP 23416,恆星,2.99,75.4922,+43.8233,05h01m58.1s,+43°49′23.9″,Almaaz,中國、中國(具名)、呂埃勒、羅馬尼亞、西方/現代(星群)、阿拉伯・蘇菲、韓國
HIP 23453,恆星,3.75,75.6196,+41.0757,05h02m28.7s,+41°04′32.7″,Saclateni,中國、中國(具名)、北歐、呂埃勒、羅馬尼亞、薩丁尼亞、西方/現代(星群)、西方/現代88星座、阿拉伯・蘇菲、阿拉伯・蘇菲(星群)、韓國
HIP 23474,恆星,5.74,75.6877,-22.7950,05h02m45.1s,-22°47′41.9″,,中國、中國(具名)
HIP 23497,恆星,4.62,75.7743,+21.5898,05h03m05.8s,+21°35′23.2″,,中國、中國(具名)、阿拉伯・蘇菲(星群)、韓國
HIP 23522,恆星,4.02,75.8545,+60.4422,05h03m25.1s,+60°26′31.9″,,中國(具名)、呂埃勒、阿拉伯・古代、阿拉伯・蘇菲(星群)、韓國
HIP 23554,恆星,5.58,75.9721,-24.3883,05h03m53.3s,-24°23′17.9″,,中國(具名)
HIP 23607,恆星,4.66,76.1424,+15.4040,05h04m34.2s,+15°24′14.3″,,中國(具名)、圖皮-瓜拉尼、阿拉伯・古代、阿拉伯・月站、阿拉伯・蘇菲、阿拉伯・蘇菲(星群)、韓國
HIP 23685,恆星,3.18,76.3654,-22.3714,05h05m27.7s,-22°22′16.9″,,中國、中國(具名)、呂埃勒、埃及、西方/現代88星座、阿拉伯・蘇菲、韓國
HIP 23734,恆星,5.08,76.5352,+58.9723,05h06m08.4s,+58°58′20.4″,,中國、中國(具名)
HIP 23743,恆星,6.13,76.5505,+59.0212,05h06m12.1s,+59°01′16.4″,,中國(具名)
HIP 23767,恆星,3.18,76.6289,+41.2342,05h06m30.9s,+41°14′03.0″,Haedus,中國、中國(具名)、呂埃勒、羅馬尼亞、薩米、西方/現代(星群)、阿拉伯・蘇菲、阿拉伯・蘇菲(星群)、韓國
HIP 23783,恆星,4.97,76.6691,+51.5970,05h06m40.6s,+51°35′49.0″,,中國、中國(具名)、韓國
HIP 23794,恆星,5.12,76.6903,-4.6552,05h06m45.7s,-04°39′18.6″,,中國(具名)
HIP 23802,恆星,7.30,76.7312,-5.1657,05h06m55.5s,-05°09′56.7″,,中國(具名)
HIP 23835,恆星,4.89,76.8650,+18.6451,05h07m27.6s,+18°38′42.5″,,中國(具名)、阿拉伯・蘇菲
HIP 23852,恆星,6.15,76.9096,+9.4701,05h07m38.3s,+09°28′12.3″,,中國(具名)
HIP 23871,恆星,5.28,76.9514,+20.4182,05h07m48.3s,+20°25′05.6″,,中國(具名)
HIP 23875,恆星,2.79,76.9620,-5.0868,05h07m50.9s,-05°05′12.5″,Cursa,中國、中國(具名)、呂埃勒、圖皮-瓜拉尼、埃及、西方/現代88星座、阿拉伯・古代、阿拉伯・蘇菲、阿拉伯・蘇菲(星群)、韓國
HIP 23879,恆星,5.74,76.9705,+8.4982,05h07m52.9s,+08°29′53.6″,,中國(具名)
HIP 23883,恆星,5.92,76.9810,+21.7048,05h07m55.4s,+21°42′17.2″,,中國(具名)
HIP 23900,恆星,5.50,77.0276,+24.2652,05h08m06.6s,+24°15′54.5″,,中國、中國(具名)、韓國
HIP 23941,恆星,5.12,77.1823,-4.4561,05h08m43.8s,-04°27′22.1″,,中國(具名)
HIP 23949,恆星,6.50,77.2102,+19.8598,05h08m50.4s,+19°51′35.3″,,中國、中國(具名)
HIP 23972,恆星,4.27,77.2866,-8.7541,05h09m08.8s,-08°45′14.7″,Kursi al Jauzah II,中國、中國(具名)、呂埃勒、西方/現代88星座、阿拉伯・古代、阿拉伯・蘇菲、阿拉伯・蘇菲(星群)、韓國
HIP 23983,恆星,5.43,77.3321,+9.8296,05h09m19.7s,+09°49′46.4″,,中國(具名)
HIP 24010,恆星,4.82,77.4248,+15.5972,05h09m42.0s,+15°35′49.9″,,中國(具名)、圖皮-瓜拉尼、阿拉伯・古代、阿拉伯・月站、阿拉伯・蘇菲、阿拉伯・蘇菲(星群)
HIP 24169,恆星,5.68,77.8454,-11.8488,05h11m22.9s,-11°50′55.8″,,中國(具名)
HIP 24197,恆星,5.16,77.9232,+16.0457,05h11m41.6s,+16°02′44.5″,,圖皮-瓜拉尼
HIP 24244,恆星,4.45,78.0747,-11.8693,05h12m17.9s,-11°52′09.4″,,中國、中國(具名)、埃及、西方/現代88星座、阿拉伯・蘇菲、韓國
HIP 24254,恆星,5.45,78.0936,+73.9466,05h12m22.5s,+73°56′47.6″,,中國(具名)
HIP 24305,恆星,3.29,78.2331,-16.2055,05h12m56.0s,-16°12′19.9″,,中國、中國(具名)、呂埃勒、埃及、西方/現代88星座、阿拉伯・蘇菲、韓國
HIP 24327,恆星,4.44,78.3078,-12.9413,05h13m13.9s,-12°56′28.7″,,中國、中國(具名)、埃及、西方/現代88星座、阿拉伯・蘇菲、韓國
HIP 24331,恆星,4.48,78.3229,+2.8613,05h13m17.5s,+02°51′40.5″,,中國(具名)
HIP 24340,恆星,4.82,78.3571,+38.4842,05h13m25.7s,+38°29′03.0″,Alhiba I,中國、中國(具名)、韓國
HIP 24348,恆星,6.48,78.3798,+62.6911,05h13m31.2s,+62°41′28.1″,,中國、中國(具名)
HIP 24372,恆星,4.80,78.4396,-67.1851,05h13m45.5s,-67°11′06.3″,,中國、中國(具名)
HIP 24436,恆星,0.13,78.6345,-8.2016,05h14m32.3s,-08°12′05.9″,Rigel,中國、中國(具名)、印度吠陀(具名)、呂埃勒、圖皮-瓜拉尼、埃及、夏威夷星線、夏威夷星線(具名)、布吉斯、布吉斯(具名)、日本月站、東加(具名)、毛利(具名)、白俄羅斯、納瓦荷、羅馬尼亞、薩丁尼亞、西方/現代(星群)、西方/現代88星座、阿拉伯・古代、阿拉伯・古代(具名)、阿拉伯・月站、阿拉伯・月站(具名)、阿拉伯・蘇菲、阿拉伯・蘇菲(具名)、阿拉伯・阿拉伯半島、阿拉伯・阿拉伯半島(具名)、韓國、韓國(具名)
HIP 24504,恆星,5.00,78.8515,+32.6877,05h15m24.4s,+32°41′15.6″,,中國、中國(具名)、韓國
HIP 24555,恆星,5.51,79.0172,+11.3413,05h16m04.1s,+11°20′28.8″,,中國(具名)
HIP 24575,恆星,5.96,79.0756,+34.3125,05h16m18.1s,+34°18′45.0″,,韓國
HIP 24608,恆星,0.08,79.1728,+45.9961,05h16m41.5s,+45°59′45.9″,Capella,中國、中國(具名)、北歐、印度吠陀(具名)、呂埃勒、因紐特、夏威夷星線、夏威夷星線(具名)、白俄羅斯、白俄羅斯(具名)、羅馬尼亞、薩丁尼亞、薩米、西方/現代(星群)、西方/現代88星座、阿拉伯・古代、阿拉伯・古代(具名)、阿拉伯・月站(具名)、阿拉伯・蘇菲、阿拉伯・蘇菲(具名)、阿拉伯・阿拉伯半島(具名)、韓國、韓國(具名)
HIP 24674,恆星,3.59,79.4015,-6.8445,05h17m36.4s,-06°50′40.0″,,中國、中國(具名)、羅馬尼亞、阿拉伯・古代、阿拉伯・蘇菲、阿拉伯・蘇菲(星群)、韓國
HIP 24727,恆星,4.55,79.5442,+33.3709,05h18m10.6s,+33°22′15.2″,,中國(具名)、西方/現代(星群)、韓國
HIP 24740,恆星,6.14,79.5788,+33.7672,05h18m18.9s,+33°46′02.0″,,中國(具名)、西方/現代(星群)
HIP 24748,恆星,7.72,79.6013,+47.0482,05h18m24.3s,+47°02′53.5″,,中國(具名)
HIP 24799,恆星,5.37,79.7502,+33.7483,05h19m00.0s,+33°44′53.8″,,西方/現代(星群)、韓國
HIP 24813,恆星,4.71,79.7883,+40.0961,05h19m09.2s,+40°05′46.0″,Alhiba II,中國、中國(具名)、韓國
HIP 24817,恆星,5.33,79.7967,+2.5956,05h19m11.2s,+02°35′44.2″,,中國(具名)
HIP 24822,恆星,4.95,79.8192,+22.0962,05h19m16.6s,+22°05′46.2″,,中國、中國(具名)、韓國
HIP 24832,恆星,6.49,79.8491,+33.9853,05h19m23.8s,+33°59′07.2″,,西方/現代(星群)
HIP 24836,恆星,6.12,79.8661,+58.1173,05h19m27.9s,+58°07′02.2″,,中國(具名)
HIP 24845,恆星,4.29,79.8939,-13.1768,05h19m34.5s,-13°10′36.4″,,中國、中國(具名)、西方/現代88星座、阿拉伯・蘇菲、韓國
HIP 24873,恆星,5.28,79.9959,-12.3156,05h19m59.0s,-12°18′56.0″,,中國、中國(具名)、西方/現代88星座、阿拉伯・蘇菲、韓國
HIP 24879,恆星,5.03,80.0038,+33.9580,05h20m00.9s,+33°57′28.9″,,中國、中國(具名)、西方/現代(星群)、韓國
HIP 25028,恆星,5.68,80.3827,-0.4165,05h21m31.8s,-00°24′59.3″,,中國(具名)
HIP 25044,恆星,4.74,80.4406,-0.3825,05h21m45.7s,-00°22′56.9″,,中國(具名)
HIP 25048,恆星,5.21,80.4518,+41.8044,05h21m48.4s,+41°48′15.9″,,中國、中國(具名)、韓國
HIP 25110,恆星,5.06,80.6378,+79.2319,05h22m33.1s,+79°13′54.7″,,中國、中國(具名)、西方/現代88星座、韓國
HIP 25142,恆星,5.00,80.7083,+3.5444,05h22m50.0s,+03°32′40.0″,,中國(具名)、阿拉伯・蘇菲
HIP 25197,恆星,5.25,80.8661,+57.5442,05h23m27.9s,+57°32′39.0″,,中國(具名)、韓國
HIP 25202,恆星,5.23,80.8757,-13.9274,05h23m30.2s,-13°55′38.5″,,中國(具名)
HIP 25247,恆星,4.12,80.9867,-7.8083,05h23m56.8s,-07°48′29.7″,,中國(具名)、埃及、羅馬尼亞
HIP 25278,恆星,4.97,81.1073,+17.3835,05h24m25.7s,+17°23′00.6″,,韓國
HIP 25281,恆星,3.59,81.1192,-2.3972,05h24m28.6s,-02°23′49.7″,Saif al Jabbar,中國(具名)、呂埃勒、埃及、東加、納瓦荷、西方/現代(星群)、阿拉伯・蘇菲
HIP 25282,恆星,5.07,81.1204,-0.8907,05h24m28.9s,-00°53′26.6″,,中國(具名)
HIP 25292,恆星,5.00,81.1631,+37.3853,05h24m39.1s,+37°23′07.1″,Alhiba III,中國、中國(具名)
HIP 25302,恆星,4.96,81.1868,+1.8464,05h24m44.8s,+01°50′47.2″,,中國(具名)
HIP 25336,恆星,1.64,81.2827,+6.3496,05h25m07.9s,+06°20′58.7″,Bellatrix,中國、中國(具名)、印度吠陀(具名)、呂埃勒、因紐特、圖卡諾、圖皮-瓜拉尼、夏威夷星線、夏威夷星線(具名)、布吉斯、日本月站、東加(具名)、白俄羅斯、納瓦荷、羅馬尼亞、薩丁尼亞、西方/現代(星群)、西方/現代88星座、阿拉伯・古代、阿拉伯・古代(具名)、阿拉伯・月站、阿拉伯・月站(具名)、阿拉伯・蘇菲、阿拉伯・阿拉伯半島、韓國、韓國(具名)
HIP 25410,恆星,6.23,81.5238,+16.7001,05h26m05.7s,+16°42′00.5″,,中國(具名)
HIP 25428,恆星,1.65,81.5731,+28.6067,05h26m17.5s,+28°36′24.0″,Elnath,中國、中國(具名)、北歐、印度吠陀(具名)、呂埃勒、夏威夷星線、夏威夷星線(具名)、薩丁尼亞、薩米、西方/現代88星座、阿拉伯・古代、阿拉伯・古代(具名)、阿拉伯・月站(具名)、阿拉伯・蘇菲、阿拉伯・蘇菲(星群)、韓國、韓國(具名)
HIP 25473,恆星,4.61,81.7093,+3.0957,05h26m50.2s,+03°05′44.4″,,中國(具名)、阿拉伯・蘇菲
HIP 25492,恆星,5.72,81.7845,+30.2086,05h27m08.3s,+30°12′30.9″,,韓國
HIP 25539,恆星,4.87,81.9087,+21.9369,05h27m38.1s,+21°56′13.0″,,中國(具名)、韓國
HIP 25541,恆星,5.06,81.9120,+34.4757,05h27m38.9s,+34°28′32.5″,,中國、中國(具名)、阿拉伯・蘇菲
HIP 25555,恆星,5.51,81.9401,+15.8740,05h27m45.6s,+15°52′26.2″,,韓國
HIP 25606,恆星,2.84,82.0613,-20.7598,05h28m14.7s,-20°45′35.3″,Nihal,中國、中國(具名)、呂埃勒、埃及、西方/現代88星座、阿拉伯・古代、阿拉伯・蘇菲、阿拉伯・蘇菲(星群)、韓國
HIP 25695,恆星,5.84,82.3188,+25.1500,05h29m16.5s,+25°09′00.2″,,中國、中國(具名)
HIP 25737,恆星,4.71,82.4333,-1.0924,05h29m44.0s,-01°05′32.5″,,中國(具名)
HIP 25810,恆星,6.38,82.6880,+39.8257,05h30m45.1s,+39°49′32.7″,,中國、中國(具名)
HIP 25813,恆星,4.46,82.6961,+5.9480,05h30m47.1s,+05°56′52.7″,,中國(具名)
HIP 25853,恆星,5.53,82.7818,-20.8638,05h31m07.6s,-20°51′49.8″,,中國(具名)
HIP 25859,恆星,3.87,82.8033,-35.4707,05h31m12.8s,-35°28′14.3″,,中國、中國(具名)、埃及、羅馬尼亞、西方/現代88星座、阿拉伯・古代、阿拉伯・蘇菲(星群)、韓國
HIP 25861,恆星,5.74,82.8106,+3.2921,05h31m14.5s,+03°17′31.7″,,中國(具名)
HIP 25918,恆星,5.20,82.9728,-76.3397,05h31m53.5s,-76°20′23.0″,,西方/現代88星座
HIP 25923,恆星,4.63,82.9827,-7.3016,05h31m55.9s,-07°18′05.6″,Thabit,中國(具名)、白俄羅斯、羅馬尼亞、阿拉伯・蘇菲
HIP 25930,恆星,2.41,83.0017,-0.2991,05h32m00.4s,-00°17′56.7″,Mintaka,中國、中國(具名)、北歐、印度吠陀(具名)、呂埃勒、因紐特、圖卡諾、圖皮-瓜拉尼、埃及、夏威夷星線、夏威夷星線(具名)、布吉斯、日本月站、曼達爾、東加、毛利、白俄羅斯、納瓦荷、羅馬尼亞、薩丁尼亞、薩米、西伯利亞、西方/現代(星群)、西方/現代88星座、阿努塔、阿拉伯・古代、阿拉伯・月站、阿拉伯・蘇菲、阿拉伯・蘇菲(星群)、阿拉伯・阿拉伯半島、韓國、韓國(具名)
HIP 25945,恆星,4.33,83.0531,+18.5942,05h32m12.8s,+18°35′39.2″,The Ruby Star,韓國
HIP 25973,恆星,6.44,83.1417,+57.2201,05h32m34.0s,+57°13′12.3″,,中國(具名)
HIP 25984,恆星,4.79,83.1820,+32.1920,05h32m43.7s,+32°11′31.2″,,中國、中國(具名)、阿拉伯・蘇菲、韓國
HIP 25985,恆星,2.57,83.1826,-17.8223,05h32m43.8s,-17°49′20.2″,Arneb,中國、中國(具名)、呂埃勒、埃及、西方/現代88星座、阿拉伯・古代、阿拉伯・蘇菲、阿拉伯・蘇菲(星群)、韓國
HIP 26069,恆星,3.76,83.4063,-62.4898,05h33m37.5s,-62°29′23.2″,,中國、中國(具名)、呂埃勒、西方/現代88星座
HIP 26126,恆星,5.33,83.5698,+3.7668,05h34m16.7s,+03°46′00.6″,,中國(具名)
HIP 26173,恆星,6.70,83.7000,-7.2004,05h34m48.0s,-07°12′01.5″,,白俄羅斯
HIP 26176,恆星,4.41,83.7052,+9.4896,05h34m49.2s,+09°29′22.5″,Heka,中國、中國(具名)、印度(星群)、印度吠陀、日本月站、阿拉伯・古代、阿拉伯・月站、阿拉伯・蘇菲(星群)、阿拉伯・阿拉伯半島、韓國
HIP 26199,恆星,4.72,83.7612,-6.0020,05h35m02.7s,-06°00′07.3″,,納瓦荷、羅馬尼亞
HIP 26207,恆星,3.47,83.7845,+9.9342,05h35m08.3s,+09°56′02.9″,Meissa,中國、中國(具名)、印度(星群)、印度吠陀、呂埃勒、日本月站、白俄羅斯、納瓦荷、薩丁尼亞、西方/現代88星座、阿拉伯・古代、阿拉伯・月站、阿拉伯・蘇菲、阿拉伯・蘇菲(星群)、阿拉伯・阿拉伯半島、韓國
HIP 26221,恆星,5.13,83.8186,-5.3897,05h35m16.5s,-05°23′22.9″,Becklin's Star,西方/現代(星群)、阿拉伯・蘇菲、韓國
HIP 26224,恆星,6.70,83.8219,-5.3879,05h35m17.3s,-05°23′16.6″,,中國(具名)
HIP 26234,恆星,6.50,83.8430,-4.4243,05h35m22.3s,-04°25′27.5″,,埃及
HIP 26235,恆星,6.39,83.8454,-5.4161,05h35m22.9s,-05°24′57.8″,Mizan Batil II,中國、中國(具名)、羅馬尼亞、阿拉伯・古代、阿拉伯・蘇菲(星群)
HIP 26237,恆星,4.59,83.8465,-4.8384,05h35m23.2s,-04°50′18.1″,Mizan Batil I,中國、中國(具名)、東加、羅馬尼亞、西方/現代(星群)、阿拉伯・古代、阿拉伯・蘇菲、阿拉伯・蘇菲(星群)、韓國
HIP 26241,恆星,2.77,83.8583,-5.9099,05h35m26.0s,-05°54′35.6″,Hatysa,中國、中國(具名)、因紐特(具名)、東加、西伯利亞、西方/現代(星群)、阿拉伯・古代、阿拉伯・蘇菲、阿拉伯・蘇菲(星群)、韓國
HIP 26248,恆星,5.38,83.8631,+24.0395,05h35m27.1s,+24°02′22.3″,,中國(具名)、韓國
HIP 26258,恆星,6.83,83.8807,-5.2674,05h35m31.4s,-05°16′02.6″,,東加
HIP 26263,恆星,6.41,83.8996,-3.2528,05h35m35.9s,-03°15′10.2″,,東加、白俄羅斯
HIP 26268,恆星,5.23,83.9145,-4.8560,05h35m39.5s,-04°51′21.7″,,中國(具名)、西伯利亞
HIP 26311,恆星,1.69,84.0534,-1.2019,05h36m12.8s,-01°12′06.9″,Alnilam,中國、中國(具名)、北歐、印度吠陀(具名)、呂埃勒、因紐特、圖卡諾、圖皮-瓜拉尼、埃及、夏威夷星線、夏威夷星線(具名)、布吉斯、日本月站、曼達爾、東加、毛利、白俄羅斯、納瓦荷、羅馬尼亞、薩丁尼亞、薩米、西伯利亞、西方/現代(星群)、西方/現代88星座、阿努塔、阿拉伯・古代、阿拉伯・月站、阿拉伯・蘇菲、阿拉伯・蘇菲(星群)、阿拉伯・阿拉伯半島、韓國
HIP 26315,恆星,6.09,84.0666,+47.7152,05h36m16.0s,+47°42′54.7″,,阿拉伯・蘇菲
HIP 26344,恆星,5.72,84.1467,+54.4286,05h36m35.2s,+54°25′43.0″,,阿拉伯・蘇菲
HIP 26366,恆星,4.09,84.2271,+9.2893,05h36m54.5s,+09°17′21.5″,,中國、中國(具名)、印度(星群)、印度吠陀、日本月站、阿拉伯・古代、阿拉伯・古代(具名)、阿拉伯・月站、阿拉伯・月站(具名)、阿拉伯・蘇菲(星群)、阿拉伯・阿拉伯半島、韓國
HIP 26408,恆星,6.18,84.3128,+64.1544,05h37m15.1s,+64°09′15.8″,,中國(具名)
HIP 26444,恆星,7.64,84.4049,+6.1116,05h37m37.2s,+06°06′41.8″,,阿拉伯・古代、阿拉伯・月站
HIP 26451,恆星,3.03,84.4112,+21.1425,05h37m38.7s,+21°08′32.8″,Tianguan,中國、中國(具名)、呂埃勒、西方/現代88星座、阿拉伯・蘇菲、韓國
HIP 26487,恆星,5.85,84.5047,+7.5413,05h38m01.1s,+07°32′28.9″,,阿拉伯・古代、阿拉伯・月站、阿拉伯・阿拉伯半島
HIP 26536,恆星,5.41,84.6586,+30.4924,05h38m38.1s,+30°29′32.5″,,中國、中國(具名)、韓國
HIP 26549,恆星,3.79,84.6865,-2.6001,05h38m44.8s,-02°36′00.3″,,中國(具名)、東加
HIP 26563,恆星,4.80,84.7211,-7.2130,05h38m53.1s,-07°12′47.0″,Mizan Batil III,中國(具名)、白俄羅斯、阿拉伯・蘇菲
HIP 26594,恆星,4.59,84.7964,+4.1215,05h39m11.1s,+04°07′17.3″,,中國(具名)、圖卡諾、埃及
HIP 26634,恆星,2.65,84.9123,-34.0742,05h39m38.9s,-34°04′27.2″,Phact,中國、中國(具名)、呂埃勒、羅馬尼亞、西方/現代(星群)、西方/現代88星座、阿拉伯・古代、韓國
HIP 26640,恆星,5.17,84.9342,+25.8970,05h39m44.2s,+25°53′49.2″,,中國、中國(具名)
HIP 26700,恆星,6.85,85.1208,+61.9489,05h40m29.0s,+61°56′56.1″,,中國(具名)
HIP 26727,恆星,1.77,85.1897,-1.9426,05h40m45.5s,-01°56′33.2″,Alnitak,中國、中國(具名)、北歐、印度吠陀(具名)、呂埃勒、因紐特、圖卡諾、圖皮-瓜拉尼、埃及、夏威夷星線、夏威夷星線(具名)、布吉斯、日本月站、曼達爾、東加、毛利、白俄羅斯、納瓦荷、羅馬尼亞、薩丁尼亞、薩米、西伯利亞、西方/現代(星群)、西方/現代88星座、阿努塔、阿拉伯・古代、阿拉伯・月站、阿拉伯・蘇菲、阿拉伯・蘇菲(星群)、阿拉伯・阿拉伯半島、韓國
HIP 26777,恆星,4.84,85.3238,+16.5341,05h41m17.7s,+16°32′02.6″,,中國(具名)、韓國
HIP 26865,恆星,5.89,85.5582,-22.3737,05h42m14.0s,-22°22′25.2″,,中國(具名)
HIP 26885,恆星,4.90,85.6191,+1.4746,05h42m28.6s,+01°28′28.4″,,中國(具名)、圖卡諾
HIP 26925,恆星,6.65,85.7236,+18.9803,05h42m53.7s,+18°58′49.1″,,中國(具名)
HIP 26942,恆星,6.04,85.7571,+56.5817,05h43m01.7s,+56°34′53.9″,,中國(具名)
HIP 27046,恆星,6.16,86.0351,+61.4765,05h44m08.4s,+61°28′35.5″,,中國(具名)
HIP 27072,恆星,3.60,86.1144,-22.4500,05h44m27.5s,-22°27′00.1″,Kursi al Jabbar,中國、中國(具名)、呂埃勒、埃及、西方/現代88星座、阿拉伯・古代、阿拉伯・蘇菲、阿拉伯・蘇菲(星群)、韓國
HIP 27100,恆星,4.36,86.1929,-65.7355,05h44m46.3s,-65°44′07.7″,,中國、中國(具名)、西方/現代88星座
HIP 27106,恆星,7.02,86.2219,+16.0860,05h44m53.2s,+16°05′09.7″,,中國(具名)
HIP 27196,恆星,5.46,86.4751,+49.8263,05h45m54.0s,+49°49′34.6″,,中國(具名)
HIP 27204,恆星,5.18,86.4996,-32.3065,05h45m59.9s,-32°18′23.5″,,中國、中國(具名)、阿拉伯・蘇菲(星群)
HIP 27249,恆星,5.93,86.6268,+56.1153,05h46m30.4s,+56°06′55.1″,,中國、中國(具名)
HIP 27265,恆星,5.99,86.6896,+15.8225,05h46m45.5s,+15°49′20.9″,,中國(具名)
HIP 27283,恆星,6.79,86.7276,+56.9238,05h46m54.6s,+56°55′25.7″,,中國(具名)
HIP 27288,恆星,3.52,86.7389,-14.8220,05h46m57.3s,-14°49′19.0″,,中國(具名)、呂埃勒、西方/現代88星座、阿拉伯・蘇菲
HIP 27316,恆星,5.72,86.8048,+14.4881,05h47m13.2s,+14°29′17.3″,,中國(具名)
HIP 27321,恆星,3.86,86.8212,-51.0661,05h47m17.1s,-51°03′58.1″,,中國(具名)、西方/現代88星座
HIP 27338,恆星,5.46,86.8591,+17.7291,05h47m26.2s,+17°43′44.8″,,中國(具名)
HIP 27364,恆星,5.29,86.9288,+13.8995,05h47m42.9s,+13°53′58.4″,,中國(具名)
HIP 27366,恆星,2.06,86.9391,-9.6696,05h47m45.4s,-09°40′10.6″,Saiph,中國、中國(具名)、印度吠陀(具名)、呂埃勒、圖皮-瓜拉尼、埃及、夏威夷星線、夏威夷星線(具名)、布吉斯、白俄羅斯、納瓦荷、羅馬尼亞、薩丁尼亞、西方/現代(星群)、西方/現代88星座、阿拉伯・古代、阿拉伯・月站、阿拉伯・蘇菲、阿拉伯・阿拉伯半島、阿拉伯・阿拉伯半島(具名)、韓國、韓國(具名)
HIP 27386,恆星,5.95,87.0010,+6.4540,05h48m00.2s,+06°27′14.6″,,中國(具名)
HIP 27468,恆星,4.87,87.2540,+24.5674,05h49m01.0s,+24°34′02.6″,,中國(具名)、呂埃勒、韓國
HIP 27483,恆星,4.50,87.2933,+39.1810,05h49m10.4s,+39°10′51.5″,,中國、中國(具名)、韓國
HIP 27530,恆星,4.49,87.4576,-56.1670,05h49m49.8s,-56°10′01.2″,,西方/現代88星座
HIP 27581,恆星,5.52,87.6205,+14.3054,05h50m28.9s,+14°18′19.6″,,中國(具名)
HIP 27592,恆星,6.59,87.6410,+56.9189,05h50m33.8s,+56°55′08.1″,,中國(具名)
HIP 27628,恆星,3.12,87.7403,-35.7665,05h50m57.7s,-35°45′59.4″,Wazn,中國、中國(具名)、呂埃勒、西方/現代88星座、阿拉伯・古代、韓國
HIP 27639,恆星,4.74,87.7604,+37.3054,05h51m02.5s,+37°18′19.3″,,中國、中國(具名)、韓國
HIP 27654,恆星,3.85,87.8315,-20.8820,05h51m19.6s,-20°52′55.1″,Arsh al Jauzah,中國、中國(具名)、呂埃勒、西方/現代88星座、阿拉伯・古代、阿拉伯・蘇菲、阿拉伯・蘇菲(星群)、韓國
HIP 27658,恆星,5.34,87.8416,-7.5180,05h51m22.0s,-07°31′04.8″,,中國(具名)
HIP 27673,恆星,3.95,87.8724,+39.1485,05h51m29.4s,+39°08′54.7″,,中國、中國(具名)、阿拉伯・蘇菲、韓國
HIP 27731,恆星,6.13,88.0719,+58.9640,05h52m17.3s,+58°57′50.4″,,中國(具名)
HIP 27743,恆星,5.59,88.0928,+14.1718,05h52m22.3s,+14°10′18.4″,,中國(具名)
HIP 27750,恆星,4.75,88.1101,+1.8551,05h52m26.4s,+01°51′18.4″,,中國(具名)
HIP 27766,恆星,5.62,88.1384,-37.6312,05h52m33.2s,-37°37′52.3″,,羅馬尼亞
HIP 27810,恆星,4.87,88.2787,-33.8012,05h53m06.9s,-33°48′04.4″,,中國、中國(具名)、阿拉伯・蘇菲(星群)
HIP 27830,恆星,4.55,88.3319,+27.6122,05h53m19.7s,+27°36′44.0″,,中國、中國(具名)、韓國
HIP 27890,恆星,4.66,88.5267,-63.0873,05h54m06.4s,-63°05′14.4″,,西方/現代88星座
HIP 27913,恆星,4.40,88.5948,+20.2759,05h54m22.8s,+20°16′33.1″,,中國、中國(具名)、西方/現代(星群)、西方/現代88星座、阿拉伯・蘇菲、韓國
HIP 27949,恆星,4.96,88.7115,+55.7070,05h54m50.8s,+55°42′25.3″,,中國、中國(具名)、呂埃勒、阿拉伯・蘇菲
HIP 27965,恆星,5.89,88.7362,+19.7496,05h54m56.7s,+19°44′58.5″,,中國(具名)
HIP 27971,恆星,5.20,88.7409,+59.8883,05h54m57.8s,+59°53′17.8″,,中國、中國(具名)
HIP 27989,恆星,0.42,88.7931,+7.4071,05h55m10.3s,+07°24′25.6″,Betelgeuse,中國、中國(具名)、印度(星群)、印度吠陀、印度吠陀(具名)、呂埃勒、因紐特、圖卡諾、圖皮-瓜拉尼、埃及、夏威夷星線、夏威夷星線(具名)、日本月站、東加(具名)、白俄羅斯、納瓦荷、薩丁尼亞、西方/現代(星群)、西方/現代88星座、阿拉伯・古代、阿拉伯・古代(具名)、阿拉伯・月站、阿拉伯・月站(具名)、阿拉伯・蘇菲、阿拉伯・蘇菲(具名)、阿拉伯・阿拉伯半島、阿拉伯・阿拉伯半島(具名)、韓國、韓國(具名)
HIP 28103,恆星,3.72,89.1010,-14.1671,05h56m24.2s,-14°10′01.5″,,中國(具名)、埃及、西方/現代88星座、阿拉伯・蘇菲
HIP 28199,恆星,4.36,89.3842,-35.2832,05h57m32.2s,-35°16′59.6″,,中國(具名)、羅馬尼亞、西方/現代88星座、阿拉伯・蘇菲(星群)
HIP 28237,恆星,4.82,89.4986,+25.9539,05h57m59.7s,+25°57′14.1″,,中國、中國(具名)、韓國
HIP 28271,恆星,5.89,89.6019,+1.8371,05h58m24.5s,+01°50′13.5″,,中國(具名)
HIP 28321,恆星,6.16,89.7546,-9.3822,05h59m01.1s,-09°22′55.8″,,中國(具名)
HIP 28325,恆星,5.03,89.7680,-9.5585,05h59m04.3s,-09°33′30.4″,,中國(具名)
HIP 28328,恆星,3.96,89.7868,-42.8152,05h59m08.8s,-42°48′54.7″,,中國(具名)、西方/現代88星座、阿拉伯・蘇菲
HIP 28358,恆星,3.72,89.8824,+54.2841,05h59m31.8s,+54°17′02.8″,,中國、中國(具名)、呂埃勒、阿拉伯・古代、阿拉伯・蘇菲、阿拉伯・蘇菲(星群)、韓國
HIP 28360,恆星,1.90,89.8843,+44.9439,05h59m32.2s,+44°56′38.1″,Menkalinan,中國、中國(具名)、北歐、呂埃勒、因紐特、夏威夷星線、夏威夷星線(具名)、薩丁尼亞、西方/現代88星座、阿拉伯・古代、阿拉伯・古代(具名)、阿拉伯・月站(具名)、阿拉伯・蘇菲、阿拉伯・蘇菲(星群)、韓國、韓國(具名)
HIP 28380,恆星,2.62,89.9305,+37.2123,05h59m43.3s,+37°12′44.1″,Mahasim,中國、中國(具名)、北歐、呂埃勒、夏威夷星線、夏威夷星線(具名)、薩丁尼亞、西方/現代88星座、阿拉伯・古代、阿拉伯・古代(具名)、阿拉伯・月站(具名)、阿拉伯・蘇菲、韓國、韓國(具名)
HIP 28385,恆星,6.41,89.9409,+55.3205,05h59m45.8s,+55°19′13.6″,,中國(具名)
HIP 28404,恆星,4.25,89.9837,+45.9367,05h59m56.1s,+45°56′12.1″,,中國(具名)
HIP 28413,恆星,4.52,90.0140,-3.0746,06h00m03.4s,-03°04′28.5″,,中國(具名)
HIP 28455,恆星,7.06,90.1179,+22.8996,06h00m28.3s,+22°53′58.7″,,中國(具名)
HIP 28499,恆星,5.71,90.2440,+47.9018,06h00m58.6s,+47°54′06.6″,,中國(具名)
HIP 28561,恆星,6.36,90.4234,+22.4010,06h01m41.6s,+22°24′03.4″,,中國(具名)
HIP 28574,恆星,5.01,90.4601,-10.5979,06h01m50.4s,-10°35′52.5″,,中國(具名)
HIP 28614,恆星,4.71,90.5959,+9.6472,06h02m23.0s,+09°38′49.8″,,中國(具名)、呂埃勒、納瓦荷、西方/現代88星座、阿拉伯・蘇菲
HIP 28677,恆星,6.09,90.8255,+42.9109,06h03m18.1s,+42°54′39.2″,,中國(具名)
HIP 28686,恆星,6.08,90.8532,+11.6810,06h03m24.8s,+11°40′51.8″,,納瓦荷
HIP 28691,恆星,5.13,90.8641,+19.6905,06h03m27.4s,+19°41′25.7″,,中國(具名)、西方/現代88星座
HIP 28716,恆星,4.63,90.9799,+20.1384,06h03m55.2s,+20°08′18.4″,,中國、中國(具名)、西方/現代(星群)、阿拉伯・蘇菲、韓國
HIP 28734,恆星,4.15,91.0300,+23.2629,06h04m07.2s,+23°15′46.6″,,中國、中國(具名)、白俄羅斯、西方/現代88星座、阿拉伯・蘇菲(星群)
HIP 28812,恆星,5.66,91.2424,+5.4200,06h04m58.2s,+05°25′11.9″,,中國(具名)
HIP 28814,恆星,5.62,91.2432,+4.1586,06h04m58.4s,+04°09′31.1″,,中國(具名)
HIP 28816,恆星,4.93,91.2463,-16.4845,06h04m59.1s,-16°29′04.0″,,中國(具名)、韓國
HIP 28823,恆星,5.89,91.2638,+42.9810,06h05m03.3s,+42°58′51.5″,,中國(具名)
HIP 28910,恆星,4.66,91.5388,-14.9352,06h06m09.3s,-14°56′06.7″,,中國(具名)、西方/現代88星座、韓國
HIP 28946,恆星,5.34,91.6463,+38.4824,06h06m35.1s,+38°28′56.7″,,中國(具名)
HIP 29034,恆星,4.99,91.8818,-37.2529,06h07m31.6s,-37°15′10.5″,Elkurud,中國、中國(具名)、阿拉伯・蘇菲(星群)
HIP 29038,恆星,4.40,91.8931,+14.7684,06h07m34.3s,+14°46′06.2″,,中國、中國(具名)、西方/現代(星群)、西方/現代88星座、阿拉伯・蘇菲、韓國
HIP 29048,恆星,5.28,91.9236,-19.1656,06h07m41.7s,-19°09′56.2″,,中國(具名)、韓國
HIP 29118,恆星,6.90,92.1059,-11.1464,06h08m25.4s,-11°08′46.9″,,中國(具名)
HIP 29134,恆星,5.04,92.1838,-68.8433,06h08m44.1s,-68°50′36.0″,,中國、中國(具名)
HIP 29138,恆星,6.55,92.1960,+8.6694,06h08m47.0s,+08°40′09.8″,,納瓦荷
HIP 29151,恆星,5.73,92.2413,+2.4996,06h08m57.9s,+02°29′58.6″,,西方/現代88星座
HIP 29246,恆星,5.36,92.4960,+58.9358,06h09m59.0s,+58°56′08.8″,,中國(具名)
HIP 29388,恆星,6.15,92.9026,+48.7107,06h11m36.6s,+48°42′38.7″,,中國(具名)
HIP 29426,恆星,4.48,92.9850,+14.2087,06h11m56.4s,+14°12′31.2″,,中國、中國(具名)、西方/現代(星群)、西方/現代88星座、阿拉伯・蘇菲、韓國
HIP 29433,恆星,5.75,93.0056,+19.7905,06h12m01.3s,+19°47′25.8″,,中國(具名)
HIP 29434,恆星,4.92,93.0137,+16.1303,06h12m03.3s,+16°07′49.2″,,中國、中國(具名)、西方/現代(星群)、阿拉伯・蘇菲、韓國
HIP 29490,恆星,5.34,93.2128,+65.7183,06h12m51.1s,+65°43′05.8″,,中國(具名)
HIP 29508,恆星,6.57,93.2475,+10.2874,06h12m59.4s,+10°17′14.6″,,納瓦荷
HIP 29650,恆星,5.17,93.7115,+19.1556,06h14m50.8s,+19°09′20.3″,,中國(具名)、韓國
HIP 29651,恆星,3.96,93.7139,-6.2749,06h14m51.3s,-06°16′29.5″,,中國(具名)、埃及、西方/現代88星座、韓國
HIP 29655,恆星,3.28,93.7191,+22.5068,06h14m52.6s,+22°30′24.3″,Propus,中國、中國(具名)、白俄羅斯、西方/現代88星座、阿拉伯・古代、阿拉伯・古代(具名)、阿拉伯・月站、阿拉伯・月站(具名)、阿拉伯・蘇菲、阿拉伯・蘇菲(星群)、韓國
HIP 29696,恆星,4.35,93.8442,+29.4969,06h15m22.6s,+29°29′48.9″,,中國(具名)、韓國
HIP 29704,恆星,5.33,93.8547,+16.1431,06h15m25.1s,+16°08′35.2″,,中國、中國(具名)、阿拉伯・蘇菲、韓國
HIP 29730,恆星,5.35,93.9191,+59.9989,06h15m40.6s,+59°59′55.9″,,中國(具名)
HIP 29736,恆星,5.47,93.9373,+12.5511,06h15m45.0s,+12°33′03.8″,,中國(具名)
HIP 29800,恆星,5.01,94.1113,+12.2730,06h16m26.7s,+12°16′22.8″,,中國(具名)、阿拉伯・蘇菲
HIP 29807,恆星,4.37,94.1381,-35.1401,06h16m33.1s,-35°08′24.4″,Kurud II,中國、中國(具名)、羅馬尼亞、西方/現代88星座、阿拉伯・蘇菲(星群)
HIP 29840,恆星,6.25,94.2446,+23.7409,06h16m58.7s,+23°44′27.3″,,中國(具名)
HIP 29850,恆星,5.39,94.2776,+9.9421,06h17m06.6s,+09°56′31.6″,,中國(具名)
HIP 29884,恆星,6.53,94.3941,+46.4240,06h17m34.6s,+46°25′26.4″,,中國(具名)
HIP 29885,恆星,6.75,94.3963,-10.7250,06h17m35.1s,-10°43′29.9″,,中國(具名)
HIP 29919,恆星,5.05,94.4783,+61.5153,06h17m54.8s,+61°30′55.0″,,中國(具名)
HIP 29941,恆星,5.50,94.5572,-19.9669,06h18m13.7s,-19°58′01.0″,,韓國
HIP 29949,恆星,6.32,94.5703,+46.3599,06h18m16.9s,+46°21′35.5″,,中國(具名)
HIP 29997,恆星,4.76,94.7116,+69.3193,06h18m50.8s,+69°19′09.4″,,中國(具名)、阿拉伯・蘇菲(星群)、韓國
HIP 30060,恆星,4.43,94.9057,+59.0111,06h19m37.4s,+59°00′39.9″,,中國(具名)、呂埃勒、西方/現代88星座
HIP 30073,恆星,5.25,94.9283,-7.8229,06h19m42.8s,-07°49′22.5″,,中國(具名)
HIP 30122,恆星,2.99,95.0783,-30.0633,06h20m18.8s,-30°03′48.1″,Furud,中國(具名)、呂埃勒、羅馬尼亞、西方/現代88星座、阿拉伯・古代、阿拉伯・蘇菲、阿拉伯・蘇菲(星群)、韓國
HIP 30247,恆星,5.33,95.4424,+53.4518,06h21m46.2s,+53°27′06.4″,,中國(具名)
HIP 30272,恆星,6.07,95.5148,+59.3721,06h22m03.5s,+59°22′19.6″,,中國(具名)
HIP 30277,恆星,3.85,95.5283,-33.4366,06h22m06.8s,-33°26′11.9″,,中國(具名)、呂埃勒、西方/現代88星座、阿拉伯・古代、阿拉伯・蘇菲(星群)、韓國
HIP 30278,恆星,7.21,95.5337,+61.7595,06h22m08.1s,+61°45′34.0″,,中國(具名)
HIP 30324,恆星,1.97,95.6749,-17.9559,06h22m42.0s,-17°57′21.3″,Mirzam,中國、中國(具名)、呂埃勒、埃及、夏威夷星線、夏威夷星線(具名)、羅馬尼亞、西方/現代88星座、阿拉伯・古代(具名)、阿拉伯・月站(具名)、阿拉伯・蘇菲、韓國
HIP 30343,恆星,2.87,95.7404,+22.5131,06h22m57.7s,+22°30′47.2″,Tejat,中國、中國(具名)、呂埃勒、日本月站、白俄羅斯、羅馬尼亞、西方/現代88星座、阿拉伯・古代、阿拉伯・古代(具名)、阿拉伯・月站、阿拉伯・月站(具名)、阿拉伯・蘇菲、阿拉伯・蘇菲(星群)、韓國
HIP 30419,恆星,4.40,95.9420,+4.5929,06h23m46.1s,+04°35′34.5″,,中國、中國(具名)、西方/現代88星座、阿拉伯・古代、阿拉伯・月站、阿拉伯・蘇菲(星群)、韓國
HIP 30438,恆星,-0.74,95.9881,-52.6956,06h23m57.1s,-52°41′44.0″,Canopus,中國、中國(具名)、印度吠陀(具名)、呂埃勒、夏威夷星線、夏威夷星線(具名)、布吉斯、東加(具名)、毛利(具名)、西方/現代88星座、阿努塔、阿拉伯・古代(具名)、阿拉伯・月站(具名)、阿拉伯・蘇菲、阿拉伯・蘇菲(具名)、阿拉伯・阿拉伯半島(具名)、韓國
HIP 30457,恆星,5.21,96.0427,-11.5302,06h24m10.3s,-11°31′48.8″,,韓國
HIP 30520,恆星,4.75,96.2246,+49.2879,06h24m53.9s,+49°17′16.4″,Dolones I,中國(具名)
HIP 30679,恆星,5.20,96.7036,+58.4174,06h26m48.9s,+58°25′02.6″,,中國(具名)
HIP 30700,恆星,6.47,96.7536,-4.3557,06h27m00.9s,-04°21′20.4″,,中國(具名)
HIP 30717,恆星,5.19,96.8073,+0.2992,06h27m13.8s,+00°17′57.1″,,中國(具名)
HIP 30720,恆星,5.54,96.8150,-0.2760,06h27m15.6s,-00°16′33.7″,,中國(具名)
HIP 30772,恆星,5.04,96.9899,-4.7622,06h27m57.6s,-04°45′43.8″,,中國(具名)、韓國
HIP 30788,恆星,4.48,97.0425,-32.5800,06h28m10.2s,-32°34′47.8″,,中國(具名)、阿拉伯・蘇菲(星群)
HIP 30827,恆星,5.55,97.1420,+30.4930,06h28m34.1s,+30°29′34.7″,,中國(具名)
HIP 30867,恆星,4.60,97.2044,-7.0331,06h28m49.1s,-07°01′59.1″,,中國(具名)、呂埃勒、埃及、西方/現代88星座、韓國
HIP 30883,恆星,4.14,97.2408,+20.2121,06h28m57.8s,+20°12′43.5″,Nucatai,中國、中國(具名)、呂埃勒、日本月站、白俄羅斯、西方/現代88星座、阿拉伯・古代、阿拉伯・古代(具名)、阿拉伯・月站、阿拉伯・月站(具名)、阿拉伯・蘇菲、阿拉伯・蘇菲(星群)、韓國
HIP 30972,恆星,5.87,97.5123,+46.6856,06h30m03.0s,+46°41′08.1″,,中國(具名)
HIP 31039,恆星,5.86,97.6960,+58.1611,06h30m47.0s,+58°09′40.1″,,中國(具名)
HIP 31084,恆星,5.15,97.8462,-12.3921,06h31m23.1s,-12°23′31.5″,,韓國
HIP 31125,恆星,4.33,97.9640,-23.4184,06h31m51.4s,-23°25′06.2″,,中國、中國(具名)、阿拉伯・蘇菲
HIP 31149,恆星,7.28,98.0388,+4.8235,06h32m09.3s,+04°49′24.7″,,中國(具名)
HIP 31159,恆星,5.83,98.0798,+4.8560,06h32m19.2s,+04°51′21.6″,,中國(具名)
HIP 31216,恆星,4.50,98.2259,+7.3329,06h32m54.2s,+07°19′58.6″,,中國、中國(具名)、呂埃勒、阿拉伯・古代、阿拉伯・月站、阿拉伯・蘇菲(星群)、韓國
HIP 31385,恆星,6.46,98.6929,+7.5725,06h34m46.3s,+07°34′20.9″,,中國(具名)
HIP 31404,恆星,6.54,98.7394,+15.3305,06h34m57.5s,+15°19′49.7″,,中國(具名)
HIP 31416,恆星,4.50,98.7642,-22.9647,06h35m03.4s,-22°57′53.0″,,中國(具名)、西方/現代88星座、阿拉伯・蘇菲
HIP 31434,恆星,5.26,98.8003,+28.0223,06h35m12.1s,+28°01′20.1″,,中國(具名)
HIP 31525,恆星,6.72,99.0089,+16.7969,06h36m02.1s,+16°47′48.8″,,中國(具名)
HIP 31526,恆星,6.55,99.0089,+56.3858,06h36m02.1s,+56°23′08.9″,,中國(具名)
HIP 31564,恆星,5.70,99.0952,-18.6598,06h36m22.8s,-18°39′35.4″,,中國(具名)
HIP 31592,恆星,3.91,99.1713,-19.2562,06h36m41.1s,-19°15′22.3″,,中國、中國(具名)、西方/現代88星座、阿拉伯・蘇菲、韓國
HIP 31665,恆星,5.89,99.4099,+56.8576,06h37m38.4s,+56°51′27.3″,,中國(具名)
HIP 31676,恆星,5.94,99.4205,+61.4800,06h37m40.9s,+61°28′48.1″,,中國(具名)
HIP 31681,恆星,1.92,99.4280,+16.3990,06h37m42.7s,+16°23′56.5″,Alhena,中國、中國(具名)、印度吠陀(具名)、呂埃勒、日本月站、白俄羅斯、羅馬尼亞、西方/現代88星座、阿拉伯・古代、阿拉伯・古代(具名)、阿拉伯・月站、阿拉伯・月站(具名)、阿拉伯・蘇菲、阿拉伯・蘇菲(星群)、阿拉伯・阿拉伯半島、韓國
HIP 31685,恆星,3.17,99.4403,-43.1960,06h37m45.7s,-43°11′45.4″,,中國(具名)、呂埃勒、西方/現代88星座、阿拉伯・蘇菲
HIP 31700,恆星,4.43,99.4726,-18.2375,06h37m53.4s,-18°14′15.1″,,中國、中國(具名)、阿拉伯・蘇菲
HIP 31737,恆星,5.74,99.5958,+28.9843,06h38m23.0s,+28°59′03.4″,,中國(具名)
HIP 31763,恆星,6.96,99.6517,+61.4776,06h38m36.4s,+61°28′39.4″,,中國(具名)
HIP 31771,恆星,5.69,99.6646,+39.3904,06h38m39.5s,+39°23′25.3″,,中國、中國(具名)
HIP 31789,恆星,5.33,99.7049,+39.9025,06h38m49.2s,+39°54′09.0″,Dolones II,中國、中國(具名)
HIP 31827,恆星,4.81,99.8197,-14.1458,06h39m16.7s,-14°08′44.8″,,韓國
HIP 31832,恆星,4.82,99.8326,+42.4886,06h39m19.8s,+42°29′19.1″,Dolones III,中國、中國(具名)
HIP 31852,恆星,6.22,99.8880,+28.2631,06h39m33.1s,+28°15′47.1″,,中國(具名)
HIP 31978,恆星,4.68,100.2444,+9.8957,06h40m58.7s,+09°53′44.7″,,中國(具名)、呂埃勒、阿拉伯・古代、阿拉伯・月站、阿拉伯・蘇菲(星群)、韓國
HIP 32104,恆星,5.21,100.6014,+17.6449,06h42m24.3s,+17°38′41.7″,,中國(具名)
HIP 32173,恆星,5.02,100.7704,+44.5243,06h43m04.9s,+44°31′27.5″,Dolones IV,中國、中國(具名)
HIP 32246,恆星,2.98,100.9830,+25.1311,06h43m55.9s,+25°07′51.9″,Mebsuta,中國、中國(具名)、呂埃勒、日本月站、白俄羅斯、羅馬尼亞、西方/現代88星座、阿拉伯・蘇菲、韓國
HIP 32249,恆星,4.49,100.9970,+13.2278,06h43m59.3s,+13°13′40.0″,,中國(具名)
HIP 32292,恆星,5.17,101.1186,-31.0705,06h44m28.5s,-31°04′13.8″,,中國(具名)
HIP 32311,恆星,5.44,101.1894,+28.9708,06h44m45.4s,+28°58′14.9″,,中國(具名)
HIP 32349,恆星,-1.46,101.2846,-16.7216,06h45m08.3s,-16°43′17.6″,Sirius,中國、中國(具名)、印度吠陀(具名)、呂埃勒、因紐特(具名)、埃及、埃及(具名)、夏威夷星線、夏威夷星線(具名)、布吉斯、東加(具名)、毛利(具名)、羅馬尼亞、羅馬尼亞(具名)、薩丁尼亞(具名)、西方/現代(星群)、西方/現代88星座、阿努塔、阿拉伯・古代(具名)、阿拉伯・月站(具名)、阿拉伯・蘇菲、阿拉伯・蘇菲(具名)、阿拉伯・阿拉伯半島(具名)、韓國
HIP 32362,恆星,3.36,101.3218,+12.8947,06h45m17.2s,+12°53′41.1″,Alzirr,中國、中國(具名)、日本月站、白俄羅斯、西方/現代88星座、阿拉伯・古代、阿拉伯・古代(具名)、阿拉伯・月站、阿拉伯・月站(具名)、阿拉伯・蘇菲、阿拉伯・蘇菲(星群)、阿拉伯・阿拉伯半島、韓國
HIP 32404,恆星,6.47,101.4758,+12.6936,06h45m54.2s,+12°41′36.8″,,中國(具名)
HIP 32439,恆星,5.42,101.5565,+79.5621,06h46m13.6s,+79°33′43.7″,,中國、中國(具名)
HIP 32463,恆星,5.92,101.6350,+8.5871,06h46m32.4s,+08°35′13.7″,,中國(具名)
HIP 32480,恆星,5.23,101.6847,+43.5782,06h46m44.3s,+43°34′41.4″,,中國、中國(具名)
HIP 32489,恆星,5.33,101.7064,+57.1690,06h46m49.5s,+57°10′08.4″,,中國(具名)
HIP 32492,恆星,5.27,101.7129,-14.4259,06h46m51.1s,-14°25′33.4″,,中國(具名)
HIP 32504,恆星,6.08,101.7561,-21.0154,06h47m01.5s,-21°00′55.4″,,中國(具名)
HIP 32533,恆星,4.77,101.8325,+8.0372,06h47m19.8s,+08°02′13.9″,,中國、中國(具名)
HIP 32562,恆星,5.22,101.9149,+48.7895,06h47m39.6s,+48°47′22.2″,Dolones VI,中國、中國(具名)
HIP 32578,恆星,4.47,101.9651,+2.4121,06h47m51.6s,+02°24′43.6″,,中國、中國(具名)、呂埃勒
HIP 32607,恆星,3.23,102.0471,-61.9401,06h48m11.3s,-61°56′24.4″,,中國(具名)、西方/現代88星座、阿努塔、阿努塔(具名)
HIP 32759,恆星,3.89,102.4602,-32.5085,06h49m50.4s,-32°30′30.5″,,中國、中國(具名)、阿拉伯・蘇菲、韓國
HIP 32768,恆星,2.93,102.4843,-50.6148,06h49m56.2s,-50°36′53.5″,,中國(具名)、呂埃勒、西方/現代88星座、阿拉伯・古代(具名)、阿拉伯・月站(具名)、阿拉伯・蘇菲
HIP 32814,恆星,5.67,102.6062,+13.4132,06h50m25.5s,+13°24′47.3″,,中國(具名)
HIP 32844,恆星,4.97,102.6913,+41.7806,06h50m45.9s,+41°46′50.2″,Dolones VII,中國、中國(具名)
HIP 32864,恆星,5.12,102.7379,+67.5720,06h50m57.1s,+67°34′19.0″,,中國(具名)、呂埃勒
HIP 32921,恆星,5.26,102.8877,+21.7610,06h51m33.0s,+21°45′39.6″,,中國、中國(具名)、日本月站、阿拉伯・蘇菲、韓國
HIP 33018,恆星,3.60,103.1972,+33.9610,06h52m47.3s,+33°57′39.8″,,中國、中國(具名)、白俄羅斯、西方/現代88星座、阿拉伯・蘇菲、韓國、韓國(具名)
HIP 33041,恆星,6.10,103.2559,+38.8692,06h53m01.4s,+38°52′09.0″,,中國、中國(具名)
HIP 33048,恆星,5.38,103.2709,+59.4483,06h53m05.0s,+59°26′54.0″,,中國(具名)
HIP 33064,恆星,6.37,103.3061,+38.4372,06h53m13.5s,+38°26′13.9″,,中國(具名)
HIP 33092,恆星,4.83,103.3871,-20.2242,06h53m32.9s,-20°13′27.2″,,中國、中國(具名)
HIP 33104,恆星,5.10,103.4261,+68.8883,06h53m42.3s,+68°53′18.0″,,中國、中國(具名)、呂埃勒
HIP 33133,恆星,6.44,103.4878,+38.5049,06h53m57.1s,+38°30′17.6″,Dolones VIII,中國(具名)
HIP 33152,恆星,3.87,103.5331,-24.1842,06h54m07.9s,-24°11′03.1″,Udra,中國、中國(具名)、西方/現代88星座、阿拉伯・蘇菲
HIP 33160,恆星,4.08,103.5469,-12.0387,06h54m11.2s,-12°02′19.3″,,中國(具名)、呂埃勒、埃及、西方/現代88星座、阿拉伯・蘇菲
HIP 33202,恆星,4.71,103.6613,+13.1775,06h54m38.7s,+13°10′38.9″,,中國(具名)、韓國
HIP 33248,恆星,5.79,103.7614,-20.4049,06h55m02.7s,-20°24′17.7″,,中國、中國(具名)
HIP 33277,恆星,5.75,103.8276,+25.3758,06h55m18.6s,+25°22′32.9″,,中國(具名)
HIP 33302,恆星,4.66,103.9062,-20.1363,06h55m37.5s,-20°08′10.7″,,中國(具名)、阿拉伯・蘇菲
HIP 33345,恆星,5.09,104.0277,-14.0434,06h56m06.6s,-14°02′36.2″,,中國(具名)、阿拉伯・蘇菲
HIP 33347,恆星,4.38,104.0343,-17.0542,06h56m08.2s,-17°03′15.2″,,中國(具名)、呂埃勒、西方/現代88星座、阿拉伯・蘇菲
HIP 33449,恆星,4.35,104.3191,+58.4222,06h57m16.6s,+58°25′19.7″,,中國(具名)、西方/現代88星座、阿拉伯・古代、阿拉伯・蘇菲(星群)、韓國
HIP 33485,恆星,4.89,104.4045,+45.0941,06h57m37.1s,+45°05′38.7″,Dolones X,中國、中國(具名)
HIP 33579,恆星,1.50,104.6565,-28.9721,06h58m37.6s,-28°58′19.5″,Adhara,中國、中國(具名)、呂埃勒、埃及、羅馬尼亞、西方/現代88星座、阿拉伯・古代、阿拉伯・蘇菲、阿拉伯・蘇菲(星群)、阿拉伯・阿拉伯半島、韓國
HIP 33614,恆星,6.02,104.7616,+38.0518,06h59m02.8s,+38°03′06.4″,,中國(具名)
HIP 33650,恆星,6.40,104.8663,+25.9141,06h59m27.9s,+25°54′50.8″,,中國(具名)
HIP 33694,恆星,4.54,105.0183,+76.9773,07h00m04.4s,+76°58′38.5″,,中國、中國(具名)、阿拉伯・蘇菲(星群)、韓國
HIP 33715,恆星,5.69,105.0659,+16.0790,07h00m15.8s,+16°04′44.3″,,中國(具名)
HIP 33856,恆星,3.47,105.4298,-27.9348,07h01m43.1s,-27°56′05.3″,Unurgunite,中國(具名)、羅馬尼亞、西方/現代88星座
HIP 33927,恆星,5.18,105.6032,+24.2154,07h02m24.8s,+24°12′55.6″,,中國、中國(具名)
HIP 33971,恆星,5.00,105.7282,-4.2392,07h02m54.8s,-04°14′21.2″,,中國(具名)
HIP 33977,恆星,3.02,105.7561,-23.8333,07h03m01.5s,-23°49′59.8″,Al Zara,中國(具名)、西方/現代88星座、阿拉伯・古代、阿拉伯・蘇菲、阿拉伯・蘇菲(星群)
HIP 34033,恆星,5.12,105.9086,+10.9518,07h03m38.1s,+10°57′06.4″,,中國、中國(具名)
HIP 34045,恆星,4.12,105.9396,-15.6333,07h03m45.5s,-15°38′00.0″,Muliphein,中國(具名)、呂埃勒、埃及、西方/現代88星座、阿拉伯・蘇菲
HIP 34088,恆星,3.79,106.0272,+20.5703,07h04m06.5s,+20°34′13.1″,Mekbuda,中國、中國(具名)、呂埃勒、日本月站、白俄羅斯、羅馬尼亞、西方/現代88星座、阿拉伯・古代(具名)、阿拉伯・月站(具名)、阿拉伯・蘇菲、阿拉伯・阿拉伯半島(具名)、韓國
HIP 34182,恆星,6.01,106.3265,+22.6374,07h05m18.4s,+22°38′14.7″,,中國(具名)
HIP 34360,恆星,5.83,106.8441,-23.8407,07h07m22.6s,-23°50′26.5″,,中國(具名)
HIP 34440,恆星,5.48,107.0918,+15.9302,07h08m22.0s,+15°55′48.8″,,中國(具名)
HIP 34444,恆星,1.84,107.0978,-26.3932,07h08m23.5s,-26°23′35.5″,Wezen,中國、中國(具名)、呂埃勒、埃及、西方/現代88星座、阿拉伯・古代、阿拉伯・蘇菲、阿拉伯・蘇菲(星群)、阿拉伯・阿拉伯半島、韓國
HIP 34481,恆星,3.75,107.1873,-70.4984,07h08m44.9s,-70°29′54.4″,,中國、中國(具名)、西方/現代88星座
HIP 34579,恆星,5.69,107.4292,-25.2310,07h09m43.0s,-25°13′51.7″,,中國(具名)
HIP 34622,恆星,4.92,107.5570,-4.2361,07h10m13.7s,-04°14′10.1″,,中國(具名)
HIP 34693,恆星,4.42,107.7847,+30.2449,07h11m08.3s,+30°14′41.8″,,中國、中國(具名)、白俄羅斯、西方/現代88星座、阿拉伯・蘇菲、韓國、韓國(具名)
HIP 34722,恆星,5.75,107.8460,+26.8564,07h11m23.0s,+26°51′23.2″,,中國(具名)
HIP 34724,恆星,5.43,107.8483,-0.3020,07h11m23.6s,-00°18′07.1″,,中國、中國(具名)
HIP 34752,恆星,4.89,107.9141,+39.3206,07h11m39.4s,+39°19′14.0″,,中國(具名)
HIP 34769,恆星,4.15,107.9661,-0.4927,07h11m51.9s,-00°29′33.9″,,中國(具名)、西方/現代88星座、韓國
HIP 34798,恆星,5.90,108.0509,-25.9425,07h12m12.2s,-25°56′33.2″,,中國(具名)
HIP 34819,恆星,5.85,108.1098,+24.1284,07h12m26.4s,+24°07′42.2″,,中國(具名)
HIP 34858,恆星,7.78,108.2007,+15.1782,07h12m48.2s,+15°10′41.6″,,中國(具名)
HIP 34904,恆星,6.69,108.3266,-0.2595,07h13m18.4s,-00°15′34.3″,,中國(具名)
HIP 34909,恆星,5.00,108.3429,+16.1588,07h13m22.3s,+16°09′31.6″,,中國(具名)
HIP 34981,恆星,4.65,108.5633,-26.3525,07h14m15.2s,-26°21′09.0″,,中國(具名)
HIP 35025,恆星,5.82,108.6752,+24.8846,07h14m42.0s,+24°53′04.5″,,中國(具名)
HIP 35037,恆星,3.82,108.7027,-26.7726,07h14m48.6s,-26°46′21.5″,,中國(具名)、西方/現代88星座
HIP 35080,恆星,6.42,108.8308,-0.1613,07h15m19.4s,-00°09′40.6″,,中國(具名)
HIP 35146,恆星,5.21,108.9779,+59.6363,07h15m54.7s,+59°38′10.7″,,中國(具名)
HIP 35228,恆星,3.99,109.2075,-67.9571,07h16m49.8s,-67°57′25.6″,,中國、中國(具名)、西方/現代88星座
HIP 35264,恆星,2.70,109.2856,-37.0974,07h17m08.5s,-37°05′50.8″,,中國、中國(具名)、呂埃勒、西方/現代88星座、阿拉伯・古代、阿拉伯・蘇菲、韓國
HIP 35341,恆星,5.87,109.5092,+40.8834,07h18m02.2s,+40°53′00.4″,,中國(具名)
HIP 35350,恆星,3.56,109.5230,+16.5402,07h18m05.5s,+16°32′24.8″,,中國、中國(具名)、日本月站、白俄羅斯、西方/現代88星座、阿拉伯・古代(具名)、阿拉伯・月站(具名)、阿拉伯・蘇菲、阿拉伯・阿拉伯半島(具名)、韓國
HIP 35412,恆星,4.95,109.6682,-24.5587,07h18m40.4s,-24°33′31.3″,,中國(具名)
HIP 35415,恆星,4.40,109.6770,-24.9544,07h18m42.5s,-24°57′15.7″,,中國(具名)
HIP 35550,恆星,3.53,110.0306,+21.9822,07h20m07.3s,+21°58′56.1″,Wasat,中國、中國(具名)、呂埃勒、白俄羅斯、羅馬尼亞、西方/現代88星座、阿拉伯・古代(具名)、阿拉伯・月站(具名)、阿拉伯・阿拉伯半島(具名)、韓國
HIP 35699,恆星,5.08,110.4866,+20.4436,07h21m56.8s,+20°26′36.8″,,中國(具名)
HIP 35710,恆星,5.12,110.5104,+36.7605,07h22m02.5s,+36°45′37.7″,,中國、中國(具名)
HIP 35731,恆星,7.49,110.5628,+50.1486,07h22m15.1s,+50°08′55.0″,,中國(具名)
HIP 35785,恆星,5.78,110.7169,+55.2813,07h22m52.1s,+55°16′52.5″,,中國(具名)
HIP 35846,恆星,5.02,110.8685,+25.0504,07h23m28.4s,+25°03′01.4″,,中國、中國(具名)、阿拉伯・蘇菲
HIP 35904,恆星,2.45,111.0237,-29.3031,07h24m05.7s,-29°18′11.1″,Aludra,中國、中國(具名)、呂埃勒、羅馬尼亞、西方/現代88星座、阿拉伯・古代、阿拉伯・蘇菲、阿拉伯・蘇菲(星群)、韓國
HIP 35907,恆星,5.19,111.0353,+40.6723,07h24m08.5s,+40°40′20.3″,,中國(具名)
HIP 35941,恆星,5.76,111.1395,+27.6379,07h24m33.5s,+27°38′16.5″,,中國(具名)
HIP 35987,恆星,5.36,111.2423,+11.6695,07h24m58.2s,+11°40′10.0″,,中國(具名)
HIP 36041,恆星,4.99,111.4121,+9.2761,07h25m38.9s,+09°16′33.8″,,中國、中國(具名)
HIP 36046,恆星,3.79,111.4310,+27.7977,07h25m43.4s,+27°47′51.7″,,中國、中國(具名)、白俄羅斯、西方/現代88星座、阿拉伯・古代(具名)、阿拉伯・月站(具名)、阿拉伯・蘇菲、阿拉伯・阿拉伯半島(具名)、韓國、韓國(具名)
HIP 36145,恆星,4.61,111.6785,+49.2113,07h26m42.8s,+49°12′40.7″,,中國(具名)、西方/現代88星座、韓國
HIP 36156,恆星,5.93,111.7347,+20.2575,07h26m56.3s,+20°15′27.1″,,中國(具名)
HIP 36188,恆星,2.89,111.7874,+8.2891,07h27m09.0s,+08°17′20.9″,Gomeisa,中國、中國(具名)、呂埃勒、羅馬尼亞、西方/現代88星座、阿拉伯・古代、阿拉伯・古代(具名)、阿拉伯・月站、阿拉伯・月站(具名)、阿拉伯・蘇菲、阿拉伯・蘇菲(星群)、阿拉伯・阿拉伯半島、韓國
HIP 36238,恆星,5.24,111.9346,+21.4447,07h27m44.3s,+21°26′41.1″,,中國(具名)、阿拉伯・蘇菲
HIP 36265,恆星,5.22,112.0086,+6.9418,07h28m02.1s,+06°56′30.4″,,中國(具名)
HIP 36284,恆星,4.30,112.0405,+8.9256,07h28m09.7s,+08°55′32.1″,,中國(具名)、韓國
HIP 36366,恆星,4.18,112.2788,+31.7854,07h29m06.9s,+31°47′07.6″,,中國、中國(具名)、阿拉伯・蘇菲(星群)、韓國
HIP 36377,恆星,3.25,112.3073,-43.3006,07h29m13.7s,-43°18′02.1″,,中國(具名)、呂埃勒、西方/現代88星座、阿拉伯・蘇菲、韓國
HIP 36393,恆星,5.06,112.3350,+28.1180,07h29m20.4s,+28°07′05.0″,,中國(具名)
HIP 36425,恆星,4.53,112.4491,+12.0065,07h29m47.8s,+12°00′23.3″,,中國、中國(具名)
HIP 36429,恆星,5.01,112.4530,+27.9160,07h29m48.7s,+27°54′57.7″,,中國(具名)
HIP 36439,恆星,5.36,112.4839,+49.6721,07h29m56.1s,+49°40′19.5″,,中國(具名)
HIP 36514,恆星,4.65,112.6774,-30.9623,07h30m42.6s,-30°57′44.2″,,阿拉伯・蘇菲
HIP 36547,恆星,4.96,112.7685,+82.4113,07h31m04.4s,+82°24′40.6″,,中國、中國(具名)、阿拉伯・蘇菲(星群)
HIP 36631,恆星,6.51,112.9969,+12.6611,07h31m59.2s,+12°39′40.1″,,中國(具名)
HIP 36641,恆星,5.23,113.0248,+1.9145,07h32m05.9s,+01°54′52.1″,,中國(具名)
HIP 36723,恆星,5.57,113.2985,+3.2906,07h33m11.6s,+03°17′26.0″,,中國(具名)
HIP 36760,恆星,5.26,113.4019,+15.8266,07h33m36.5s,+15°49′35.8″,,中國(具名)、韓國
HIP 36787,恆星,6.75,113.4926,-39.9056,07h33m58.2s,-39°54′20.0″,,中國(具名)
HIP 36812,恆星,5.82,113.5662,+3.3717,07h34m15.9s,+03°22′18.1″,,中國(具名)
HIP 36848,恆星,5.77,113.6447,-27.0120,07h34m34.7s,-27°00′43.0″,,中國(具名)
HIP 36850,恆星,1.58,113.6485,+31.8876,07h34m35.6s,+31°53′15.5″,Castor,中國、中國(具名)、印度(星群)、印度吠陀、印度吠陀(具名)、呂埃勒、因紐特、埃及、夏威夷星線、夏威夷星線(具名)、東加、毛利(具名)、白俄羅斯、羅馬尼亞、羅馬尼亞(具名)、薩米、西方/現代(星群)、西方/現代88星座、阿拉伯・古代、阿拉伯・月站、阿拉伯・蘇菲、阿拉伯・蘇菲(具名)、阿拉伯・蘇菲(星群)、韓國、黑腳族
HIP 36962,恆星,4.06,113.9805,+26.8953,07h35m55.3s,+26°53′43.0″,,中國、中國(具名)、白俄羅斯、西方/現代88星座、阿拉伯・古代(具名)、阿拉伯・月站(具名)、阿拉伯・蘇菲、阿拉伯・阿拉伯半島(具名)、韓國、韓國(具名)
HIP 36982,恆星,6.70,114.0176,-77.6341,07h36m04.2s,-77°38′02.6″,,中國、中國(具名)
HIP 37088,恆星,5.13,114.3192,-4.1109,07h37m16.6s,-04°06′39.3″,,中國(具名)
HIP 37204,恆星,5.57,114.6371,+35.0487,07h38m32.9s,+35°02′55.2″,,中國(具名)
HIP 37229,恆星,4.43,114.7077,-26.8038,07h38m49.8s,-26°48′13.5″,,中國、中國(具名)
HIP 37265,恆星,4.90,114.7912,+34.5838,07h39m09.9s,+34°35′01.8″,Jishui,中國(具名)、韓國
HIP 37279,恆星,0.37,114.8223,+5.2204,07h39m17.4s,+05°13′13.4″,Procyon,中國、中國(具名)、呂埃勒、因紐特(具名)、埃及(具名)、夏威夷星線、夏威夷星線(具名)、布吉斯、毛利(具名)、羅馬尼亞、薩米、西方/現代(星群)、西方/現代88星座、阿努塔、阿拉伯・古代、阿拉伯・古代(具名)、阿拉伯・月站、阿拉伯・月站(具名)、阿拉伯・蘇菲、阿拉伯・蘇菲(具名)、阿拉伯・蘇菲(星群)、阿拉伯・阿拉伯半島、韓國
HIP 37297,恆星,4.84,114.8638,-38.3080,07h39m27.3s,-38°18′28.6″,,中國(具名)
HIP 37300,恆星,5.05,114.8692,+17.6745,07h39m28.6s,+17°40′28.3″,,中國(具名)
HIP 37391,恆星,5.07,115.1238,+87.0200,07h40m29.7s,+87°01′11.9″,,中國(具名)
HIP 37447,恆星,3.93,115.3115,-9.5512,07h41m14.8s,-09°33′04.4″,,中國(具名)、呂埃勒、西方/現代88星座、韓國
HIP 37504,恆星,3.94,115.4557,-72.6060,07h41m49.4s,-72°36′21.7″,,中國、中國(具名)、西方/現代88星座
HIP 37590,恆星,5.63,115.7006,-26.3515,07h42m48.1s,-26°21′05.3″,,中國(具名)
HIP 37609,恆星,4.95,115.7514,+58.7101,07h43m00.3s,+58°42′36.5″,,中國(具名)
HIP 37629,恆星,4.29,115.8283,+28.8825,07h43m18.8s,+28°52′57.0″,,中國(具名)、阿拉伯・蘇菲(星群)
HIP 37648,恆星,4.59,115.8849,-28.4108,07h43m32.4s,-28°24′38.7″,,阿拉伯・蘇菲
HIP 37677,恆星,3.93,115.9519,-28.9548,07h43m48.5s,-28°57′17.3″,,中國(具名)
HIP 37704,恆星,5.29,116.0287,+25.7841,07h44m06.9s,+25°47′02.7″,,中國(具名)
HIP 37740,恆星,3.57,116.1117,+24.3978,07h44m26.8s,+24°23′52.0″,,中國、中國(具名)、白俄羅斯、西方/現代88星座、阿拉伯・古代(具名)、阿拉伯・月站(具名)、阿拉伯・蘇菲、阿拉伯・阿拉伯半島(具名)、韓國、韓國(具名)
HIP 37819,恆星,3.61,116.3137,-37.9686,07h45m15.3s,-37°58′06.8″,,中國、中國(具名)、韓國
HIP 37826,恆星,1.14,116.3258,+28.0260,07h45m18.2s,+28°01′33.6″,Pollux,中國、中國(具名)、印度(星群)、印度吠陀、印度吠陀(具名)、呂埃勒、因紐特、埃及、夏威夷星線、夏威夷星線(具名)、東加、白俄羅斯、羅馬尼亞、羅馬尼亞(具名)、薩米、西方/現代(星群)、西方/現代88星座、阿拉伯・古代、阿拉伯・月站、阿拉伯・蘇菲、阿拉伯・蘇菲(星群)、韓國、黑腳族
HIP 37843,恆星,6.00,116.3713,-14.6906,07h45m29.1s,-14°41′26.2″,,中國(具名)
HIP 37891,恆星,5.03,116.4869,-14.5638,07h45m56.9s,-14°33′49.6″,,中國(具名)
HIP 37901,恆星,5.50,116.5093,-6.7729,07h46m02.2s,-06°46′22.6″,,韓國
HIP 37908,恆星,4.87,116.5307,+18.5098,07h46m07.4s,+18°30′35.2″,,中國(具名)、韓國
HIP 37915,恆星,5.87,116.5438,-37.9336,07h46m10.5s,-37°56′01.0″,,中國(具名)
HIP 37921,恆星,5.24,116.5674,+10.7681,07h46m16.2s,+10°46′05.3″,,中國、中國(具名)
HIP 37951,恆星,6.39,116.6863,-12.6753,07h46m44.7s,-12°40′31.1″,,中國(具名)
HIP 38016,恆星,5.14,116.8763,+33.4156,07h47m30.3s,+33°24′56.1″,,中國(具名)
HIP 38048,恆星,5.68,116.9858,-12.1924,07h47m56.6s,-12°11′32.5″,,中國(具名)
HIP 38070,恆星,4.49,117.0215,-25.9371,07h48m05.2s,-25°56′13.7″,,中國、中國(具名)、呂埃勒
HIP 38106,恆星,6.21,117.1401,+23.1410,07h48m33.6s,+23°08′27.5″,,中國(具名)
HIP 38146,恆星,5.31,117.2568,-24.9121,07h49m01.6s,-24°54′43.7″,,西方/現代88星座
HIP 38164,恆星,4.11,117.3095,-46.3732,07h49m14.3s,-46°22′23.4″,,阿拉伯・蘇菲
HIP 38170,恆星,3.30,117.3235,-24.8598,07h49m17.6s,-24°51′35.3″,Azmidi,中國(具名)、呂埃勒、阿拉伯・蘇菲、韓國
HIP 38196,恆星,6.41,117.3846,+12.8142,07h49m32.3s,+12°48′51.0″,,中國(具名)
HIP 38211,恆星,5.16,117.4219,-17.2289,07h49m41.3s,-17°13′44.1″,,中國(具名)
HIP 38373,恆星,5.16,117.9249,+1.7669,07h51m42.0s,+01°46′00.7″,,中國(具名)
HIP 38414,恆星,3.70,118.0542,-40.5757,07h52m13.0s,-40°34′32.7″,,中國(具名)、呂埃勒
HIP 38427,恆星,5.69,118.0786,-14.8462,07h52m18.9s,-14°50′46.2″,,中國(具名)
HIP 38455,恆星,4.47,118.1610,-38.8628,07h52m38.6s,-38°51′46.1″,,中國(具名)
HIP 38474,恆星,5.76,118.1994,-5.4283,07h52m47.8s,-05°25′42.0″,,韓國
HIP 38495,恆星,7.04,118.2542,+22.3345,07h53m01.0s,+22°20′04.3″,,中國(具名)
HIP 38538,恆星,4.96,118.3741,+26.7656,07h53m29.8s,+26°45′56.3″,,中國、中國(具名)
HIP 38623,恆星,6.25,118.6218,+47.3860,07h54m29.2s,+47°23′09.6″,,中國(具名)
HIP 38639,恆星,5.45,118.6776,+47.5646,07h54m42.6s,+47°33′52.6″,,中國(具名)
HIP 38722,恆星,5.37,118.9162,+19.8838,07h55m39.9s,+19°53′01.6″,,中國(具名)、阿拉伯・蘇菲
HIP 38827,恆星,3.43,119.1944,-52.9822,07h56m46.7s,-52°58′56.1″,,中國(具名)、阿拉伯・蘇菲
HIP 38835,恆星,4.18,119.2146,-22.8801,07h56m51.5s,-22°52′48.3″,,中國(具名)、呂埃勒、阿拉伯・蘇菲
HIP 38848,恆星,5.78,119.2476,+15.7901,07h56m59.4s,+15°47′24.3″,,中國(具名)
HIP 38901,恆星,4.79,119.4171,-30.3345,07h57m40.1s,-30°20′04.4″,,中國、中國(具名)、阿拉伯・蘇菲、韓國
HIP 38962,恆星,5.30,119.5854,+2.2252,07h58m20.5s,+02°13′30.7″,,中國(具名)
HIP 39023,恆星,5.11,119.7738,-23.3104,07h59m05.7s,-23°18′37.4″,,中國(具名)
HIP 39079,恆星,4.93,119.9337,-3.6796,07h59m44.1s,-03°40′46.6″,,中國(具名)、韓國
HIP 39095,恆星,4.61,119.9669,-18.3994,07h59m52.1s,-18°23′57.9″,,呂埃勒
HIP 39177,恆星,5.59,120.1971,+17.3087,08h00m47.3s,+17°18′31.3″,,中國(具名)
HIP 39191,恆星,5.85,120.2329,+25.3929,08h00m55.9s,+25°23′34.3″,,中國(具名)
HIP 39211,恆星,4.68,120.3059,-1.3929,08h01m13.4s,-01°23′34.6″,,中國(具名)
HIP 39236,恆星,5.99,120.3762,+16.4553,08h01m30.3s,+16°27′19.0″,,中國(具名)
HIP 39263,恆星,6.30,120.4322,+25.0895,08h01m43.7s,+25°05′22.3″,,中國(具名)
HIP 39311,恆星,4.38,120.5663,+2.3350,08h02m15.9s,+02°20′06.1″,,中國(具名)、呂埃勒、韓國
HIP 39340,恆星,6.07,120.6282,+63.0903,08h02m30.8s,+63°05′24.9″,,阿拉伯・蘇菲(星群)
HIP 39424,恆星,4.94,120.8794,+27.7941,08h03m31.1s,+27°47′38.9″,,中國(具名)
HIP 39429,恆星,2.25,120.8959,-40.0031,08h03m35.0s,-40°00′11.1″,Naos,中國(具名)、呂埃勒、埃及、西方/現代(星群)、西方/現代88星座、阿拉伯・古代(具名)、阿拉伯・月站(具名)、韓國
HIP 39524,恆星,6.11,121.1725,-19.7281,08h04m41.4s,-19°43′41.3″,,中國(具名)
HIP 39538,恆星,5.39,121.1954,+79.4794,08h04m46.9s,+79°28′45.8″,,中國、中國(具名)
HIP 39567,恆星,5.14,121.2685,+13.1179,08h05m04.5s,+13°07′04.6″,,中國、中國(具名)
HIP 39757,恆星,2.81,121.8856,-24.3041,08h07m32.6s,-24°18′14.8″,Tureis,中國(具名)、呂埃勒、西方/現代88星座、阿拉伯・蘇菲
HIP 39780,恆星,5.30,121.9412,+21.5815,08h07m45.9s,+21°34′53.4″,,中國(具名)、阿拉伯・蘇菲
HIP 39794,恆星,4.40,121.9821,-68.6169,08h07m55.7s,-68°37′01.0″,,西方/現代88星座
HIP 39847,恆星,4.80,122.1140,+51.5066,08h08m27.4s,+51°30′23.9″,,中國(具名)
HIP 39863,恆星,4.33,122.1485,-2.9838,08h08m35.6s,-02°59′01.7″,,中國(具名)、西方/現代88星座、韓國
HIP 39874,恆星,6.24,122.1769,+13.6409,08h08m42.4s,+13°38′27.1″,,中國(具名)
HIP 39888,恆星,6.92,122.2066,+27.4803,08h08m49.6s,+27°28′49.1″,,中國(具名)
HIP 39906,恆星,4.39,122.2568,-19.2451,08h09m01.6s,-19°14′42.2″,,中國(具名)、呂埃勒、韓國
HIP 39938,恆星,6.25,122.3460,+42.4303,08h09m23.0s,+42°25′49.0″,,阿拉伯・蘇菲(星群)
HIP 39953,恆星,1.83,122.3831,-47.3365,08h09m31.9s,-47°20′11.5″,Regor,中國、中國(具名)、呂埃勒、圖皮-瓜拉尼、埃及、西方/現代88星座、阿拉伯・古代(具名)、阿拉伯・月站(具名)、韓國
HIP 40007,恆星,6.41,122.5545,+25.8443,08h10m13.1s,+25°50′39.6″,,中國(具名)
HIP 40015,恆星,6.54,122.5874,+69.7256,08h10m21.0s,+69°43′32.2″,,阿拉伯・蘇菲(星群)
HIP 40023,恆星,5.72,122.6129,+25.5058,08h10m27.1s,+25°30′20.8″,,中國、中國(具名)
HIP 40035,恆星,5.54,122.6648,-13.7989,08h10m39.5s,-13°47′56.2″,,中國(具名)
HIP 40084,恆星,4.72,122.8178,-12.9270,08h11m16.3s,-12°55′37.1″,,中國(具名)
HIP 40091,恆星,4.42,122.8395,-39.6185,08h11m21.5s,-39°37′06.7″,,阿拉伯・蘇菲
HIP 40167,恆星,5.96,123.0537,+17.6473,08h12m12.9s,+17°38′50.2″,Tegmine,中國、中國(具名)
HIP 40205,恆星,8.14,123.1763,-13.4797,08h12m42.3s,-13°28′46.9″,,中國(具名)
HIP 40240,恆星,5.61,123.2869,+29.6565,08h13m08.9s,+29°39′23.2″,,中國、中國(具名)
HIP 40259,恆星,4.99,123.3331,-15.7882,08h13m20.0s,-15°47′17.7″,,中國(具名)
HIP 40326,恆星,4.44,123.5124,-40.3482,08h14m03.0s,-40°20′53.4″,,阿拉伯・蘇菲
HIP 40526,恆星,3.52,124.1286,+9.1853,08h16m30.9s,+09°11′07.2″,Tarf,中國(具名)、呂埃勒、埃及、羅馬尼亞、西方/現代88星座、阿拉伯・蘇菲、韓國
HIP 40604,恆星,6.31,124.3463,-16.2851,08h17m23.1s,-16°17′06.5″,,中國(具名)
HIP 40617,恆星,6.26,124.3818,+8.8663,08h17m31.6s,+08°51′58.6″,,中國(具名)
HIP 40646,恆星,5.63,124.4600,+59.5711,08h17m50.4s,+59°34′16.1″,,中國(具名)、阿拉伯・蘇菲(星群)
HIP 40702,恆星,4.05,124.6336,-76.9192,08h18m32.1s,-76°55′09.3″,,中國(具名)、西方/現代88星座
HIP 40817,恆星,5.32,124.9538,-71.5147,08h19m48.9s,-71°30′53.1″,,中國、中國(具名)
HIP 40843,恆星,5.10,125.0160,+27.2160,08h20m03.8s,+27°12′57.7″,,中國(具名)、呂埃勒、西方/現代88星座
HIP 40875,恆星,5.88,125.1091,+57.7433,08h20m26.2s,+57°44′36.0″,,中國(具名)
HIP 40881,恆星,5.93,125.1338,+24.0222,08h20m32.1s,+24°01′20.0″,Piautos,中國、中國(具名)
HIP 40888,恆星,4.34,125.1579,-77.4843,08h20m37.9s,-77°29′03.5″,,中國、中國(具名)
HIP 41037,恆星,1.86,125.6283,-59.5094,08h22m30.8s,-59°30′33.8″,Avior,中國、中國(具名)、呂埃勒、埃及、東加、西方/現代(星群)、西方/現代88星座、韓國
HIP 41039,恆星,4.82,125.6321,-48.4904,08h22m31.7s,-48°29′25.5″,,圖皮-瓜拉尼
HIP 41067,恆星,6.11,125.6950,-13.0550,08h22m46.8s,-13°03′18.0″,,中國(具名)
HIP 41075,恆星,4.25,125.7087,+43.1877,08h22m50.1s,+43°11′15.7″,Alsciaukat,中國(具名)、西方/現代88星座、韓國
HIP 41117,恆星,5.94,125.8408,+18.3321,08h23m21.8s,+18°19′55.5″,,中國(具名)
HIP 41163,恆星,6.08,125.9800,+10.6320,08h23m55.2s,+10°37′55.0″,,中國(具名)
HIP 41211,恆星,5.61,126.1449,-3.7514,08h24m34.8s,-03°45′04.9″,,中國(具名)
HIP 41307,恆星,3.90,126.4148,-3.9065,08h25m39.6s,-03°54′23.5″,,中國(具名)、韓國
HIP 41312,恆星,3.76,126.4338,-66.1376,08h25m44.1s,-66°08′15.2″,,中國、中國(具名)、西方/現代88星座
HIP 41319,恆星,6.09,126.4569,+17.0456,08h25m49.7s,+17°02′44.1″,,中國(具名)
HIP 41375,恆星,5.59,126.6131,-3.9877,08h26m27.1s,-03°59′15.8″,,中國、中國(具名)
HIP 41377,恆星,5.57,126.6153,+27.8931,08h26m27.7s,+27°53′35.0″,,中國、中國(具名)
HIP 41389,恆星,6.89,126.6656,+24.5338,08h26m39.7s,+24°32′01.8″,,中國(具名)
HIP 41400,恆星,5.50,126.6830,+12.6541,08h26m43.9s,+12°39′14.9″,,中國(具名)
HIP 41404,恆星,6.13,126.6961,+26.9355,08h26m47.1s,+26°56′07.8″,,中國(具名)
HIP 41574,恆星,6.05,127.1531,+24.1447,08h28m36.7s,+24°08′40.9″,,中國(具名)
HIP 41578,恆星,5.95,127.1555,+14.2108,08h28m37.3s,+14°12′38.8″,,中國(具名)
HIP 41616,恆星,5.54,127.2697,-47.9289,08h29m04.7s,-47°55′44.0″,,圖皮-瓜拉尼
HIP 41704,恆星,3.42,127.5649,+60.7177,08h30m15.6s,+60°43′03.7″,Muscida,中國、中國(具名)、羅馬尼亞、西方/現代88星座、阿拉伯・古代、阿拉伯・蘇菲、韓國、韓國(具名)
HIP 41816,恆星,5.69,127.8768,+24.0809,08h31m30.4s,+24°04′51.3″,,中國(具名)
HIP 41822,恆星,5.34,127.8986,+18.0942,08h31m35.7s,+18°05′39.0″,,中國、中國(具名)、印度(星群)、印度吠陀、日本月站、阿拉伯・蘇菲、韓國
HIP 41904,恆星,6.47,128.1661,+10.0660,08h32m39.9s,+10°03′57.5″,,中國(具名)
HIP 41909,恆星,5.33,128.1768,+20.4410,08h32m42.4s,+20°26′27.5″,,中國、中國(具名)、日本月站、阿拉伯・蘇菲、韓國
HIP 42080,恆星,5.45,128.6499,+65.1448,08h34m36.0s,+65°08′41.4″,,中國(具名)、阿拉伯・蘇菲、韓國
HIP 42088,恆星,5.01,128.6816,-49.9441,08h34m43.6s,-49°56′38.8″,,圖皮-瓜拉尼
HIP 42090,恆星,5.75,128.6827,+36.4194,08h34m43.9s,+36°25′10.0″,,中國(具名)
HIP 42133,恆星,6.56,128.8309,+19.5900,08h35m19.4s,+19°35′24.0″,,中國(具名)、埃及
HIP 42146,恆星,5.72,128.8674,-7.9822,08h35m28.2s,-07°58′56.0″,,中國(具名)
HIP 42201,恆星,7.48,129.0725,+20.3414,08h36m17.4s,+20°20′29.2″,,埃及
HIP 42265,恆星,5.91,129.2739,+9.6556,08h37m05.7s,+09°39′20.0″,,中國(具名)
HIP 42312,恆星,4.14,129.4109,-42.9890,08h37m38.6s,-42°59′20.5″,,中國、中國(具名)、圖皮-瓜拉尼、阿拉伯・蘇菲、韓國
HIP 42313,恆星,4.13,129.4137,+5.7038,08h37m39.3s,+05°42′13.5″,Minazal I,中國、中國(具名)、印度(星群)、印度吠陀、呂埃勒、日本月站、西方/現代(星群)、西方/現代88星座、阿拉伯・蘇菲、阿拉伯・蘇菲(星群)、韓國
HIP 42353,恆星,6.53,129.5214,+9.5746,08h38m05.1s,+09°34′28.4″,,中國(具名)
HIP 42402,恆星,4.43,129.6892,+3.3414,08h38m45.4s,+03°20′28.9″,Minchir,中國、中國(具名)、印度(星群)、印度吠陀、埃及、日本月站、西方/現代(星群)、西方/現代88星座、阿拉伯・蘇菲、阿拉伯・蘇菲(星群)、韓國
HIP 42434,恆星,6.47,129.7917,+59.9389,08h39m10.0s,+59°56′20.2″,,阿拉伯・蘇菲(星群)
HIP 42438,恆星,5.64,129.7985,+65.0213,08h39m11.6s,+65°01′16.7″,Althiba II,中國(具名)
HIP 42472,恆星,6.69,129.8827,+32.5155,08h39m31.8s,+32°30′55.9″,,中國(具名)
HIP 42503,恆星,6.71,129.9847,+32.7271,08h39m56.3s,+32°43′37.6″,,中國(具名)
HIP 42509,恆星,4.97,130.0058,-12.4754,08h40m01.4s,-12°28′31.3″,,中國(具名)
HIP 42515,恆星,3.95,130.0257,-35.3084,08h40m06.2s,-35°18′30.4″,,中國、中國(具名)、西方/現代88星座、阿拉伯・蘇菲
HIP 42516,恆星,6.39,130.0266,+20.0077,08h40m06.4s,+20°00′27.8″,,中國(具名)、韓國
HIP 42527,恆星,4.61,130.0528,+64.3281,08h40m12.7s,+64°19′41.0″,Althiba III,中國(具名)、納瓦荷、阿拉伯・蘇菲、韓國
HIP 42536,恆星,3.63,130.0731,-52.9218,08h40m17.5s,-52°55′18.5″,,西方/現代88星座
HIP 42556,恆星,6.29,130.1124,+19.5448,08h40m27.0s,+19°32′41.1″,Meleph,中國(具名)、阿拉伯・古代、阿拉伯・月站、阿拉伯・蘇菲(星群)、阿拉伯・阿拉伯半島
HIP 42568,恆星,4.31,130.1542,-59.7610,08h40m37.0s,-59°45′39.5″,,西方/現代88星座
HIP 42570,恆星,3.81,130.1565,-46.6487,08h40m37.6s,-46°38′55.4″,,中國、中國(具名)、韓國
HIP 42576,恆星,6.88,130.1789,+51.4310,08h40m42.9s,+51°25′51.4″,,阿拉伯・蘇菲(星群)
HIP 42578,恆星,6.84,130.1799,+19.7193,08h40m43.2s,+19°43′09.3″,,中國(具名)
HIP 42628,恆星,8.83,130.3138,+20.4769,08h41m15.3s,+20°28′36.9″,,埃及
HIP 42662,恆星,4.87,130.4306,-15.9438,08h41m43.3s,-15°56′37.7″,,中國(具名)
HIP 42673,恆星,6.92,130.4585,+19.8741,08h41m50.0s,+19°52′26.8″,,中國、埃及
HIP 42726,恆星,4.82,130.6056,-53.1139,08h42m25.3s,-53°06′50.0″,,中國(具名)
HIP 42795,恆星,5.65,130.8013,+12.6809,08h43m12.3s,+12°40′51.2″,,中國(具名)、呂埃勒
HIP 42799,恆星,4.30,130.8061,+3.3987,08h43m13.5s,+03°23′55.2″,Minazal II,中國、中國(具名)、印度(星群)、印度吠陀、呂埃勒、日本月站、西方/現代(星群)、西方/現代88星座、阿拉伯・蘇菲、阿拉伯・蘇菲(星群)、韓國
HIP 42806,恆星,4.65,130.8209,+21.4683,08h43m17.0s,+21°28′06.0″,Asellus Borealis,中國、中國(具名)、呂埃勒、日本月站、羅馬尼亞、西方/現代88星座、阿拉伯・古代、阿拉伯・月站、阿拉伯・蘇菲、阿拉伯・蘇菲(星群)、阿拉伯・阿拉伯半島、韓國
HIP 42828,恆星,3.68,130.8980,-33.1863,08h43m35.5s,-33°11′10.8″,,中國、中國(具名)、西方/現代88星座、阿拉伯・蘇菲、韓國
HIP 42834,恆星,5.16,130.9178,-49.8228,08h43m40.3s,-49°49′22.0″,,圖皮-瓜拉尼
HIP 42835,恆星,4.62,130.9182,-7.2337,08h43m40.4s,-07°14′01.4″,,中國、中國(具名)
HIP 42884,恆星,4.05,131.0996,-42.6492,08h44m23.9s,-42°38′57.1″,,中國、中國(具名)、圖皮-瓜拉尼、阿拉伯・蘇菲
HIP 42911,恆星,3.94,131.1712,+18.1533,08h44m41.1s,+18°09′11.9″,Asellus Australis,中國、中國(具名)、印度(星群)、印度吠陀、呂埃勒、日本月站、羅馬尼亞、西方/現代88星座、阿拉伯・古代、阿拉伯・月站、阿拉伯・蘇菲、阿拉伯・蘇菲(星群)、阿拉伯・阿拉伯半島、韓國
HIP 42913,恆星,1.78,131.1762,-54.7093,08h44m42.3s,-54°42′33.4″,Alsephina,中國、中國(具名)、呂埃勒、圖皮-瓜拉尼、埃及、東加、西方/現代(星群)、西方/現代88星座、韓國
HIP 42917,恆星,5.66,131.1876,+10.0816,08h44m45.0s,+10°04′53.7″,,中國(具名)
HIP 42931,恆星,6.13,131.2554,+5.6806,08h45m01.3s,+05°40′50.0″,,中國(具名)
HIP 42954,恆星,6.12,131.3393,+30.6977,08h45m21.4s,+30°41′51.8″,,中國(具名)
HIP 43004,恆星,7.59,131.4588,+20.0220,08h45m50.1s,+20°01′19.2″,,阿拉伯・古代、阿拉伯・月站
HIP 43012,恆星,5.77,131.4791,-79.5040,08h45m55.0s,-79°30′14.4″,,中國、中國(具名)
HIP 43023,恆星,3.91,131.5068,-46.0415,08h46m01.6s,-46°02′29.4″,,中國(具名)
HIP 43067,恆星,4.32,131.5940,-13.5478,08h46m22.6s,-13°32′52.0″,,中國(具名)
HIP 43103,恆星,4.02,131.6741,+28.7597,08h46m41.8s,+28°45′34.9″,Zubanah,中國(具名)、埃及、羅馬尼亞、西方/現代88星座、阿拉伯・蘇菲、韓國
HIP 43109,恆星,3.38,131.6930,+6.4186,08h46m46.3s,+06°25′06.9″,Ashlesha,中國、中國(具名)、印度(星群)、印度吠陀、呂埃勒、日本月站、西方/現代(星群)、西方/現代88星座、阿拉伯・蘇菲、阿拉伯・蘇菲(星群)、韓國
HIP 43121,恆星,5.88,131.7331,+12.1097,08h46m55.9s,+12°06′35.0″,,中國(具名)
HIP 43234,恆星,4.34,132.1081,+5.8377,08h48m26.0s,+05°50′15.7″,Minazal IV,中國、中國(具名)、印度(星群)、印度吠陀、西方/現代88星座、韓國
HIP 43305,恆星,5.31,132.3404,-3.4431,08h49m21.7s,-03°26′35.3″,,中國、中國(具名)
HIP 43409,恆星,4.01,132.6323,-27.7095,08h50m31.8s,-27°42′34.0″,,中國、中國(具名)、西方/現代88星座、阿拉伯・蘇菲、韓國
HIP 43454,恆星,6.36,132.7556,+15.3510,08h51m01.3s,+15°21′03.6″,,中國(具名)
HIP 43463,恆星,7.37,132.7949,+15.9995,08h51m10.8s,+15°59′58.2″,,中國(具名)
HIP 43496,恆星,5.73,132.8932,-7.1772,08h51m34.4s,-07°10′38.1″,,中國(具名)
HIP 43531,恆星,5.15,132.9867,+43.7268,08h51m56.8s,+43°43′36.5″,,中國(具名)、埃及、韓國
HIP 43575,恆星,6.23,133.1190,+28.2591,08h52m28.6s,+28°15′32.9″,,中國(具名)
HIP 43584,恆星,5.66,133.1442,+32.4742,08h52m34.6s,+32°28′27.2″,,中國(具名)
HIP 43587,恆星,5.95,133.1468,+28.3298,08h52m35.2s,+28°19′47.2″,Copernicus,中國(具名)
HIP 43644,恆星,5.74,133.3439,+61.9624,08h53m22.5s,+61°57′44.5″,,中國、中國(具名)
HIP 43721,恆星,5.97,133.5616,+30.5790,08h54m14.8s,+30°34′44.5″,,中國(具名)
HIP 43783,恆星,3.80,133.7616,-60.6444,08h55m02.8s,-60°38′40.0″,,中國(具名)
HIP 43813,恆星,3.10,133.8480,+5.9456,08h55m23.5s,+05°56′44.3″,Minazal V,中國、中國(具名)、呂埃勒、日本月站、西方/現代(星群)、西方/現代88星座、阿拉伯・蘇菲、阿拉伯・蘇菲(星群)、韓國
HIP 43822,恆星,6.70,133.8734,-7.9713,08h55m29.6s,-07°58′16.6″,,中國(具名)
HIP 43825,恆星,4.89,133.8819,-27.6823,08h55m31.7s,-27°40′56.3″,,中國、中國(具名)、阿拉伯・蘇菲
HIP 43834,恆星,5.22,133.9153,+27.9273,08h55m39.7s,+27°55′38.4″,,中國(具名)、韓國
HIP 43851,恆星,5.44,133.9814,+11.6260,08h55m55.5s,+11°37′33.5″,,中國(具名)
HIP 43903,恆星,5.56,134.1557,+64.6034,08h56m37.4s,+64°36′12.3″,,中國、中國(具名)
HIP 43932,恆星,5.44,134.2355,+32.9101,08h56m56.5s,+32°54′36.5″,,中國(具名)
HIP 43970,恆星,5.22,134.3126,+15.3229,08h57m15.0s,+15°19′22.3″,,中國(具名)
HIP 44001,恆星,5.68,134.3969,+15.5814,08h57m35.3s,+15°34′53.0″,,中國(具名)
HIP 44031,恆星,6.24,134.4947,+30.2339,08h57m58.7s,+30°14′02.2″,,中國(具名)
HIP 44066,恆星,4.25,134.6219,+11.8575,08h58m29.3s,+11°51′27.2″,Acubens,中國(具名)、呂埃勒、羅馬尼亞、西方/現代88星座、阿拉伯・蘇菲、韓國
HIP 44127,恆星,3.14,134.7990,+48.0409,08h59m11.7s,+48°02′27.1″,Talitha,中國、中國(具名)、呂埃勒、埃及、羅馬尼亞、西方/現代88星座、阿拉伯・古代、阿拉伯・蘇菲、阿拉伯・蘇菲(星群)、韓國、韓國(具名)
HIP 44154,恆星,5.22,134.8858,+32.4184,08h59m32.6s,+32°25′06.3″,,中國(具名)、韓國
HIP 44248,恆星,3.96,135.1574,+41.7818,09h00m37.8s,+41°46′54.3″,,中國、中國(具名)、呂埃勒、埃及、西方/現代88星座、阿拉伯・古代、韓國
HIP 44307,恆星,5.87,135.3505,+32.2523,09h01m24.1s,+32°15′08.3″,,中國(具名)
HIP 44336,恆星,7.38,135.4318,+17.0810,09h01m43.6s,+17°04′51.6″,,中國(具名)
HIP 44342,恆星,6.07,135.4532,+27.9022,09h01m48.8s,+27°54′08.1″,,中國(具名)
HIP 44382,恆星,3.99,135.6116,-66.3965,09h02m26.8s,-66°23′47.4″,,中國、中國(具名)、西方/現代88星座
HIP 44390,恆星,4.76,135.6360,+67.6297,09h02m32.6s,+67°37′46.9″,Althiba IV,中國、中國(具名)、阿拉伯・蘇菲、韓國
HIP 44405,恆星,5.45,135.6844,+24.4529,09h02m44.3s,+24°27′10.4″,,中國(具名)
HIP 44471,恆星,3.55,135.9062,+47.1563,09h03m37.5s,+47°09′22.6″,Alkaphrah,中國、中國(具名)、呂埃勒、羅馬尼亞、西方/現代88星座、阿拉伯・古代、阿拉伯・蘇菲、阿拉伯・蘇菲(星群)、韓國
HIP 44511,恆星,3.75,136.0384,-47.0978,09h04m09.2s,-47°05′52.0″,,中國(具名)、圖皮-瓜拉尼
HIP 44512,恆星,6.67,136.0411,+27.8983,09h04m09.9s,+27°53′53.9″,,中國(具名)
HIP 44625,恆星,7.43,136.4055,+64.0544,09h05m37.3s,+64°03′15.9″,,阿拉伯・蘇菲(星群)
HIP 44637,恆星,8.10,136.4396,+17.3901,09h05m45.5s,+17°23′24.3″,,中國(具名)
HIP 44659,恆星,4.98,136.4931,+5.0923,09h05m58.3s,+05°05′32.2″,,中國、中國(具名)、埃及、日本月站、阿拉伯・蘇菲、阿拉伯・蘇菲(星群)、韓國
HIP 44700,恆星,4.54,136.6322,+38.4521,09h06m31.7s,+38°27′07.7″,,中國、中國(具名)、埃及、西方/現代88星座、阿拉伯・古代、韓國
HIP 44798,恆星,5.24,136.9366,+10.6681,09h07m44.8s,+10°40′05.3″,,中國(具名)、阿拉伯・蘇菲(星群)、韓國
HIP 44816,恆星,2.21,136.9988,-43.4325,09h07m59.7s,-43°25′57.1″,Suhail,中國、中國(具名)、呂埃勒、圖皮-瓜拉尼、西方/現代88星座、阿拉伯・古代(具名)、阿拉伯・月站(具名)、阿拉伯・蘇菲、韓國
HIP 44818,恆星,5.42,137.0000,+29.6542,09h08m00.0s,+29°39′15.3″,,中國(具名)、韓國
HIP 44824,恆星,4.56,137.0122,-25.8585,09h08m02.9s,-25°51′30.7″,,韓國
HIP 44857,恆星,5.14,137.0977,+66.8731,09h08m23.4s,+66°52′23.0″,Althiba V,中國、中國(具名)
HIP 44883,恆星,5.61,137.1757,-8.5895,09h08m42.2s,-08°35′22.3″,,中國(具名)
HIP 44892,恆星,5.95,137.1965,+26.6275,09h08m47.2s,+26°37′38.9″,,中國(具名)
HIP 44901,恆星,4.48,137.2168,+51.6045,09h08m52.0s,+51°36′16.2″,Alhaud I,中國、中國(具名)、阿拉伯・古代、阿拉伯・蘇菲、阿拉伯・蘇菲(星群)、韓國
HIP 44918,恆星,7.18,137.2595,+17.4695,09h09m02.3s,+17°28′10.2″,,中國(具名)
HIP 44946,恆星,5.15,137.3397,+22.0455,09h09m21.5s,+22°02′43.7″,Nahn,中國(具名)
HIP 44961,恆星,5.46,137.3981,-8.7877,09h09m35.6s,-08°47′15.6″,,中國(具名)
HIP 45001,恆星,5.59,137.4850,-30.3656,09h09m56.4s,-30°21′56.2″,,韓國
HIP 45033,恆星,6.01,137.5869,+21.9964,09h10m20.9s,+21°59′47.2″,,中國(具名)
HIP 45038,恆星,4.81,137.5983,+67.1336,09h10m23.6s,+67°08′01.1″,Althiba VI,中國(具名)、阿拉伯・蘇菲、韓國
HIP 45075,恆星,4.64,137.7304,+63.5134,09h10m55.3s,+63°30′48.1″,Alhaud II,中國(具名)、納瓦荷、阿拉伯・古代、阿拉伯・蘇菲、阿拉伯・蘇菲(星群)、韓國、韓國(具名)
HIP 45080,恆星,3.40,137.7419,-58.9668,09h10m58.1s,-58°58′00.6″,,中國(具名)、圖皮-瓜拉尼、西方/現代88星座
HIP 45085,恆星,5.00,137.7683,-44.8679,09h11m04.4s,-44°52′04.4″,,圖皮-瓜拉尼
HIP 45101,恆星,3.94,137.8193,-62.3169,09h11m16.6s,-62°19′00.9″,,中國(具名)
HIP 45184,恆星,6.10,138.1085,-7.1098,09h12m26.0s,-07°06′35.1″,,中國(具名)
HIP 45238,恆星,1.69,138.2979,-69.7167,09h13m11.5s,-69°43′00.2″,Miaplacidus,中國、中國(具名)、呂埃勒、圖皮-瓜拉尼、西方/現代(星群)、西方/現代88星座
HIP 45290,恆星,5.28,138.4507,+43.2177,09h13m48.2s,+43°13′03.7″,,中國(具名)
HIP 45333,恆星,5.20,138.5855,+61.4232,09h14m20.5s,+61°25′23.4″,,中國、中國(具名)
HIP 45336,恆星,3.91,138.5917,+2.3129,09h14m22.0s,+02°18′46.4″,,中國、中國(具名)、呂埃勒、埃及、日本月站、西方/現代88星座、阿拉伯・蘇菲、阿拉伯・蘇菲(星群)、韓國
HIP 45410,恆星,5.35,138.8075,+14.9415,09h15m13.8s,+14°56′29.3″,,中國(具名)、阿拉伯・蘇菲(星群)、韓國
HIP 45412,恆星,5.99,138.8085,+34.6337,09h15m14.0s,+34°38′01.4″,,中國(具名)
HIP 45448,恆星,4.62,138.9379,-37.4132,09h15m45.1s,-37°24′47.4″,,圖皮-瓜拉尼
HIP 45455,恆星,5.27,138.9572,+56.7413,09h15m49.7s,+56°44′28.6″,,中國、中國(具名)
HIP 45493,恆星,4.80,139.0476,+54.0221,09h16m11.4s,+54°01′19.7″,Alhaud III,中國、中國(具名)、阿拉伯・蘇菲
HIP 45496,恆星,4.32,139.0501,-57.5415,09h16m12.0s,-57°32′29.5″,,東加
HIP 45526,恆星,5.47,139.1723,-8.7448,09h16m41.3s,-08°44′41.1″,,中國(具名)
HIP 45527,恆星,5.23,139.1740,-6.3531,09h16m41.8s,-06°21′11.3″,,中國(具名)
HIP 45556,恆星,2.26,139.2724,-59.2752,09h17m05.4s,-59°16′30.6″,Aspidiske,中國、中國(具名)、呂埃勒、圖皮-瓜拉尼、埃及、東加、西方/現代(星群)、西方/現代88星座、阿拉伯・蘇菲
HIP 45688,恆星,3.92,139.7108,+36.8020,09h18m50.6s,+36°48′07.3″,,中國、中國(具名)、呂埃勒、西方/現代88星座、韓國
HIP 45699,恆星,6.64,139.7446,+17.7048,09h18m58.7s,+17°42′17.3″,,中國(具名)
HIP 45751,恆星,4.77,139.9431,-11.9748,09h19m46.4s,-11°58′29.3″,,中國、中國(具名)、日本月站、韓國
HIP 45764,恆星,6.40,139.9814,+74.0163,09h19m55.5s,+74°00′58.7″,,阿拉伯・蘇菲(星群)
HIP 45811,恆星,4.81,140.1208,-9.5558,09h20m29.0s,-09°33′21.0″,,中國、中國(具名)、日本月站、韓國
HIP 45836,恆星,6.11,140.1821,+51.2667,09h20m43.7s,+51°16′00.1″,,中國(具名)
HIP 45860,恆星,3.14,140.2626,+34.3926,09h21m03.0s,+34°23′33.5″,,中國、中國(具名)、呂埃勒、埃及、西方/現代88星座、阿拉伯・古代、韓國
HIP 45896,恆星,6.18,140.3633,+32.9021,09h21m27.2s,+32°54′07.4″,,阿拉伯・蘇菲(星群)
HIP 45902,恆星,4.72,140.3732,-25.9655,09h21m29.6s,-25°57′55.7″,,韓國
HIP 45941,恆星,2.47,140.5283,-55.0106,09h22m06.8s,-55°00′38.2″,Markeb,中國、中國(具名)、呂埃勒、圖皮-瓜拉尼、埃及、東加、西方/現代(星群)、西方/現代88星座、韓國
HIP 45974,恆星,7.09,140.6340,+49.5448,09h22m32.2s,+49°32′41.3″,,中國(具名)
HIP 46026,恆星,4.68,140.8004,-28.8338,09h23m12.1s,-28°50′01.5″,,韓國
HIP 46058,恆星,6.40,140.8818,+25.1828,09h23m31.6s,+25°10′58.2″,,中國(具名)
HIP 46107,恆星,5.36,141.0346,-80.7863,09h24m08.3s,-80°47′10.6″,,中國、中國(具名)
HIP 46146,恆星,4.46,141.1634,+26.1821,09h24m39.2s,+26°10′55.6″,Al Minlear al Asad,中國、中國(具名)、呂埃勒、埃及、阿拉伯・蘇菲、阿拉伯・蘇菲(星群)、韓國
HIP 46221,恆星,5.58,141.3501,-5.1174,09h25m24.0s,-05°07′02.7″,,中國(具名)
HIP 46239,恆星,7.67,141.4074,+54.0158,09h25m37.8s,+54°00′57.0″,,中國(具名)
HIP 46351,恆星,7.56,141.7558,+47.7732,09h27m01.4s,+47°46′23.6″,,阿拉伯・蘇菲(星群)
HIP 46365,恆星,7.24,141.8109,-9.2238,09h27m14.6s,-09°13′25.5″,,中國(具名)
HIP 46371,恆星,4.69,141.8276,-22.3445,09h27m18.6s,-22°20′40.3″,,韓國
HIP 46390,恆星,1.97,141.8968,-8.6584,09h27m35.2s,-08°39′30.4″,Alphard,中國、中國(具名)、呂埃勒、埃及、日本月站、西方/現代88星座、阿拉伯・古代(具名)、阿拉伯・月站(具名)、阿拉伯・蘇菲、阿拉伯・蘇菲(具名)、韓國
HIP 46404,恆星,5.32,141.9440,-6.0716,09h27m46.5s,-06°04′17.9″,,阿拉伯・蘇菲、阿拉伯・蘇菲(星群)、韓國
HIP 46454,恆星,5.81,142.1144,+9.0568,09h28m27.5s,+09°03′24.4″,,中國、中國(具名)
HIP 46457,恆星,5.71,142.1214,+8.1882,09h28m29.1s,+08°11′17.4″,,中國(具名)
HIP 46471,恆星,5.39,142.1666,+45.6009,09h28m40.0s,+45°36′03.3″,Intercrus,中國(具名)
HIP 46509,恆星,4.60,142.2877,-2.7691,09h29m09.1s,-02°46′08.7″,Ukdah I,中國、中國(具名)、日本月站、西方/現代88星座、阿拉伯・蘇菲、阿拉伯・蘇菲(星群)、韓國
HIP 46578,恆星,5.48,142.4770,-26.5896,09h29m54.5s,-26°35′22.6″,,韓國
HIP 46651,恆星,3.91,142.6737,-40.4665,09h30m41.7s,-40°27′59.3″,,中國(具名)、圖皮-瓜拉尼、西方/現代88星座、阿拉伯・蘇菲、韓國
HIP 46652,恆星,5.86,142.6800,+33.6555,09h30m43.2s,+33°39′19.8″,,中國(具名)
HIP 46701,恆星,3.14,142.8052,-57.0344,09h31m13.3s,-57°02′03.7″,,中國、中國(具名)
HIP 46733,恆星,3.67,142.8832,+63.0620,09h31m32.0s,+63°03′43.1″,Alhaud IV,中國、中國(具名)、呂埃勒、納瓦荷、羅馬尼亞、西方/現代88星座、阿拉伯・古代、阿拉伯・古代(具名)、阿拉伯・蘇菲、阿拉伯・蘇菲(星群)、韓國、韓國(具名)
HIP 46735,恆星,5.37,142.8847,+35.1028,09h31m32.3s,+35°06′10.2″,,中國(具名)
HIP 46744,恆星,6.12,142.9125,-10.5521,09h31m39.0s,-10°33′07.5″,,中國、中國(具名)
HIP 46750,恆星,4.31,142.9300,+22.9678,09h31m43.2s,+22°58′04.2″,Alterf,中國、中國(具名)、呂埃勒、阿拉伯・古代(具名)、阿拉伯・蘇菲、阿拉伯・蘇菲(星群)、韓國
HIP 46771,恆星,4.96,142.9860,+11.2995,09h31m56.6s,+11°17′58.0″,,中國、中國(具名)、呂埃勒、阿拉伯・古代(具名)、阿拉伯・蘇菲、阿拉伯・蘇菲(星群)
HIP 46774,恆星,5.07,142.9899,+9.7157,09h31m57.6s,+09°42′56.6″,,中國(具名)、阿拉伯・古代(具名)
HIP 46776,恆星,4.55,142.9955,-1.1847,09h31m58.9s,-01°11′04.9″,Ukdah II,中國、中國(具名)、日本月站、西方/現代88星座、阿拉伯・蘇菲、阿拉伯・蘇菲(星群)、韓國
HIP 46853,恆星,3.18,143.2075,+51.6749,09h32m49.8s,+51°40′29.7″,Alhaud V,中國、中國(具名)、呂埃勒、埃及、羅馬尼亞、西方/現代88星座、阿拉伯・古代、阿拉伯・蘇菲、阿拉伯・蘇菲(星群)、韓國、韓國(具名)
HIP 46880,恆星,5.00,143.3018,-21.1157,09h33m12.4s,-21°06′56.4″,,韓國
HIP 46904,恆星,6.18,143.3767,+36.4868,09h33m30.4s,+36°29′12.5″,,中國(具名)
HIP 46928,恆星,5.06,143.4714,-80.9412,09h33m53.1s,-80°56′28.3″,,中國、中國(具名)
HIP 46952,恆星,4.60,143.5558,+36.3975,09h34m13.4s,+36°23′50.8″,,中國(具名)、呂埃勒、西方/現代88星座、韓國
HIP 46974,恆星,4.09,143.6110,-59.2297,09h34m26.6s,-59°13′47.0″,,中國、中國(具名)
HIP 46977,恆星,4.57,143.6194,+69.8307,09h34m28.7s,+69°49′50.5″,Althiba VII,中國、中國(具名)、西方/現代(星群)、阿拉伯・蘇菲、韓國
HIP 46982,恆星,5.55,143.6361,-5.9152,09h34m32.7s,-05°54′54.7″,Ukdah III,中國(具名)
HIP 47006,恆星,4.46,143.7055,+52.0513,09h34m49.3s,+52°03′04.7″,,中國(具名)、納瓦荷
HIP 47029,恆星,4.80,143.7658,+39.6216,09h35m03.8s,+39°37′17.7″,,韓國
HIP 47080,恆星,5.34,143.9106,+35.8090,09h35m38.5s,+35°48′32.3″,,中國(具名)
HIP 47096,恆星,6.30,143.9702,+14.3796,09h35m52.8s,+14°22′46.5″,,中國(具名)
HIP 47187,恆星,5.68,144.2506,-25.2966,09h37m00.1s,-25°17′47.8″,,韓國
HIP 47189,恆星,5.73,144.2607,+16.4379,09h37m02.6s,+16°26′16.6″,,中國(具名)
HIP 47193,恆星,4.25,144.2716,+81.3263,09h37m05.2s,+81°19′34.7″,,中國(具名)、阿拉伯・蘇菲(星群)
HIP 47205,恆星,5.01,144.3025,+6.8358,09h37m12.6s,+06°50′08.8″,,中國(具名)
HIP 47247,恆星,6.60,144.4574,+24.6702,09h37m49.8s,+24°40′12.7″,,中國(具名)
HIP 47249,恆星,6.39,144.4643,-9.4244,09h37m51.4s,-09°25′27.9″,,中國(具名)
HIP 47266,恆星,6.61,144.5050,+14.3469,09h38m01.2s,+14°20′48.8″,,中國(具名)
HIP 47300,恆星,5.28,144.5907,+40.2398,09h38m21.8s,+40°14′23.4″,,中國(具名)
HIP 47310,恆星,4.68,144.6130,+4.6491,09h38m27.1s,+04°38′56.6″,,中國(具名)
HIP 47427,恆星,6.32,144.9475,-10.5703,09h39m47.4s,-10°34′12.9″,,中國(具名)
HIP 47431,恆星,3.91,144.9642,-1.1431,09h39m51.4s,-01°08′35.1″,Ukdah,中國、中國(具名)、呂埃勒、埃及、日本月站、阿拉伯・蘇菲、阿拉伯・蘇菲(星群)、韓國
HIP 47436,恆星,6.90,144.9905,+35.3360,09h39m57.7s,+35°20′09.5″,,中國(具名)
HIP 47452,恆星,5.05,145.0764,-14.3324,09h40m18.3s,-14°19′56.6″,Al Sharasif I,中國、中國(具名)、日本月站、阿拉伯・蘇菲(星群)、韓國
HIP 47508,恆星,3.52,145.2870,+9.8921,09h41m08.9s,+09°53′31.7″,Subra,中國、中國(具名)、呂埃勒、埃及、阿拉伯・古代、阿拉伯・月站、阿拉伯・蘇菲、阿拉伯・阿拉伯半島、韓國、韓國(具名)
HIP 47522,恆星,4.76,145.3207,-23.5915,09h41m17.0s,-23°35′29.4″,,韓國
HIP 47550,恆星,6.25,145.4103,+25.9127,09h41m38.5s,+25°54′45.8″,,中國(具名)
HIP 47570,恆星,5.61,145.5011,+39.7576,09h42m00.3s,+39°45′27.5″,,中國(具名)
HIP 47594,恆星,5.72,145.5609,+69.2372,09h42m14.6s,+69°14′14.0″,,西方/現代(星群)、韓國
HIP 47617,恆星,6.92,145.6443,+32.9949,09h42m34.6s,+32°59′41.8″,,中國、中國(具名)
HIP 47631,恆星,6.14,145.6780,+35.0931,09h42m42.7s,+35°05′35.3″,,中國、中國(具名)
HIP 47654,恆星,5.14,145.7379,+72.2525,09h42m57.1s,+72°15′09.0″,,中國(具名)、韓國
HIP 47701,恆星,5.62,145.8885,+29.9740,09h43m33.2s,+29°58′26.5″,,中國、中國(具名)
HIP 47723,恆星,5.35,145.9330,+14.0217,09h43m43.9s,+14°01′18.1″,,中國、中國(具名)、阿拉伯・蘇菲
HIP 47758,恆星,4.79,146.0501,-27.7693,09h44m12.0s,-27°46′09.6″,,韓國
HIP 47854,恆星,3.75,146.3116,-62.5079,09h45m14.8s,-62°30′28.3″,,中國、中國(具名)、圖皮-瓜拉尼
HIP 47908,恆星,2.98,146.4626,+23.7742,09h45m51.0s,+23°46′27.1″,Algenubi,中國、中國(具名)、呂埃勒、埃及、夏威夷星線、羅馬尼亞、薩丁尼亞、西方/現代(星群)、西方/現代88星座、阿拉伯・古代、阿拉伯・月站、阿拉伯・蘇菲、阿拉伯・蘇菲(星群)、阿拉伯・阿拉伯半島、韓國
HIP 47911,恆星,6.52,146.4805,+63.6531,09h45m55.3s,+63°39′11.2″,,中國(具名)、阿拉伯・蘇菲(星群)
HIP 47959,恆星,5.64,146.5971,+11.8101,09h46m23.3s,+11°48′36.4″,,中國(具名)
HIP 47965,恆星,5.20,146.6319,+57.1282,09h46m31.7s,+57°07′41.6″,,中國(具名)
HIP 48002,恆星,2.99,146.7754,-65.0720,09h47m06.1s,-65°04′19.1″,,中國、中國(具名)、呂埃勒、圖皮-瓜拉尼、西方/現代(星群)
HIP 48087,恆星,7.04,147.0529,-7.2458,09h48m12.7s,-07°14′44.9″,,中國(具名)
HIP 48218,恆星,6.08,147.4585,+21.1794,09h49m50.0s,+21°10′45.7″,,中國(具名)
HIP 48256,恆星,6.65,147.5578,+39.6317,09h50m13.9s,+39°37′54.2″,,中國(具名)
HIP 48273,恆星,6.22,147.6247,+4.3434,09h50m29.9s,+04°20′36.3″,,中國(具名)
HIP 48286,恆星,7.09,147.6712,-7.3823,09h50m41.1s,-07°22′56.4″,,中國(具名)
HIP 48319,恆星,3.81,147.7448,+59.0381,09h50m58.7s,+59°02′17.0″,Alhaud VI,中國、中國(具名)、呂埃勒、羅馬尼亞、西方/現代88星座、阿拉伯・古代、阿拉伯・古代(具名)、阿拉伯・蘇菲、阿拉伯・蘇菲(星群)、韓國
HIP 48324,恆星,6.45,147.7584,+13.0662,09h51m02.0s,+13°03′58.3″,,中國(具名)
HIP 48341,恆星,6.02,147.8085,-4.2435,09h51m14.0s,-04°14′36.5″,,中國(具名)
HIP 48356,恆星,4.11,147.8696,-14.8467,09h51m28.7s,-14°50′48.3″,Zhang,中國、中國(具名)、埃及、日本月站、西方/現代88星座、阿拉伯・蘇菲、阿拉伯・蘇菲(星群)、韓國
HIP 48390,恆星,5.28,147.9710,+24.3946,09h51m53.0s,+24°23′40.5″,,中國(具名)
HIP 48402,恆星,4.56,148.0264,+54.0644,09h52m06.3s,+54°03′51.9″,Alhaud VII,中國、中國(具名)、納瓦荷、羅馬尼亞、西方/現代88星座、阿拉伯・古代、阿拉伯・蘇菲、阿拉伯・蘇菲(星群)、韓國
HIP 48414,恆星,6.04,148.0499,+2.4546,09h52m12.0s,+02°27′16.4″,,中國(具名)
HIP 48428,恆星,6.71,148.0898,+37.9144,09h52m21.6s,+37°54′51.8″,,中國(具名)
HIP 48437,恆星,5.81,148.1266,-8.1052,09h52m30.4s,-08°06′18.8″,,中國(具名)
HIP 48455,恆星,3.88,148.1898,+26.0067,09h52m45.6s,+26°00′24.1″,Rasalas,中國、中國(具名)、呂埃勒、埃及、夏威夷星線、羅馬尼亞、薩丁尼亞、西方/現代(星群)、西方/現代88星座、阿拉伯・古代、阿拉伯・古代(具名)、阿拉伯・蘇菲、阿拉伯・蘇菲(星群)、韓國
HIP 48552,恆星,6.70,148.5278,+4.9455,09h54m06.7s,+04°56′43.7″,,中國(具名)
HIP 48559,恆星,4.88,148.5504,-25.9321,09h54m12.1s,-25°55′55.5″,,韓國
HIP 48584,恆星,6.21,148.6324,-22.4875,09h54m31.8s,-22°29′14.9″,,韓國
HIP 48615,恆星,4.94,148.7173,-19.0095,09h54m52.2s,-19°00′34.3″,Felis,韓國
HIP 48638,恆星,6.29,148.7641,+61.1161,09h55m03.4s,+61°06′58.0″,,阿拉伯・蘇菲(星群)
HIP 48682,恆星,5.27,148.9291,+49.8199,09h55m43.0s,+49°49′11.8″,,中國(具名)、阿拉伯・古代
HIP 48734,恆星,5.85,149.1078,+8.9332,09h56m25.9s,+08°55′59.7″,,中國(具名)
HIP 48742,恆星,6.55,149.1304,+32.3847,09h56m31.3s,+32°23′04.9″,,中國、中國(具名)
HIP 48774,恆星,3.45,149.2155,-54.5678,09h56m51.7s,-54°34′04.0″,,圖皮-瓜拉尼、西方/現代88星座、阿拉伯・蘇菲
HIP 48833,恆星,5.10,149.4204,+41.0555,09h57m40.9s,+41°03′19.9″,,中國(具名)、韓國
HIP 48876,恆星,6.03,149.5319,+8.3139,09h58m07.6s,+08°18′49.9″,,中國(具名)
HIP 48883,恆星,5.26,149.5556,+12.4447,09h58m13.3s,+12°26′41.0″,,中國(具名)、阿拉伯・蘇菲
HIP 48893,恆星,5.83,149.5936,+72.8794,09h58m22.5s,+72°52′45.7″,,阿拉伯・蘇菲(星群)
HIP 48926,恆星,5.22,149.7173,-35.8910,09h58m52.2s,-35°53′27.8″,,西方/現代88星座
HIP 48990,恆星,6.69,149.9292,+3.3849,09h59m43.0s,+03°23′05.7″,,中國(具名)
HIP 49029,恆星,4.70,150.0532,+8.0441,10h00m12.8s,+08°02′38.8″,,中國(具名)、呂埃勒、阿拉伯・蘇菲
HIP 49081,恆星,5.37,150.2500,+31.9218,10h00m60.0s,+31°55′18.3″,,中國(具名)
HIP 49321,恆星,6.23,151.0116,-18.1014,10h04m02.8s,-18°06′05.0″,,中國、中國(具名)
HIP 49329,恆星,6.43,151.0348,+3.2006,10h04m08.4s,+03°12′02.3″,,中國(具名)
HIP 49363,恆星,5.71,151.1512,+53.8917,10h04m36.3s,+53°53′30.1″,,阿拉伯・蘇菲(星群)
HIP 49402,恆星,4.59,151.2809,-13.0645,10h05m07.4s,-13°03′52.3″,,中國(具名)、日本月站、阿拉伯・蘇菲、阿拉伯・蘇菲(星群)、韓國
HIP 49530,恆星,6.19,151.6975,+5.6114,10h06m47.4s,+05°36′41.1″,,中國(具名)
HIP 49583,恆星,3.41,151.8331,+16.7627,10h07m20.0s,+16°45′45.6″,Al Jabhah,中國、中國(具名)、呂埃勒、埃及、夏威夷星線、羅馬尼亞、薩丁尼亞、西方/現代(星群)、西方/現代88星座、阿拉伯・古代、阿拉伯・月站、阿拉伯・蘇菲、阿拉伯・蘇菲(星群)、阿拉伯・阿拉伯半島、韓國、韓國(具名)
HIP 49593,恆星,4.49,151.8576,+35.2447,10h07m25.8s,+35°14′40.9″,,中國、中國(具名)、呂埃勒、埃及、西方/現代88星座、韓國
HIP 49637,恆星,4.38,151.9758,+9.9972,10h07m54.2s,+09°59′50.0″,,中國、中國(具名)、阿拉伯・蘇菲、韓國、韓國(具名)
HIP 49641,恆星,4.49,151.9845,-0.3717,10h07m56.3s,-00°22′18.2″,,西方/現代88星座、阿拉伯・蘇菲(星群)
HIP 49669,恆星,1.40,152.0918,+11.9672,10h08m22.0s,+11°58′02.0″,Regulus,中國、中國(具名)、印度(星群)、印度吠陀、印度吠陀(具名)、呂埃勒、埃及、夏威夷星線、布吉斯、羅馬尼亞、薩丁尼亞、西方/現代(星群)、西方/現代88星座、阿拉伯・古代、阿拉伯・月站、阿拉伯・蘇菲(具名)、阿拉伯・蘇菲(星群)、阿拉伯・阿拉伯半島、韓國、韓國(具名)
HIP 49765,恆星,7.11,152.3795,+68.6638,10h09m31.1s,+68°39′49.8″,,西方/現代(星群)、阿拉伯・蘇菲(星群)
HIP 49809,恆星,5.30,152.5240,-12.8164,10h10m05.8s,-12°48′59.1″,,中國(具名)
HIP 49812,恆星,5.90,152.5313,-8.4082,10h10m07.5s,-08°24′29.4″,,中國、中國(具名)
HIP 49841,恆星,3.61,152.6460,-12.3545,10h10m35.1s,-12°21′16.0″,,中國、中國(具名)、呂埃勒、日本月站、西方/現代88星座、阿拉伯・古代、阿拉伯・蘇菲、韓國
HIP 49850,恆星,7.95,152.6784,+15.7041,10h10m42.8s,+15°42′14.9″,,中國(具名)
HIP 49865,恆星,5.62,152.7328,-8.4187,10h10m55.9s,-08°25′07.2″,,中國(具名)
HIP 49929,恆星,6.43,152.9094,+13.3550,10h11m38.3s,+13°21′17.8″,,中國(具名)
HIP 50027,恆星,5.78,153.2013,+4.6146,10h12m48.3s,+04°36′52.7″,,中國(具名)
HIP 50099,恆星,3.33,153.4338,-70.0379,10h13m44.1s,-70°02′16.3″,,中國、中國(具名)、呂埃勒、圖皮-瓜拉尼、西方/現代(星群)、西方/現代88星座
HIP 50100,恆星,7.22,153.4341,-7.3840,10h13m44.2s,-07°23′02.2″,,中國(具名)
HIP 50140,恆星,6.98,153.5350,-7.9936,10h14m08.4s,-07°59′37.0″,,中國(具名)
HIP 50191,恆星,3.85,153.6831,-42.1217,10h14m43.9s,-42°07′18.2″,,中國(具名)、西方/現代88星座、韓國
HIP 50218,恆星,6.46,153.7762,+31.4681,10h15m06.3s,+31°28′05.0″,,中國、中國(具名)
HIP 50303,恆星,5.49,154.0598,+29.3104,10h16m14.3s,+29°18′37.3″,,中國(具名)、阿拉伯・古代
HIP 50316,恆星,6.46,154.1167,+28.6821,10h16m28.0s,+28°40′55.4″,,中國(具名)
HIP 50319,恆星,5.96,154.1336,+23.5033,10h16m32.1s,+23°30′11.7″,,中國(具名)
HIP 50333,恆星,5.41,154.1696,+13.7283,10h16m40.7s,+13°43′41.8″,,中國(具名)
HIP 50335,恆星,3.41,154.1727,+23.4173,10h16m41.4s,+23°25′02.2″,Adhafera,中國、中國(具名)、呂埃勒、埃及、夏威夷星線、羅馬尼亞、薩丁尼亞、西方/現代(星群)、西方/現代88星座、阿拉伯・古代、阿拉伯・月站、阿拉伯・蘇菲、阿拉伯・蘇菲(星群)、阿拉伯・阿拉伯半島、韓國、韓國(具名)
HIP 50371,恆星,3.35,154.2705,-61.3323,10h17m04.9s,-61°19′56.2″,,中國、中國(具名)、圖皮-瓜拉尼、西方/現代(星群)、西方/現代88星座、韓國
HIP 50372,恆星,3.45,154.2732,+42.9142,10h17m05.6s,+42°54′51.1″,Tania Borealis,中國、中國(具名)、呂埃勒、埃及、羅馬尼亞、西方/現代88星座、阿拉伯・古代、阿拉伯・蘇菲、阿拉伯・蘇菲(星群)、韓國、韓國(具名)
HIP 50384,恆星,5.82,154.3086,+23.1058,10h17m14.1s,+23°06′20.8″,,中國(具名)
HIP 50414,恆星,5.24,154.4068,-8.0689,10h17m37.6s,-08°04′08.0″,,中國、中國(具名)
HIP 50448,恆星,5.76,154.5075,+65.1083,10h18m01.8s,+65°06′29.9″,,中國(具名)
HIP 50485,恆星,6.53,154.6360,+43.0481,10h18m32.6s,+43°02′53.1″,,中國(具名)
HIP 50555,恆星,4.54,154.9030,-55.0293,10h19m36.7s,-55°01′45.5″,,西方/現代(星群)
HIP 50564,恆星,4.75,154.9329,+19.4700,10h19m43.9s,+19°28′11.9″,,中國(具名)
HIP 50583,恆星,2.37,154.9946,+19.8408,10h19m58.7s,+19°50′26.9″,Algieba,中國、中國(具名)、呂埃勒、埃及、夏威夷星線、毛利(具名)、羅馬尼亞、薩丁尼亞、西方/現代(星群)、西方/現代88星座、阿拉伯・古代、阿拉伯・月站、阿拉伯・蘇菲、阿拉伯・蘇菲(星群)、阿拉伯・阿拉伯半島、韓國、韓國(具名)
HIP 50676,恆星,4.51,155.2282,-56.0432,10h20m54.8s,-56°02′35.6″,,西方/現代(星群)
HIP 50684,恆星,6.64,155.2583,+2.2897,10h21m02.0s,+02°17′23.0″,,中國(具名)
HIP 50685,恆星,5.90,155.2633,+68.7475,10h21m03.2s,+68°44′51.0″,,西方/現代(星群)
HIP 50687,恆星,6.78,155.2653,+41.8494,10h21m03.7s,+41°50′57.9″,,中國(具名)
HIP 50755,恆星,6.16,155.4594,+14.9757,10h21m50.3s,+14°58′32.6″,,中國(具名)
HIP 50801,恆星,3.05,155.5818,+41.4997,10h22m19.6s,+41°29′58.8″,Tania Australis,中國、中國(具名)、呂埃勒、埃及、羅馬尼亞、西方/現代88星座、阿拉伯・古代、阿拉伯・蘇菲、阿拉伯・蘇菲(星群)、韓國
HIP 50851,恆星,6.08,155.7518,+6.5422,10h23m00.4s,+06°32′31.9″,,中國(具名)
HIP 50857,恆星,7.10,155.7719,+35.2176,10h23m05.2s,+35°13′03.2″,,中國(具名)
HIP 50860,恆星,5.90,155.7763,+33.9081,10h23m06.3s,+33°54′29.2″,,中國(具名)
HIP 50885,恆星,5.97,155.8601,-4.0740,10h23m26.4s,-04°04′26.5″,,中國(具名)
HIP 50887,恆星,6.44,155.8685,-0.9024,10h23m28.4s,-00°54′08.7″,,中國(具名)
HIP 50933,恆星,4.93,156.0326,+65.5663,10h24m07.8s,+65°33′58.8″,,西方/現代(星群)、韓國
HIP 50935,恆星,5.50,156.0358,+33.7185,10h24m08.6s,+33°43′06.7″,,中國(具名)
HIP 50954,恆星,4.01,156.0985,-74.0317,10h24m23.6s,-74°01′54.3″,,中國(具名)、圖皮-瓜拉尼、西方/現代(星群)
HIP 51008,恆星,5.61,156.3134,+8.7847,10h25m15.2s,+08°47′04.8″,,中國(具名)
HIP 51047,恆星,6.47,156.4366,+35.4252,10h25m44.8s,+35°25′30.6″,,中國(具名)
HIP 51056,恆星,4.72,156.4780,+33.7959,10h25m54.7s,+33°47′45.1″,,中國(具名)、呂埃勒
HIP 51069,恆星,3.81,156.5220,-16.8366,10h26m05.3s,-16°50′11.9″,,中國、中國(具名)、呂埃勒、埃及、日本月站、西方/現代88星座、阿拉伯・蘇菲、阿拉伯・蘇菲(星群)、韓國
HIP 51117,恆星,6.30,156.6536,-0.9880,10h26m36.9s,-00°59′16.9″,,中國(具名)
HIP 51135,恆星,6.55,156.6951,-4.3884,10h26m46.8s,-04°23′18.1″,,中國(具名)
HIP 51140,恆星,5.55,156.7037,-54.8773,10h26m48.9s,-54°52′38.2″,,西方/現代(星群)
HIP 51172,恆星,4.25,156.7875,-31.0677,10h27m09.0s,-31°04′03.8″,,西方/現代88星座、韓國
HIP 51213,恆星,6.04,156.9125,+9.7624,10h27m39.0s,+09°45′44.5″,,中國(具名)
HIP 51232,恆星,3.81,156.9696,-58.7394,10h27m52.7s,-58°44′21.8″,,中國、中國(具名)、西方/現代(星群)、西方/現代88星座、韓國
HIP 51233,恆星,4.21,156.9702,+36.7068,10h27m52.9s,+36°42′24.5″,,中國(具名)、呂埃勒、埃及、西方/現代88星座、韓國、韓國(具名)
HIP 51313,恆星,5.27,157.2189,-64.1723,10h28m52.5s,-64°10′20.2″,,圖皮-瓜拉尼
HIP 51362,恆星,5.18,157.3694,-2.7391,10h29m28.7s,-02°44′20.9″,,中國(具名)
HIP 51384,恆星,5.51,157.4170,+84.2518,10h29m40.1s,+84°15′06.6″,,中國、中國(具名)
HIP 51401,恆星,6.31,157.4769,+65.6261,10h29m54.5s,+65°37′34.0″,,中國(具名)、阿拉伯・蘇菲(星群)
HIP 51420,恆星,5.78,157.5268,+38.9251,10h30m06.4s,+38°55′30.4″,,中國(具名)
HIP 51437,恆星,5.10,157.5727,-0.6371,10h30m17.4s,-00°38′13.7″,,中國(具名)、西方/現代88星座、阿拉伯・蘇菲(星群)
HIP 51448,恆星,6.09,157.6103,+64.2575,10h30m26.5s,+64°15′26.9″,,韓國
HIP 51451,恆星,6.97,157.6294,+2.1500,10h30m31.1s,+02°09′00.1″,,中國(具名)
HIP 51459,恆星,4.79,157.6552,+55.9804,10h30m37.2s,+55°58′49.4″,,中國(具名)、納瓦荷、韓國
HIP 51502,恆星,5.25,157.7667,+82.5587,10h31m04.0s,+82°33′31.5″,,中國、中國(具名)
HIP 51523,恆星,4.89,157.8378,-53.7146,10h31m21.1s,-53°42′52.4″,,圖皮-瓜拉尼、西方/現代(星群)
HIP 51556,恆星,5.91,157.9642,+32.3796,10h31m51.4s,+32°22′46.5″,,中國、中國(具名)
HIP 51561,恆星,5.67,157.9892,-45.0667,10h31m57.4s,-45°04′00.2″,,西方/現代(星群)、韓國
HIP 51576,恆星,3.27,158.0059,-61.6853,10h32m01.4s,-61°41′07.0″,,中國、中國(具名)、呂埃勒、西方/現代(星群)、韓國
HIP 51585,恆星,5.46,158.0489,+14.1374,10h32m11.7s,+14°08′14.6″,,中國、中國(具名)
HIP 51592,恆星,7.10,158.0770,+4.6455,10h32m18.5s,+04°38′43.8″,,中國(具名)
HIP 51610,恆星,5.90,158.1400,-44.6186,10h32m33.6s,-44°37′07.0″,,西方/現代(星群)
HIP 51614,恆星,7.61,158.1714,-16.9591,10h32m41.1s,-16°57′32.8″,,中國(具名)
HIP 51624,恆星,3.87,158.2028,+9.3066,10h32m48.7s,+09°18′23.7″,,中國、中國(具名)、呂埃勒、阿拉伯・蘇菲、韓國、韓國(具名)
HIP 51635,恆星,5.03,158.2368,-47.0033,10h32m56.8s,-47°00′12.0″,,西方/現代(星群)、韓國
HIP 51685,恆星,5.58,158.3786,+34.9887,10h33m30.9s,+34°59′19.3″,,中國、中國(具名)
HIP 51697,恆星,6.53,158.4322,+53.4973,10h33m43.7s,+53°29′50.1″,,阿拉伯・蘇菲(星群)
HIP 51718,恆星,5.06,158.5036,-23.7451,10h34m00.9s,-23°44′42.3″,,中國(具名)
HIP 51734,恆星,7.57,158.5557,+73.8344,10h34m13.4s,+73°50′03.8″,,中國、中國(具名)
HIP 51775,恆星,5.07,158.6996,+6.9540,10h34m47.9s,+06°57′14.4″,,中國、中國(具名)
HIP 51802,恆星,5.79,158.7588,+8.6504,10h35m02.1s,+08°39′01.5″,,中國(具名)
HIP 51808,恆星,4.85,158.7725,+75.7129,10h35m05.4s,+75°42′46.5″,,中國、中國(具名)、阿拉伯・蘇菲(星群)
HIP 51814,恆星,5.15,158.7909,+57.0828,10h35m09.8s,+57°04′58.1″,,中國(具名)、韓國
HIP 51816,恆星,6.10,158.7931,-43.6644,10h35m10.3s,-43°39′52.0″,,西方/現代(星群)
HIP 51839,恆星,4.12,158.8663,-78.6077,10h35m27.9s,-78°36′27.9″,,中國、中國(具名)、西方/現代88星座
HIP 51849,恆星,4.43,158.8969,-57.5576,10h35m35.3s,-57°33′27.5″,,韓國
HIP 51905,恆星,6.01,159.0693,-16.3443,10h36m16.6s,-16°20′39.5″,,中國(具名)
HIP 51914,恆星,6.29,159.0895,+36.3268,10h36m21.5s,+36°19′36.4″,,中國(具名)
HIP 51986,恆星,3.84,159.3245,-48.2257,10h37m17.9s,-48°13′32.4″,,中國(具名)、西方/現代(星群)、西方/現代88星座、韓國
HIP 51992,恆星,6.53,159.3353,+56.4313,10h37m20.5s,+56°25′52.7″,,阿拉伯・蘇菲(星群)
HIP 52032,恆星,6.41,159.4677,+34.0786,10h37m52.2s,+34°04′43.1″,,中國(具名)
HIP 52064,恆星,6.77,159.5826,+60.1236,10h38m19.8s,+60°07′25.1″,,阿拉伯・蘇菲(星群)
HIP 52085,恆星,4.90,159.6452,-16.8765,10h38m34.8s,-16°52′35.2″,,中國、中國(具名)、日本月站、阿拉伯・蘇菲、阿拉伯・蘇菲(星群)、韓國
HIP 52098,恆星,4.68,159.6801,+31.9763,10h38m43.2s,+31°58′34.6″,,中國(具名)、呂埃勒、韓國、韓國(具名)
HIP 52112,恆星,6.11,159.7095,-42.7535,10h38m50.3s,-42°45′12.6″,,西方/現代(星群)
HIP 52120,恆星,6.60,159.7275,+16.1273,10h38m54.6s,+16°07′38.4″,,中國(具名)
HIP 52136,恆星,5.54,159.7729,+53.6679,10h39m05.5s,+53°40′04.6″,,韓國
HIP 52139,恆星,5.83,159.7806,+37.9098,10h39m07.3s,+37°54′35.3″,,中國(具名)
HIP 52150,恆星,6.06,159.8159,-74.4934,10h39m15.8s,-74°29′36.2″,,西方/現代(星群)
HIP 52154,恆星,4.27,159.8265,-55.6032,10h39m18.4s,-55°36′11.7″,,西方/現代(星群)
HIP 52240,恆星,7.10,160.0883,+27.5253,10h40m21.2s,+27°31′30.9″,,中國(具名)
HIP 52264,恆星,7.94,160.1922,+41.5267,10h40m46.1s,+41°31′36.0″,,阿拉伯・蘇菲(星群)
HIP 52316,恆星,6.25,160.3502,-1.7420,10h41m24.0s,-01°44′31.3″,,中國(具名)
HIP 52353,恆星,5.12,160.4839,+65.7160,10h41m56.1s,+65°42′57.5″,,中國(具名)、西方/現代(星群)、韓國
HIP 52401,恆星,6.58,160.6558,+3.5833,10h42m37.4s,+03°34′59.8″,,中國(具名)
HIP 52419,恆星,2.76,160.7390,-64.3944,10h42m57.4s,-64°23′39.9″,,中國、中國(具名)、呂埃勒、圖皮-瓜拉尼、西方/現代(星群)、西方/現代88星座、韓國
HIP 52422,恆星,5.51,160.7574,+26.3253,10h43m01.8s,+26°19′31.0″,,中國(具名)
HIP 52425,恆星,4.99,160.7668,+69.0762,10h43m04.0s,+69°04′34.2″,,西方/現代(星群)、韓國
HIP 52452,恆星,6.09,160.8373,+4.7475,10h43m20.9s,+04°44′51.1″,,中國(具名)
HIP 52457,恆星,5.07,160.8534,+23.1884,10h43m24.8s,+23°11′18.4″,,中國、中國(具名)
HIP 52468,恆星,4.54,160.8844,-60.5666,10h43m32.3s,-60°33′59.8″,,呂埃勒、西方/現代88星座、韓國
HIP 52469,恆星,5.15,160.8853,+46.2036,10h43m32.5s,+46°12′12.9″,,阿拉伯・古代
HIP 52478,恆星,5.78,160.9307,+57.1990,10h43m43.4s,+57°11′56.3″,,中國(具名)、韓國
HIP 52520,恆星,6.23,161.0828,-70.8597,10h44m19.9s,-70°51′35.0″,,西方/現代(星群)
HIP 52558,恆星,7.50,161.1876,-59.5652,10h44m45.0s,-59°33′54.6″,,中國
HIP 52584,恆星,6.27,161.2892,+2.4879,10h45m09.4s,+02°29′16.4″,,中國(具名)
HIP 52633,恆星,4.43,161.4449,-80.5402,10h45m46.8s,-80°32′24.6″,,中國、中國(具名)
HIP 52638,恆星,5.35,161.4661,+30.6821,10h45m51.9s,+30°40′55.7″,,中國、中國(具名)
HIP 52650,恆星,7.11,161.4996,+56.9209,10h45m59.9s,+56°55′15.3″,,中國(具名)
HIP 52660,恆星,6.37,161.5236,+6.3730,10h46m05.7s,+06°22′22.9″,,中國(具名)
HIP 52685,恆星,6.34,161.5932,+57.3657,10h46m22.4s,+57°21′56.4″,,中國(具名)
HIP 52686,恆星,5.49,161.6027,+18.8913,10h46m24.7s,+18°53′28.8″,,中國、中國(具名)
HIP 52689,恆星,5.48,161.6047,+14.1944,10h46m25.1s,+14°11′39.7″,,中國、中國(具名)
HIP 52727,恆星,2.69,161.6929,-49.4205,10h46m46.3s,-49°25′13.7″,,中國(具名)、呂埃勒、西方/現代(星群)、西方/現代88星座、韓國
HIP 52737,恆星,5.44,161.7168,-17.2970,10h46m52.0s,-17°17′49.1″,,中國(具名)
HIP 52742,恆星,5.23,161.7393,-56.7572,10h46m57.4s,-56°45′25.9″,,韓國
HIP 52763,恆星,7.13,161.8296,+6.3461,10h47m19.1s,+06°20′46.0″,,中國(具名)
HIP 52877,恆星,6.40,162.2079,+65.1325,10h48m49.9s,+65°07′57.1″,,西方/現代(星群)
HIP 52882,恆星,6.15,162.2380,+29.4159,10h48m57.1s,+29°24′57.2″,,中國(具名)
HIP 52884,恆星,7.08,162.2413,-9.1001,10h48m57.9s,-09°06′00.4″,,中國(具名)
HIP 52911,恆星,5.31,162.3143,+10.5451,10h49m15.4s,+10°32′42.3″,,中國、中國(具名)、阿拉伯・蘇菲
HIP 52913,恆星,7.07,162.3217,-4.0239,10h49m17.2s,-04°01′26.2″,,中國(具名)
HIP 52943,恆星,3.11,162.4066,-16.1928,10h49m37.6s,-16°11′33.9″,,中國、中國(具名)、呂埃勒、日本月站、西方/現代88星座、阿拉伯・古代、阿拉伯・蘇菲、阿拉伯・蘇菲(星群)、韓國
HIP 52959,恆星,6.05,162.4738,+27.9741,10h49m53.7s,+27°58′26.7″,,中國(具名)、阿拉伯・蘇菲(星群)
HIP 52980,恆星,5.79,162.5752,-8.8978,10h50m18.1s,-08°53′52.2″,,中國(具名)
HIP 53037,恆星,6.56,162.7748,-18.3322,10h51m05.9s,-18°19′55.8″,,中國(具名)
HIP 53043,恆星,5.66,162.7953,+56.5823,10h51m10.9s,+56°34′56.2″,,中國(具名)、韓國
HIP 53064,恆星,5.56,162.8486,+59.3199,10h51m23.7s,+59°19′11.6″,,中國(具名)
HIP 53106,恆星,6.56,162.9728,-49.1578,10h51m53.5s,-49°09′28.0″,,西方/現代(星群)
HIP 53229,恆星,3.83,163.3284,+34.2137,10h53m18.8s,+34°12′49.2″,Praecipua,中國、中國(具名)、呂埃勒、埃及、西方/現代88星座
HIP 53252,恆星,5.24,163.3734,-20.1398,10h53m29.6s,-20°08′23.2″,,中國(具名)
HIP 53253,恆星,3.79,163.3742,-58.8530,10h53m29.8s,-58°51′10.8″,,西方/現代(星群)、西方/現代88星座、韓國
HIP 53261,恆星,5.11,163.3930,+54.5851,10h53m34.3s,+54°35′06.3″,,中國(具名)、韓國
HIP 53272,恆星,6.39,163.4250,-70.7203,10h53m42.0s,-70°43′13.2″,,西方/現代(星群)
HIP 53273,恆星,5.45,163.4318,-2.1291,10h53m43.6s,-02°07′44.9″,,阿拉伯・蘇菲(星群)
HIP 53295,恆星,4.66,163.4950,+43.1899,10h53m58.8s,+43°11′23.5″,,中國、中國(具名)
HIP 53355,恆星,6.19,163.6754,+25.4907,10h54m42.1s,+25°29′26.6″,,中國(具名)
HIP 53377,恆星,5.72,163.7421,+34.0346,10h54m58.1s,+34°02′04.6″,,中國(具名)
HIP 53379,恆星,6.11,163.7540,-42.2511,10h55m00.9s,-42°15′04.0″,,西方/現代(星群)
HIP 53417,恆星,4.48,163.9030,+24.7497,10h55m36.7s,+24°44′58.8″,,中國、中國(具名)、阿拉伯・古代、韓國、韓國(具名)
HIP 53423,恆星,5.93,163.9271,+0.7369,10h55m42.5s,+00°44′12.9″,,中國(具名)
HIP 53426,恆星,5.03,163.9343,+33.5068,10h55m44.2s,+33°30′24.5″,,中國(具名)
HIP 53439,恆星,7.25,163.9835,+18.1531,10h55m56.0s,+18°09′11.1″,,中國(具名)
HIP 53449,恆星,5.78,164.0060,+6.1853,10h56m01.4s,+06°11′07.2″,,中國(具名)
HIP 53460,恆星,6.65,164.0438,+0.4329,10h56m10.5s,+00°25′58.6″,,中國(具名)
HIP 53463,恆星,7.23,164.0493,+64.5384,10h56m11.8s,+64°32′18.3″,,西方/現代(星群)
HIP 53492,恆星,6.35,164.1433,+25.5002,10h56m34.4s,+25°30′00.8″,,中國(具名)
HIP 53502,恆星,4.60,164.1798,-37.1383,10h56m43.2s,-37°08′18.0″,,韓國
HIP 53546,恆星,6.12,164.3156,-75.0997,10h57m15.7s,-75°05′59.1″,,西方/現代(星群)
HIP 53721,恆星,5.01,164.8647,+40.4305,10h59m27.5s,+40°25′49.8″,Chalawan,中國、中國(具名)
HIP 53740,恆星,4.07,164.9414,-18.2982,10h59m45.9s,-18°17′53.6″,Alkes,中國、中國(具名)、呂埃勒、日本月站、西方/現代88星座、阿拉伯・蘇菲、韓國
HIP 53771,恆星,6.14,165.0340,-51.8178,11h00m08.2s,-51°49′04.1″,,西方/現代(星群)
HIP 53773,恆星,4.39,165.0387,-42.2258,11h00m09.3s,-42°13′33.0″,,西方/現代(星群)
HIP 53807,恆星,4.84,165.1403,+3.6174,11h00m33.7s,+03°37′02.7″,,中國、中國(具名)、阿拉伯・蘇菲、韓國
HIP 53824,恆星,4.98,165.1864,+6.1013,11h00m44.7s,+06°06′04.8″,,中國、中國(具名)、阿拉伯・蘇菲
HIP 53838,恆星,5.06,165.2097,+39.2120,11h00m50.3s,+39°12′43.0″,,中國、中國(具名)
HIP 53860,恆星,6.36,165.2731,+63.4209,11h01m05.5s,+63°25′15.2″,,西方/現代(星群)
HIP 53907,恆星,4.75,165.4570,-2.4847,11h01m49.7s,-02°29′05.1″,,中國(具名)、阿拉伯・蘇菲(星群)、韓國
HIP 53910,恆星,2.37,165.4610,+56.3826,11h01m50.6s,+56°22′57.3″,Merak,中國、中國(具名)、北歐、印度吠陀(具名)、呂埃勒、因紐特、圖卡諾、埃及、夏威夷星線、夏威夷星線(具名)、布吉斯、曼達爾、白俄羅斯、納瓦荷、羅馬尼亞、蒙古、蒙古(具名)、薩丁尼亞、薩米、西伯利亞、西方/現代(星群)、西方/現代88星座、阿拉伯・古代、阿拉伯・古代(具名)、阿拉伯・月站、阿拉伯・蘇菲、阿拉伯・蘇菲(星群)、阿拉伯・阿拉伯半島、阿拉伯・阿拉伯半島(具名)、韓國、韓國(具名)、黑腳族
HIP 53954,恆星,4.40,165.5824,+20.1800,11h02m19.8s,+20°10′48.1″,,中國(具名)、埃及、阿拉伯・蘇菲、韓國、韓國(具名)
HIP 53963,恆星,6.20,165.6022,-26.8321,11h02m24.5s,-26°49′55.4″,,中國(具名)
HIP 53975,恆星,7.32,165.6301,-9.9949,11h02m31.2s,-09°59′41.6″,,中國、中國(具名)
HIP 54029,恆星,5.51,165.8116,-11.3039,11h03m14.8s,-11°18′14.2″,,日本月站、韓國
HIP 54049,恆星,5.93,165.9022,-0.0008,11h03m36.5s,-00°00′03.0″,,中國(具名)
HIP 54061,恆星,1.79,165.9307,+61.7509,11h03m43.4s,+61°45′03.2″,Dubhe,中國、中國(具名)、北歐、印度吠陀(具名)、呂埃勒、因紐特、圖卡諾、埃及、夏威夷星線、夏威夷星線(具名)、布吉斯、曼達爾、白俄羅斯、納瓦荷、羅馬尼亞、蒙古、蒙古(具名)、薩丁尼亞、薩米、西伯利亞、西方/現代(星群)、西方/現代88星座、阿拉伯・古代、阿拉伯・古代(具名)、阿拉伯・月站、阿拉伯・蘇菲、阿拉伯・蘇菲(星群)、阿拉伯・阿拉伯半島、阿拉伯・阿拉伯半島(具名)、韓國、韓國(具名)、黑腳族
HIP 54137,恆星,5.67,166.1292,-47.6790,11h04m31.0s,-47°40′44.3″,,西方/現代(星群)
HIP 54182,恆星,4.62,166.2527,+7.3358,11h05m00.7s,+07°20′08.9″,,中國、中國(具名)、西方/現代(星群)、阿拉伯・蘇菲、韓國
HIP 54196,恆星,7.60,166.3125,+25.2016,11h05m15.0s,+25°12′05.9″,,中國(具名)
HIP 54204,恆星,4.91,166.3320,-27.2936,11h05m19.7s,-27°17′37.1″,,中國、中國(具名)、埃及、日本月站、阿拉伯・蘇菲、阿拉伯・蘇菲(星群)、韓國
HIP 54264,恆星,6.28,166.5239,-51.2132,11h06m05.7s,-51°12′47.7″,,西方/現代(星群)
HIP 54291,恆星,6.29,166.6142,-50.9567,11h06m27.4s,-50°57′24.1″,,西方/現代(星群)
HIP 54294,恆星,6.03,166.6219,-58.6750,11h06m29.3s,-58°40′30.0″,,西方/現代(星群)
HIP 54301,恆星,4.61,166.6347,-62.4241,11h06m32.3s,-62°25′26.7″,,西方/現代(星群)、韓國
HIP 54327,恆星,5.57,166.7075,-70.8779,11h06m49.8s,-70°52′40.6″,,西方/現代(星群)
HIP 54336,恆星,5.53,166.7242,+1.9551,11h06m53.8s,+01°57′18.5″,,中國(具名)
HIP 54347,恆星,6.84,166.7700,+25.5371,11h07m04.8s,+25°32′13.4″,,中國、中國(具名)
HIP 54360,恆星,5.24,166.8190,-42.6385,11h07m16.6s,-42°38′18.6″,,西方/現代(星群)
HIP 54388,恆星,6.47,166.9154,+23.3238,11h07m39.7s,+23°19′25.7″,,中國(具名)
HIP 54461,恆星,5.19,167.1416,-61.9472,11h08m34.0s,-61°56′49.8″,,西方/現代(星群)
HIP 54463,恆星,3.83,167.1474,-58.9750,11h08m35.4s,-58°58′30.1″,,西方/現代(星群)、西方/現代88星座、韓國
HIP 54477,恆星,5.42,167.1829,-28.0808,11h08m43.9s,-28°04′50.7″,,中國(具名)、韓國
HIP 54487,恆星,5.70,167.2045,+24.6585,11h08m49.1s,+24°39′30.5″,,中國(具名)
HIP 54515,恆星,6.80,167.3066,-1.3333,11h09m13.6s,-01°19′59.8″,,中國(具名)
HIP 54539,恆星,3.01,167.4155,+44.4984,11h09m39.7s,+44°29′54.1″,,中國、中國(具名)、呂埃勒、埃及、布吉斯、羅馬尼亞、西方/現代88星座、阿拉伯・古代、阿拉伯・蘇菲、韓國
HIP 54673,恆星,6.33,167.8729,-71.4362,11h11m29.5s,-71°26′10.2″,,西方/現代(星群)
HIP 54682,恆星,4.45,167.9145,-22.8263,11h11m39.5s,-22°49′34.7″,Al Sharasif,中國、中國(具名)、呂埃勒、日本月站、西方/現代88星座、阿拉伯・蘇菲、阿拉伯・蘇菲(星群)、韓國
HIP 54718,恆星,6.27,168.0422,-46.2667,11h12m10.1s,-46°16′00.2″,,西方/現代(星群)
HIP 54746,恆星,5.37,168.1370,-49.1008,11h12m32.9s,-49°06′03.1″,,西方/現代(星群)
HIP 54751,恆星,4.62,168.1500,-60.3176,11h12m36.0s,-60°19′03.4″,,西方/現代(星群)、韓國
HIP 54783,恆星,6.11,168.2362,-49.7361,11h12m56.7s,-49°44′09.8″,,西方/現代(星群)
HIP 54811,恆星,5.76,168.3112,-44.3722,11h13m14.7s,-44°22′20.0″,,西方/現代(星群)
HIP 54840,恆星,5.74,168.4140,-53.2317,11h13m39.4s,-53°13′54.0″,,西方/現代(星群)
HIP 54849,恆星,5.40,168.4396,-0.0695,11h13m45.5s,-00°04′10.2″,,中國(具名)
HIP 54872,恆星,2.53,168.5278,+20.5231,11h14m06.7s,+20°31′23.3″,Zosma,中國、中國(具名)、印度(星群)、印度吠陀、呂埃勒、埃及、夏威夷星線、羅馬尼亞、西方/現代88星座、阿拉伯・古代、阿拉伯・月站、阿拉伯・蘇菲、阿拉伯・蘇菲(具名)、阿拉伯・蘇菲(星群)、阿拉伯・阿拉伯半島、韓國
HIP 54879,恆星,3.35,168.5597,+15.4292,11h14m14.3s,+15°25′45.2″,Chertan,中國、中國(具名)、印度(星群)、印度吠陀、呂埃勒、埃及、夏威夷星線、羅馬尼亞、西方/現代88星座、阿拉伯・古代、阿拉伯・月站、阿拉伯・蘇菲、阿拉伯・蘇菲(星群)、阿拉伯・阿拉伯半島、韓國
HIP 54929,恆星,6.20,168.7254,-43.7337,11h14m54.1s,-43°44′01.3″,,西方/現代(星群)
HIP 54951,恆星,4.63,168.8008,+23.0955,11h15m12.2s,+23°05′43.7″,Zubrah,中國、中國(具名)、阿拉伯・古代、韓國
HIP 55016,恆星,5.32,168.9662,+13.3075,11h15m51.9s,+13°18′27.1″,,中國(具名)
HIP 55060,恆星,6.91,169.0789,+59.9432,11h16m18.9s,+59°56′35.6″,,中國、中國(具名)
HIP 55084,恆星,4.45,169.1649,-3.6518,11h16m39.6s,-03°39′06.4″,,中國(具名)、呂埃勒、阿拉伯・蘇菲(星群)、韓國
HIP 55137,恆星,5.18,169.3227,+2.0099,11h17m17.5s,+02°00′35.7″,,中國(具名)
HIP 55203,恆星,4.25,169.5433,+31.5269,11h18m10.4s,+31°31′36.9″,Alula Australis,中國、中國(具名)、阿拉伯・古代、阿拉伯・蘇菲、阿拉伯・蘇菲(星群)、韓國
HIP 55219,恆星,3.49,169.6196,+33.0944,11h18m28.7s,+33°05′39.9″,Alula Borealis,中國、中國(具名)、埃及、阿拉伯・古代、阿拉伯・蘇菲、阿拉伯・蘇菲(星群)、韓國、韓國(具名)
HIP 55266,恆星,4.80,169.7826,+38.1853,11h19m07.8s,+38°11′06.9″,,中國(具名)
HIP 55282,恆星,3.56,169.8346,-14.7776,11h19m20.3s,-14°46′39.4″,,中國、中國(具名)、呂埃勒、埃及、日本月站、西方/現代88星座、阿拉伯・古代、阿拉伯・蘇菲、阿拉伯・蘇菲(星群)、韓國
HIP 55425,恆星,3.91,170.2514,-54.4911,11h21m00.3s,-54°29′27.8″,,圖皮-瓜拉尼、西方/現代(星群)、韓國
HIP 55434,恆星,4.04,170.2837,+6.0293,11h21m08.1s,+06°01′45.4″,,中國、中國(具名)、埃及、西方/現代(星群)、阿拉伯・蘇菲、韓國
HIP 55560,恆星,5.03,170.7064,+43.4827,11h22m49.5s,+43°28′57.5″,,中國、中國(具名)、阿拉伯・古代
HIP 55598,恆星,5.09,170.8397,-18.7801,11h23m21.5s,-18°46′48.4″,,中國、中國(具名)
HIP 55642,恆星,4.01,170.9817,+10.5291,11h23m55.6s,+10°31′44.9″,,中國、中國(具名)、呂埃勒、西方/現代(星群)、阿拉伯・蘇菲、韓國
HIP 55650,恆星,5.39,171.0096,+1.4078,11h24m02.3s,+01°24′27.9″,,中國(具名)
HIP 55687,恆星,4.80,171.1523,-10.8592,11h24m36.6s,-10°51′33.2″,,中國、中國(具名)、呂埃勒、日本月站、西方/現代88星座、阿拉伯・古代、阿拉伯・蘇菲、阿拉伯・蘇菲(星群)、韓國
HIP 55705,恆星,4.06,171.2201,-17.6840,11h24m52.8s,-17°41′02.4″,,中國、中國(具名)、呂埃勒、埃及、日本月站、西方/現代88星座、阿拉伯・古代、阿拉伯・蘇菲、阿拉伯・蘇菲(星群)、韓國
HIP 55756,恆星,5.22,171.3721,-36.0630,11h25m29.3s,-36°03′46.7″,,韓國
HIP 55765,恆星,5.57,171.4009,+16.4565,11h25m36.2s,+16°27′23.4″,,中國(具名)、阿拉伯・蘇菲
HIP 55791,恆星,6.35,171.4582,+3.8599,11h25m50.0s,+03°51′35.8″,,中國(具名)
HIP 55797,恆星,5.70,171.4874,+55.8507,11h25m57.0s,+55°51′02.4″,,中國、中國(具名)
HIP 55849,恆星,5.81,171.6967,-53.1598,11h26m47.2s,-53°09′35.4″,,西方/現代(星群)
HIP 55874,恆星,5.92,171.7892,-12.3566,11h27m09.4s,-12°21′23.9″,,中國、中國(具名)
HIP 55945,恆星,4.94,171.9844,+2.8562,11h27m56.3s,+02°51′22.4″,,中國、中國(具名)、呂埃勒、西方/現代(星群)
HIP 56000,恆星,5.14,172.1459,-42.6742,11h28m35.0s,-42°40′27.0″,,西方/現代(星群)
HIP 56034,恆星,5.35,172.2669,+39.3370,11h29m04.0s,+39°20′13.3″,,中國、中國(具名)
HIP 56035,恆星,5.81,172.2679,+61.7794,11h29m04.3s,+61°46′45.9″,,中國(具名)、韓國
HIP 56080,恆星,5.73,172.4242,+15.4130,11h29m41.8s,+15°24′47.0″,,中國(具名)
HIP 56109,恆星,6.96,172.5176,+29.9637,11h30m04.2s,+29°57′49.5″,,阿拉伯・蘇菲(星群)
HIP 56127,恆星,4.77,172.5788,-3.0036,11h30m18.9s,-03°00′12.9″,,中國、中國(具名)、阿拉伯・蘇菲(星群)、韓國
HIP 56146,恆星,5.55,172.6206,+18.4099,11h30m28.9s,+18°24′35.7″,,中國(具名)
HIP 56148,恆星,5.94,172.6294,+43.1736,11h30m31.1s,+43°10′25.0″,,中國、中國(具名)
HIP 56211,恆星,3.85,172.8504,+69.3310,11h31m24.1s,+69°19′51.6″,Giausar,中國、中國(具名)、呂埃勒、曼達爾、白俄羅斯、羅馬尼亞、西方/現代88星座、阿拉伯・蘇菲、韓國
HIP 56242,恆星,6.26,172.9358,+14.3637,11h31m44.6s,+14°21′49.2″,,中國(具名)
HIP 56280,恆星,5.58,173.0683,-29.2604,11h32m16.4s,-29°15′37.4″,,中國、中國(具名)、韓國
HIP 56332,恆星,5.11,173.2254,-31.0872,11h32m54.1s,-31°05′13.9″,,中國、中國(具名)
HIP 56343,恆星,3.54,173.2494,-31.8578,11h32m59.9s,-31°51′28.1″,,中國、中國(具名)、呂埃勒、埃及、西方/現代88星座、阿拉伯・古代、阿拉伯・蘇菲、阿拉伯・蘇菲(星群)
HIP 56410,恆星,6.37,173.4838,+36.8154,11h33m56.1s,+36°48′55.4″,,阿拉伯・蘇菲(星群)
HIP 56445,恆星,5.74,173.5906,+3.0597,11h34m21.8s,+03°03′34.9″,,中國(具名)
HIP 56452,恆星,5.98,173.6193,-32.8277,11h34m28.6s,-32°49′39.7″,,中國、中國(具名)
HIP 56473,恆星,6.29,173.6770,+16.7969,11h34m42.5s,+16°47′48.9″,,中國(具名)
HIP 56480,恆星,4.61,173.6898,-54.2640,11h34m45.6s,-54°15′50.5″,,西方/現代88星座、韓國
HIP 56561,恆星,3.14,173.9450,-63.0199,11h35m46.8s,-63°01′11.5″,,中國、中國(具名)、呂埃勒、西方/現代88星座
HIP 56583,恆星,5.20,174.0130,+69.3224,11h36m03.1s,+69°19′20.6″,,中國(具名)
HIP 56623,恆星,7.58,174.1549,-34.6459,11h36m37.2s,-34°38′45.3″,,中國(具名)
HIP 56633,恆星,4.67,174.1702,-9.8022,11h36m40.8s,-09°48′07.9″,,中國、中國(具名)、呂埃勒、日本月站、納瓦荷、西方/現代88星座、阿拉伯・古代、阿拉伯・蘇菲、阿拉伯・蘇菲(星群)、韓國
HIP 56647,恆星,4.30,174.2372,-0.8236,11h36m56.9s,-00°49′24.8″,,中國、中國(具名)、呂埃勒、埃及、西方/現代(星群)、阿拉伯・蘇菲(星群)、韓國
HIP 56657,恆星,6.32,174.2550,-32.9886,11h37m01.2s,-32°59′18.8″,,中國(具名)
HIP 56770,恆星,5.53,174.5848,+43.6253,11h38m20.4s,+43°37′31.0″,,中國(具名)
HIP 56779,恆星,5.36,174.6150,+8.1343,11h38m27.6s,+08°08′03.6″,,中國(具名)
HIP 56789,恆星,6.08,174.6394,+46.8341,11h38m33.5s,+46°50′02.7″,,中國(具名)
HIP 56802,恆星,5.48,174.6672,-13.2014,11h38m40.1s,-13°12′05.0″,,中國、中國(具名)、韓國
HIP 56862,恆星,5.09,174.8729,-65.3978,11h39m29.5s,-65°23′52.0″,,圖皮-瓜拉尼
HIP 56922,恆星,4.70,175.0531,-34.7447,11h40m12.7s,-34°44′40.8″,,中國、中國(具名)、阿拉伯・蘇菲、阿拉伯・蘇菲(星群)、韓國
HIP 56975,恆星,5.25,175.1958,+21.3525,11h40m47.0s,+21°21′09.1″,,中國、中國(具名)、韓國
HIP 56997,恆星,5.34,175.2625,+34.1999,11h41m03.0s,+34°11′59.8″,,中國(具名)
HIP 57029,恆星,5.75,175.3909,+31.7462,11h41m33.8s,+31°44′46.3″,,中國(具名)
HIP 57047,恆星,5.20,175.4331,-32.4995,11h41m43.9s,-32°29′58.4″,,中國(具名)
HIP 57111,恆星,5.31,175.6177,+66.7451,11h42m28.2s,+66°44′42.3″,,中國(具名)
HIP 57283,恆星,4.71,176.1909,-18.3508,11h44m45.8s,-18°21′02.8″,,中國、中國(具名)、呂埃勒、日本月站、西方/現代88星座、阿拉伯・古代、阿拉伯・蘇菲、阿拉伯・蘇菲(星群)、韓國
HIP 57320,恆星,6.53,176.2973,+14.2633,11h45m11.4s,+14°15′47.9″,,中國、中國(具名)
HIP 57328,恆星,4.84,176.3213,+8.2580,11h45m17.1s,+08°15′28.8″,,中國、中國(具名)、阿拉伯・蘇菲、韓國
HIP 57363,恆星,3.65,176.4007,-66.7286,11h45m36.2s,-66°43′43.0″,,中國、中國(具名)、圖皮-瓜拉尼、西方/現代88星座
HIP 57380,恆星,4.04,176.4647,+6.5286,11h45m51.5s,+06°31′42.8″,,中國、中國(具名)、埃及、羅馬尼亞、西方/現代88星座、阿拉伯・蘇菲、韓國
HIP 57399,恆星,3.72,176.5116,+47.7795,11h46m02.8s,+47°46′46.3″,Taiyangshou,中國、中國(具名)、呂埃勒、埃及、羅馬尼亞、西方/現代88星座、阿拉伯・古代、韓國
HIP 57443,恆星,4.88,176.6205,-40.4986,11h46m28.9s,-40°29′54.8″,,阿拉伯・古代
HIP 57477,恆星,5.25,176.7319,+55.6280,11h46m55.6s,+55°37′41.0″,,韓國
HIP 57562,恆星,5.32,176.9785,+8.2459,11h47m54.8s,+08°14′45.4″,,中國(具名)
HIP 57565,恆星,4.52,176.9957,+20.2189,11h47m59.0s,+20°13′08.1″,,中國、中國(具名)、印度(星群)、呂埃勒、阿拉伯・古代、韓國
HIP 57587,恆星,6.23,177.0974,-10.3136,11h48m23.4s,-10°18′48.9″,,中國、中國(具名)
HIP 57632,恆星,2.13,177.2626,+14.5715,11h49m03.0s,+14°34′17.6″,Denebola,中國、中國(具名)、印度(星群)、印度吠陀、呂埃勒、埃及、夏威夷星線、布吉斯、羅馬尼亞、西方/現代(星群)、西方/現代88星座、阿拉伯・古代(具名)、阿拉伯・月站(具名)、阿拉伯・蘇菲、阿拉伯・蘇菲(具名)、阿拉伯・阿拉伯半島、阿拉伯・阿拉伯半島(具名)、韓國、韓國(具名)
HIP 57646,恆星,6.04,177.3118,+16.2426,11h49m14.8s,+16°14′33.5″,,中國、中國(具名)
HIP 57757,恆星,3.60,177.6771,+1.7635,11h50m42.5s,+01°45′48.7″,Zavijava,中國、中國(具名)、呂埃勒、羅馬尼亞、阿拉伯・古代、阿拉伯・月站、阿拉伯・蘇菲、阿拉伯・蘇菲(星群)、阿拉伯・阿拉伯半島、韓國
HIP 57779,恆星,6.37,177.7300,+12.2792,11h50m55.2s,+12°16′45.0″,,中國、中國(具名)
HIP 57803,恆星,4.46,177.7858,-45.1735,11h51m08.6s,-45°10′24.6″,,阿拉伯・古代
HIP 57936,恆星,4.28,178.2269,-33.9081,11h52m54.5s,-33°54′29.1″,,中國、中國(具名)、呂埃勒、納瓦荷、西方/現代88星座、阿拉伯・蘇菲、阿拉伯・蘇菲(星群)、韓國
HIP 58001,恆星,2.44,178.4584,+53.6948,11h53m50.0s,+53°41′41.3″,Phecda,中國、中國(具名)、北歐、印度吠陀(具名)、呂埃勒、因紐特、圖卡諾、埃及、夏威夷星線、夏威夷星線(具名)、布吉斯、曼達爾、白俄羅斯、納瓦荷、羅馬尼亞、蒙古、蒙古(具名)、薩丁尼亞、薩米、西伯利亞、西方/現代(星群)、西方/現代88星座、阿拉伯・古代、阿拉伯・古代(具名)、阿拉伯・月站、阿拉伯・蘇菲、阿拉伯・蘇菲(星群)、阿拉伯・阿拉伯半島、阿拉伯・阿拉伯半島(具名)、韓國、韓國(具名)、黑腳族
HIP 58110,恆星,5.57,178.7629,+8.4440,11h55m03.1s,+08°26′38.4″,,中國(具名)
HIP 58158,恆星,5.89,178.9172,-28.4772,11h55m40.1s,-28°28′38.0″,,中國、中國(具名)
HIP 58159,恆星,5.52,178.9189,+15.6468,11h55m40.5s,+15°38′48.6″,,中國、中國(具名)、韓國
HIP 58181,恆星,5.82,178.9935,+56.5985,11h55m58.4s,+56°35′54.8″,,中國、中國(具名)、韓國
HIP 58188,恆星,5.16,179.0037,-17.1509,11h56m00.9s,-17°09′03.1″,,中國、中國(具名)、呂埃勒、西方/現代88星座、阿拉伯・古代、阿拉伯・蘇菲、阿拉伯・蘇菲(星群)
HIP 58259,恆星,6.20,179.2215,+61.5490,11h56m53.2s,+61°32′56.5″,,中國、中國(具名)
HIP 58484,恆星,5.24,179.9055,-78.2219,11h59m37.3s,-78°13′18.8″,,中國、中國(具名)
HIP 58510,恆星,5.34,179.9871,+3.6552,11h59m56.9s,+03°39′18.6″,,中國(具名)
HIP 58519,恆星,6.95,180.0191,+19.4192,12h00m04.6s,+19°25′09.3″,,中國、中國(具名)
HIP 58576,恆星,5.55,180.1856,-10.4483,12h00m44.6s,-10°26′53.8″,,韓國
HIP 58587,恆星,5.26,180.2131,-19.6590,12h00m51.1s,-19°39′32.2″,,中國(具名)
HIP 58590,恆星,4.64,180.2183,+6.6142,12h00m52.4s,+06°36′51.1″,,中國、中國(具名)、羅馬尼亞、阿拉伯・蘇菲、韓國
HIP 58684,恆星,5.20,180.5264,+43.0460,12h02m06.3s,+43°02′45.4″,,中國、中國(具名)、阿拉伯・古代
HIP 58858,恆星,6.15,181.0693,+21.4591,12h04m16.6s,+21°27′32.9″,,中國、中國(具名)
HIP 58948,恆星,4.12,181.3012,+8.7332,12h05m12.3s,+08°43′59.4″,,中國、中國(具名)、羅馬尼亞、阿拉伯・蘇菲、韓國
HIP 59072,恆星,4.14,181.7208,-64.6139,12h06m53.0s,-64°36′50.0″,,圖皮-瓜拉尼
HIP 59196,恆星,2.52,182.0894,-50.7225,12h08m21.5s,-50°43′20.9″,,中國、中國(具名)、呂埃勒、曼達爾、西方/現代88星座、阿拉伯・古代、阿拉伯・蘇菲、阿拉伯・蘇菲(星群)、韓國
HIP 59199,恆星,4.01,182.1039,-24.7291,12h08m24.9s,-24°43′44.6″,Alchiba,中國、中國(具名)、印度(星群)、印度吠陀、呂埃勒、納瓦荷、羅馬尼亞、西方/現代(星群)、西方/現代88星座、阿拉伯・蘇菲、韓國
HIP 59285,恆星,5.97,182.4223,+1.8971,12h09m41.4s,+01°53′49.5″,,中國(具名)
HIP 59309,恆星,5.72,182.5135,+5.8071,12h10m03.2s,+05°48′25.5″,,中國(具名)
HIP 59316,恆星,2.98,182.5308,-22.6197,12h10m07.4s,-22°37′11.0″,Minkar,中國、中國(具名)、印度(星群)、印度吠陀、呂埃勒、夏威夷星線、日本月站、納瓦荷、羅馬尼亞、西方/現代(星群)、西方/現代88星座、阿拉伯・古代、阿拉伯・蘇菲、阿拉伯・蘇菲(星群)、韓國
HIP 59352,恆星,6.39,182.6317,+16.8093,12h10m31.6s,+16°48′33.4″,,中國(具名)
HIP 59364,恆星,5.99,182.6920,+27.2815,12h10m46.1s,+27°16′53.3″,,阿拉伯・古代
HIP 59394,恆星,5.47,182.7657,-23.6025,12h11m03.8s,-23°36′09.0″,,中國(具名)
HIP 59449,恆星,3.96,182.9127,-52.3685,12h11m39.1s,-52°22′06.6″,,中國、中國(具名)、阿拉伯・蘇菲、阿拉伯・蘇菲(星群)
HIP 59468,恆星,5.62,182.9630,+25.8701,12h11m51.1s,+25°52′12.5″,,中國(具名)、阿拉伯・古代
HIP 59489,恆星,6.46,183.0046,+28.5360,12h12m01.1s,+28°32′09.7″,,阿拉伯・古代
HIP 59501,恆星,5.55,183.0386,+20.5420,12h12m09.3s,+20°32′31.1″,,中國、中國(具名)
HIP 59504,恆星,5.14,183.0500,+77.6163,12h12m12.0s,+77°36′58.8″,,中國、中國(具名)
HIP 59608,恆星,5.83,183.3577,+10.2623,12h13m25.8s,+10°15′44.3″,,中國(具名)
HIP 59708,恆星,6.17,183.6807,+53.4345,12h14m43.4s,+53°26′04.4″,,中國(具名)
HIP 59747,恆星,2.75,183.7860,-58.7490,12h15m08.6s,-58°44′56.3″,Imai,中國、中國(具名)、呂埃勒、圖卡諾、圖皮-瓜拉尼、埃及、夏威夷星線、布吉斯、曼達爾、東加、毛利、西方/現代88星座、阿努塔、阿拉伯・古代、阿拉伯・蘇菲、阿拉伯・蘇菲(星群)、韓國
HIP 59774,恆星,3.32,183.8573,+57.0327,12h15m25.8s,+57°01′57.6″,Megrez,中國、中國(具名)、北歐、印度吠陀(具名)、呂埃勒、因紐特、圖卡諾、埃及、夏威夷星線、夏威夷星線(具名)、布吉斯、曼達爾、白俄羅斯、納瓦荷、羅馬尼亞、蒙古、蒙古(具名)、薩丁尼亞、薩米、西伯利亞、西方/現代(星群)、西方/現代88星座、阿拉伯・古代、阿拉伯・古代(具名)、阿拉伯・月站、阿拉伯・蘇菲、阿拉伯・蘇菲(星群)、阿拉伯・阿拉伯半島、阿拉伯・阿拉伯半島(具名)、韓國、韓國(具名)、黑腳族
HIP 59803,恆星,2.58,183.9508,-17.5418,12h15m48.2s,-17°32′30.6″,Gienah,中國、中國(具名)、印度(星群)、印度吠陀、呂埃勒、夏威夷星線、日本月站、納瓦荷、羅馬尼亞、西方/現代(星群)、西方/現代88星座、阿拉伯・古代、阿拉伯・蘇菲、阿拉伯・蘇菲(具名)、阿拉伯・蘇菲(星群)、韓國
HIP 59819,恆星,5.09,184.0004,+14.8989,12h16m00.1s,+14°53′56.1″,,中國、中國(具名)、韓國
HIP 59831,恆星,5.66,184.0316,+40.6600,12h16m07.6s,+40°39′36.1″,,中國、中國(具名)
HIP 59847,恆星,4.86,184.0854,+23.9454,12h16m20.5s,+23°56′43.4″,,中國、中國(具名)、阿拉伯・古代、韓國
HIP 59872,恆星,8.04,184.1837,-2.7396,12h16m44.1s,-02°44′22.6″,,納瓦荷
HIP 59923,恆星,5.70,184.3772,+28.9374,12h17m30.5s,+28°56′14.5″,,阿拉伯・古代
HIP 59961,恆星,7.80,184.4720,-6.4312,12h17m53.3s,-06°25′52.5″,,納瓦荷
HIP 60000,恆星,4.23,184.5858,-79.3122,12h18m20.6s,-79°18′43.9″,,中國、中國(具名)、西方/現代88星座
HIP 60009,恆星,4.05,184.6090,-64.0031,12h18m26.2s,-64°00′11.2″,,圖皮-瓜拉尼
HIP 60019,恆星,7.49,184.6337,-8.9048,12h18m32.1s,-08°54′17.1″,,納瓦荷
HIP 60030,恆星,5.90,184.6681,-0.7873,12h18m40.4s,-00°47′14.1″,,中國(具名)、西方/現代88星座
HIP 60044,恆星,5.46,184.7077,+75.1606,12h18m49.8s,+75°09′38.1″,,中國(具名)
HIP 60059,恆星,5.01,184.7484,-55.1430,12h18m59.6s,-55°08′35.0″,,圖皮-瓜拉尼
HIP 60066,恆星,6.43,184.7584,+26.0083,12h19m02.0s,+26°00′29.9″,,圖卡諾
HIP 60087,恆星,6.22,184.8299,+23.0346,12h19m19.2s,+23°02′04.7″,,阿拉伯・古代
HIP 60088,恆星,6.83,184.8341,-8.9148,12h19m20.2s,-08°54′53.1″,,中國(具名)
HIP 60098,恆星,6.37,184.8720,+28.1564,12h19m29.3s,+28°09′22.9″,,中國(具名)
HIP 60112,恆星,9.15,184.9184,+5.5447,12h19m40.4s,+05°32′41.0″,,韓國(具名)
HIP 60122,恆星,5.29,184.9529,+48.9842,12h19m48.7s,+48°59′03.0″,,中國(具名)
HIP 60123,恆星,6.62,184.9609,+28.4643,12h19m50.6s,+28°27′51.5″,,中國(具名)
HIP 60129,恆星,3.90,184.9762,-0.6669,12h19m54.3s,-00°40′00.7″,Zaniah,中國、中國(具名)、呂埃勒、羅馬尼亞、阿拉伯・古代、阿拉伯・月站、阿拉伯・蘇菲、阿拉伯・蘇菲(星群)、阿拉伯・阿拉伯半島、韓國
HIP 60170,恆星,5.51,185.0816,+26.6190,12h20m19.6s,+26°37′08.4″,,圖卡諾
HIP 60172,恆星,4.96,185.0861,+3.3123,12h20m20.7s,+03°18′44.2″,,中國、中國(具名)、呂埃勒、阿拉伯・蘇菲、韓國
HIP 60189,恆星,5.21,185.1397,-22.2160,12h20m33.5s,-22°12′57.7″,,中國、中國(具名)、阿拉伯・蘇菲、韓國
HIP 60202,恆星,4.74,185.1788,+17.7933,12h20m42.9s,+17°47′35.8″,,中國(具名)、圖卡諾、阿拉伯・古代、韓國
HIP 60212,恆星,5.52,185.2124,+57.8638,12h20m51.0s,+57°51′49.7″,,中國(具名)
HIP 60221,恆星,5.14,185.2321,-13.5657,12h20m55.7s,-13°33′56.5″,,夏威夷星線
HIP 60260,恆星,3.57,185.3385,-60.4007,12h21m21.2s,-60°24′02.7″,Ginan,圖皮-瓜拉尼、阿拉伯・古代、韓國
HIP 60351,恆星,4.81,185.6262,+25.8461,12h22m30.3s,+25°50′46.0″,,中國、中國(具名)、圖卡諾、韓國
HIP 60353,恆星,6.47,185.6327,+5.3052,12h22m31.9s,+05°18′18.8″,,中國(具名)
HIP 60425,恆星,5.66,185.8399,-24.8408,12h23m21.6s,-24°50′26.7″,,中國(具名)
HIP 60467,恆星,6.02,185.9454,+42.5428,12h23m46.9s,+42°32′34.1″,,中國(具名)
HIP 60485,恆星,4.76,186.0063,+51.5623,12h24m01.5s,+51°33′44.3″,,中國、中國(具名)、納瓦荷、阿拉伯・古代
HIP 60514,恆星,5.18,186.0772,+26.0985,12h24m18.5s,+26°05′54.8″,,中國、中國(具名)、圖卡諾
HIP 60517,恆星,6.61,186.0889,-47.3729,12h24m21.3s,-47°22′22.6″,,中國、中國(具名)
HIP 60646,恆星,5.01,186.4618,+39.0185,12h25m50.8s,+39°01′06.5″,,中國、中國(具名)
HIP 60697,恆星,4.95,186.6002,+27.2682,12h26m24.0s,+27°16′05.5″,,中國、中國(具名)、呂埃勒、圖卡諾、阿拉伯・古代
HIP 60710,恆星,4.81,186.6321,-51.4507,12h26m31.7s,-51°27′02.4″,,中國、中國(具名)
HIP 60718,恆星,1.34,186.6492,-63.0992,12h26m35.8s,-63°05′57.0″,Acrux,中國、中國(具名)、呂埃勒、圖卡諾、圖皮-瓜拉尼、埃及、夏威夷星線、夏威夷星線(具名)、布吉斯、曼達爾、東加、毛利、西方/現代(星群)、西方/現代88星座、阿努塔、阿拉伯・古代、阿拉伯・蘇菲、阿拉伯・蘇菲(星群)、韓國
HIP 60742,恆星,4.34,186.7340,+28.2681,12h26m56.2s,+28°16′05.0″,Al Dafirah,中國、中國(具名)、呂埃勒、圖卡諾、埃及、東加、白俄羅斯、西方/現代88星座、阿拉伯・古代、韓國
HIP 60746,恆星,4.96,186.7470,+26.8257,12h26m59.3s,+26°49′32.4″,,中國、中國(具名)、呂埃勒、圖卡諾、阿拉伯・古代、韓國
HIP 60781,恆星,5.50,186.8702,-58.9918,12h27m28.8s,-58°59′30.3″,,東加
HIP 60795,恆星,5.70,186.8961,+55.7127,12h27m35.1s,+55°42′45.6″,,中國(具名)
HIP 60816,恆星,6.74,186.9802,-8.6782,12h27m55.2s,-08°40′41.4″,,納瓦荷
HIP 60823,恆星,3.91,187.0097,-50.2307,12h28m02.3s,-50°13′50.5″,,中國、中國(具名)、西方/現代88星座、阿拉伯・蘇菲、韓國
HIP 60900,恆星,8.14,187.2152,-6.5302,12h28m51.6s,-06°31′48.8″,,納瓦荷
HIP 60904,恆星,5.24,187.2278,+25.9128,12h28m54.7s,+25°54′46.0″,,中國、中國(具名)、呂埃勒、圖卡諾、阿拉伯・古代
HIP 60941,恆星,5.47,187.3626,+24.1089,12h29m27.0s,+24°06′32.1″,,中國、中國(具名)、呂埃勒、圖卡諾、韓國
HIP 60957,恆星,5.68,187.4303,+20.8960,12h29m43.3s,+20°53′45.5″,,中國、中國(具名)、圖卡諾
HIP 60965,恆星,2.94,187.4651,-16.5161,12h29m51.6s,-16°30′57.8″,Algorab,中國、中國(具名)、印度(星群)、印度吠陀、呂埃勒、夏威夷星線、日本月站、納瓦荷、羅馬尼亞、西方/現代(星群)、西方/現代88星座、阿拉伯・古代、阿拉伯・蘇菲、阿拉伯・蘇菲(星群)、韓國
HIP 60978,恆星,5.35,187.4883,+58.4061,12h29m57.2s,+58°24′22.1″,,中國(具名)
HIP 60994,恆星,6.49,187.5187,-13.3934,12h30m04.5s,-13°23′36.2″,,西方/現代(星群)
HIP 60998,恆星,4.95,187.5270,+69.2009,12h30m06.5s,+69°12′03.2″,,中國(具名)、韓國
HIP 61071,恆星,5.44,187.7523,+24.5671,12h31m00.5s,+24°34′01.7″,Kissin,中國、中國(具名)、圖卡諾、阿拉伯・古代
HIP 61084,恆星,1.64,187.7917,-57.1144,12h31m10.0s,-57°06′51.8″,Gacrux,中國、中國(具名)、呂埃勒、圖卡諾、圖皮-瓜拉尼、埃及、夏威夷星線、夏威夷星線(具名)、布吉斯、曼達爾、東加、毛利、西方/現代88星座、阿努塔、阿拉伯・古代、阿拉伯・蘇菲、韓國
HIP 61174,恆星,4.29,188.0156,-16.1963,12h32m03.8s,-16°11′46.6″,,中國、中國(具名)、西方/現代88星座、阿拉伯・蘇菲、韓國
HIP 61199,恆星,3.88,188.1160,-72.1330,12h32m27.8s,-72°07′58.9″,,呂埃勒、圖皮-瓜拉尼、圖皮-瓜拉尼(具名)、西方/現代88星座
HIP 61212,恆星,5.73,188.1493,-13.8593,12h32m35.8s,-13°51′33.7″,,西方/現代(星群)
HIP 61246,恆星,6.28,188.2618,+10.2957,12h33m02.8s,+10°17′44.5″,,中國(具名)
HIP 61281,恆星,3.89,188.3698,+69.7883,12h33m28.8s,+69°47′17.8″,,中國、中國(具名)、呂埃勒、曼達爾、白俄羅斯、羅馬尼亞、西方/現代88星座、阿拉伯・蘇菲、韓國
HIP 61295,恆星,6.24,188.3925,+24.2829,12h33m34.2s,+24°16′58.6″,,圖卡諾
HIP 61296,恆星,5.58,188.3927,-12.8300,12h33m34.2s,-12°49′47.9″,,西方/現代(星群)
HIP 61317,恆星,4.25,188.4314,+41.3588,12h33m43.5s,+41°21′31.6″,Chara,中國、中國(具名)、呂埃勒、埃及、西方/現代88星座、阿拉伯・古代
HIP 61318,恆星,5.48,188.4444,-9.4521,12h33m46.7s,-09°27′07.5″,,中國(具名)
HIP 61359,恆星,2.64,188.5968,-23.3970,12h34m23.2s,-23°23′49.2″,Kraz,中國、中國(具名)、印度(星群)、印度吠陀、呂埃勒、夏威夷星線、日本月站、納瓦荷、羅馬尼亞、西方/現代(星群)、西方/現代88星座、阿拉伯・古代、阿拉伯・蘇菲、阿拉伯・蘇菲(星群)、韓國
HIP 61384,恆星,4.95,188.6830,+70.0218,12h34m43.9s,+70°01′18.3″,,中國(具名)、韓國
HIP 61394,恆星,4.77,188.7125,+22.6293,12h34m51.0s,+22°37′45.5″,,中國、中國(具名)、呂埃勒、阿拉伯・古代、韓國
HIP 61415,恆星,6.28,188.7764,+18.3772,12h35m06.3s,+18°22′37.9″,,中國(具名)
HIP 61418,恆星,5.02,188.7823,+18.3772,12h35m07.8s,+18°22′37.8″,,圖卡諾、韓國
HIP 61420,恆星,5.86,188.7841,+21.8813,12h35m08.2s,+21°52′52.7″,,圖卡諾
HIP 61449,恆星,6.67,188.8884,-12.0212,12h35m33.2s,-12°01′16.3″,,西方/現代(星群)
HIP 61466,恆星,7.88,188.9313,-12.0249,12h35m43.5s,-12°01′29.6″,,西方/現代(星群)
HIP 61486,恆星,6.60,188.9697,-12.0690,12h35m52.7s,-12°04′08.5″,,西方/現代(星群)
HIP 61542,恆星,8.49,189.1418,-6.0655,12h36m34.0s,-06°03′55.8″,,納瓦荷
HIP 61558,恆星,5.88,189.1972,-5.8320,12h36m47.3s,-05°49′55.2″,,中國(具名)
HIP 61571,恆星,5.66,189.2429,+17.0895,12h36m58.3s,+17°05′22.0″,,中國(具名)
HIP 61578,恆星,6.95,189.2791,-2.3228,12h37m07.0s,-02°19′21.9″,,納瓦荷
HIP 61579,恆星,6.60,189.2815,+8.7969,12h37m07.6s,+08°47′48.8″,,中國、中國(具名)
HIP 61585,恆星,2.65,189.2954,-69.1356,12h37m10.9s,-69°08′08.2″,,中國、中國(具名)、呂埃勒、圖皮-瓜拉尼、西方/現代88星座
HIP 61622,恆星,3.86,189.4244,-48.5413,12h37m41.9s,-48°32′28.8″,,中國、中國(具名)、阿拉伯・蘇菲
HIP 61656,恆星,7.65,189.5829,-11.5169,12h38m19.9s,-11°31′00.8″,,西方/現代(星群)
HIP 61692,恆星,6.35,189.6927,+40.8746,12h38m46.2s,+40°52′28.6″,,中國、中國(具名)
HIP 61719,恆星,6.37,189.7589,+22.6594,12h39m02.1s,+22°39′33.9″,,圖卡諾
HIP 61724,恆星,5.49,189.7801,+21.0625,12h39m07.2s,+21°03′45.1″,,中國、中國(具名)、圖卡諾
HIP 61740,恆星,4.64,189.8112,-7.9957,12h39m14.7s,-07°59′44.4″,,中國(具名)、納瓦荷
HIP 61932,恆星,2.17,190.3780,-48.9598,12h41m30.7s,-48°57′35.2″,Muhlifain,中國、中國(具名)、呂埃勒、西方/現代88星座、阿拉伯・古代、阿拉伯・蘇菲、韓國
HIP 61936,恆星,6.02,190.3910,+62.7130,12h41m33.8s,+62°42′46.7″,,中國(具名)
HIP 61937,恆星,6.21,190.3928,+10.4263,12h41m34.3s,+10°25′34.6″,,中國(具名)
HIP 61941,恆星,2.74,190.4124,-1.4490,12h41m39.0s,-01°26′56.5″,Porrima,中國、中國(具名)、呂埃勒、埃及、納瓦荷、羅馬尼亞、西方/現代88星座、阿拉伯・古代、阿拉伯・月站、阿拉伯・蘇菲、阿拉伯・蘇菲(星群)、阿拉伯・阿拉伯半島、韓國
HIP 61960,恆星,4.88,190.4714,+10.2352,12h41m53.1s,+10°14′06.8″,,中國、中國(具名)、阿拉伯・蘇菲、韓國
HIP 61968,恆星,5.57,190.4877,+6.8066,12h41m57.0s,+06°48′23.6″,,中國、中國(具名)
HIP 61969,恆星,6.80,190.4904,-7.5005,12h41m57.7s,-07°30′01.8″,,中國(具名)
HIP 62207,恆星,5.95,191.2455,+39.2795,12h44m58.9s,+39°16′46.3″,,中國、中國(具名)
HIP 62223,恆星,4.87,191.2826,+45.4403,12h45m07.8s,+45°26′25.1″,La Superba,納瓦荷
HIP 62267,恆星,5.21,191.4039,+7.6733,12h45m36.9s,+07°40′24.0″,,中國、中國(具名)、阿拉伯・蘇菲、韓國
HIP 62268,恆星,4.69,191.4096,-60.9816,12h45m38.3s,-60°58′53.8″,,圖皮-瓜拉尼
HIP 62322,恆星,3.55,191.5695,-68.1081,12h46m16.7s,-68°06′29.3″,,中國、中國(具名)、呂埃勒、圖皮-瓜拉尼、西方/現代88星座
HIP 62325,恆星,5.65,191.5952,+9.5377,12h46m22.8s,+09°32′15.6″,,中國(具名)、韓國
HIP 62356,恆星,5.12,191.6616,+16.5778,12h46m38.8s,+16°34′39.9″,,中國、中國(具名)、呂埃勒、圖卡諾、韓國
HIP 62394,恆星,6.09,191.8071,+11.9580,12h47m13.7s,+11°57′28.9″,,中國(具名)
HIP 62423,恆星,5.42,191.8932,+66.7903,12h47m34.4s,+66°47′25.0″,Tianyi,中國、中國(具名)
HIP 62434,恆星,1.25,191.9299,-59.6888,12h47m43.2s,-59°41′19.8″,Mimosa,中國、中國(具名)、呂埃勒、圖卡諾、圖皮-瓜拉尼、埃及、夏威夷星線、布吉斯、曼達爾、東加、毛利、西方/現代(星群)、西方/現代88星座、阿努塔、阿拉伯・古代、阿拉伯・蘇菲、韓國
HIP 62443,恆星,6.41,191.9642,+3.5727,12h47m51.4s,+03°34′21.7″,,中國、中國(具名)
HIP 62478,恆星,6.56,192.0595,+13.5529,12h48m14.3s,+13°33′10.5″,,中國(具名)
HIP 62516,恆星,6.25,192.1737,+48.4669,12h48m41.7s,+48°28′00.8″,,中國(具名)
HIP 62541,恆星,5.68,192.2260,+14.1225,12h48m54.2s,+14°07′21.0″,,中國(具名)
HIP 62572,恆星,5.35,192.3060,+83.4130,12h49m13.4s,+83°24′46.8″,,中國、中國(具名)、阿拉伯・古代、阿拉伯・月站、阿拉伯・蘇菲(星群)、韓國、韓國(具名)
HIP 62576,恆星,5.78,192.3222,+27.5525,12h49m17.3s,+27°33′08.9″,,中國(具名)
HIP 62683,恆星,4.89,192.6714,-33.9994,12h50m41.1s,-33°59′57.9″,,納瓦荷
HIP 62757,恆星,6.00,192.9035,+3.0569,12h51m36.9s,+03°03′24.7″,,中國(具名)
HIP 62763,恆星,4.94,192.9246,+27.5407,12h51m41.9s,+27°32′26.4″,Polaris Galacticus Borealis,中國、中國(具名)
HIP 62807,恆星,6.28,193.0511,+17.0739,12h52m12.3s,+17°04′26.1″,,韓國
HIP 62857,恆星,7.66,193.2553,+26.7938,12h53m01.3s,+26°47′37.6″,,中國(具名)
HIP 62875,恆星,6.11,193.2953,-3.5531,12h53m10.9s,-03°33′11.2″,,中國(具名)
HIP 62886,恆星,5.04,193.3237,+21.2449,12h53m17.7s,+21°14′41.5″,,中國(具名)、呂埃勒、圖卡諾、阿拉伯・古代、韓國
HIP 62896,恆星,4.27,193.3595,-40.1790,12h53m26.3s,-40°10′44.4″,,韓國
HIP 62933,恆星,6.24,193.4574,+12.4183,12h53m49.8s,+12°25′05.9″,,中國(具名)
HIP 62956,恆星,1.77,193.5082,+55.9598,12h54m02.0s,+55°57′35.2″,Alioth,中國、中國(具名)、北歐、印度吠陀(具名)、呂埃勒、因紐特、圖卡諾、埃及、夏威夷星線、夏威夷星線(具名)、布吉斯、曼達爾、白俄羅斯、納瓦荷、羅馬尼亞、蒙古、蒙古(具名)、薩丁尼亞、薩米、西伯利亞、西方/現代(星群)、西方/現代88星座、阿拉伯・古代、阿拉伯・古代(具名)、阿拉伯・月站、阿拉伯・月站(具名)、阿拉伯・蘇菲、阿拉伯・蘇菲(具名)、阿拉伯・蘇菲(星群)、阿拉伯・阿拉伯半島、阿拉伯・阿拉伯半島(具名)、韓國、韓國(具名)、黑腳族
HIP 62985,恆星,4.80,193.5881,-9.5391,12h54m21.1s,-09°32′20.6″,,中國(具名)
HIP 63003,恆星,4.04,193.6482,-57.1780,12h54m35.6s,-57°10′40.7″,,布吉斯、阿拉伯・蘇菲、韓國
HIP 63076,恆星,5.22,193.8689,+65.4383,12h55m28.5s,+65°26′18.0″,Taiyi,中國、中國(具名)、韓國
HIP 63090,恆星,3.38,193.8988,+3.3972,12h55m35.7s,+03°23′50.0″,Minelauva,中國、中國(具名)、呂埃勒、埃及、羅馬尼亞、西方/現代88星座、阿拉伯・古代、阿拉伯・月站、阿拉伯・蘇菲、阿拉伯・蘇菲(星群)、阿拉伯・阿拉伯半島、韓國
HIP 63125,恆星,2.88,194.0056,+38.3186,12h56m01.3s,+38°19′07.0″,Cor Caroli,中國、中國(具名)、呂埃勒、埃及、納瓦荷、西方/現代(星群)、西方/現代88星座、阿拉伯・古代(具名)、阿拉伯・月站(具名)、阿拉伯・蘇菲(具名)、韓國
HIP 63355,恆星,5.00,194.7308,+17.4096,12h58m55.4s,+17°24′34.5″,,中國、中國(具名)、韓國
HIP 63414,恆星,5.79,194.9145,-3.8119,12h59m39.5s,-03°48′42.8″,,中國、中國(具名)
HIP 63432,恆星,5.37,194.9779,+66.5972,12h59m54.7s,+66°35′49.9″,,中國(具名)、韓國
HIP 63462,恆星,4.88,195.0685,+30.7850,13h00m16.4s,+30°47′06.0″,,中國、中國(具名)
HIP 63494,恆星,6.08,195.1497,-3.3683,13h00m35.9s,-03°22′05.8″,,中國(具名)、阿拉伯・蘇菲
HIP 63533,恆星,5.93,195.2900,+17.1230,13h01m09.6s,+17°07′23.0″,,中國(具名)
HIP 63608,恆星,2.79,195.5429,+10.9592,13h02m10.3s,+10°57′33.3″,Vindemiatrix,中國、中國(具名)、呂埃勒、埃及、羅馬尼亞、西方/現代88星座、阿拉伯・古代、阿拉伯・月站、阿拉伯・蘇菲、阿拉伯・蘇菲(星群)、阿拉伯・阿拉伯半島、韓國
HIP 63613,恆星,3.61,195.5714,-71.5490,13h02m17.1s,-71°32′56.3″,,呂埃勒、圖皮-瓜拉尼、圖皮-瓜拉尼(具名)
HIP 63750,恆星,7.14,195.9766,-3.6634,13h03m54.4s,-03°39′48.1″,,中國(具名)
HIP 63945,恆星,4.69,196.5694,-48.4634,13h06m16.7s,-48°27′48.1″,,中國、中國(具名)
HIP 63948,恆星,6.06,196.5882,+21.1532,13h06m21.2s,+21°09′11.5″,,中國、中國(具名)、圖卡諾
HIP 63950,恆星,5.61,196.5943,+22.6160,13h06m22.6s,+22°36′57.6″,,中國(具名)
HIP 63972,恆星,5.59,196.6464,-41.5885,13h06m35.1s,-41°35′18.6″,,阿拉伯・蘇菲
HIP 64004,恆星,4.27,196.7275,-49.9063,13h06m54.6s,-49°54′22.7″,,阿拉伯・蘇菲
HIP 64022,恆星,4.69,196.7949,+27.6244,13h07m10.8s,+27°37′27.9″,,中國、中國(具名)
HIP 64078,恆星,5.15,196.9743,-10.7405,13h07m53.8s,-10°44′25.6″,,中國(具名)
HIP 64094,恆星,5.53,197.0298,-65.3060,13h08m07.1s,-65°18′21.7″,,圖皮-瓜拉尼
HIP 64166,恆星,4.93,197.2635,-23.1182,13h09m03.2s,-23°07′05.7″,,中國(具名)、西方/現代88星座、韓國
HIP 64212,恆星,5.99,197.4105,+37.4231,13h09m38.5s,+37°25′23.2″,,中國(具名)
HIP 64217,恆星,6.28,197.4251,+38.5339,13h09m42.0s,+38°32′02.1″,,中國(具名)
HIP 64224,恆星,5.94,197.4386,-10.3294,13h09m45.3s,-10°19′45.8″,,中國(具名)
HIP 64238,恆星,4.40,197.4873,-5.5392,13h09m57.0s,-05°32′20.9″,,中國、中國(具名)、呂埃勒、納瓦荷、阿拉伯・蘇菲、韓國
HIP 64241,恆星,4.32,197.4950,+17.5301,13h09m58.8s,+17°31′48.3″,Diadem,中國、中國(具名)、呂埃勒、東加、白俄羅斯、西方/現代88星座、阿拉伯・古代、韓國
HIP 64244,恆星,7.17,197.5052,+38.7238,13h10m01.2s,+38°43′25.5″,,中國(具名)
HIP 64246,恆星,5.91,197.5130,+38.4992,13h10m03.1s,+38°29′57.0″,,中國(具名)
HIP 64355,恆星,7.16,197.8693,+40.7925,13h11m28.6s,+40°47′32.9″,,中國(具名)
HIP 64394,恆星,4.25,197.9643,+27.8821,13h11m51.4s,+27°52′55.6″,,中國、中國(具名)、呂埃勒、埃及、東加、白俄羅斯、西方/現代88星座、韓國
HIP 64407,恆星,5.04,198.0152,-16.1999,13h12m03.7s,-16°11′59.6″,,中國、中國(具名)、韓國
HIP 64408,恆星,4.85,198.0111,-37.8028,13h12m02.7s,-37°48′10.1″,,韓國
HIP 64520,恆星,6.78,198.3617,-18.8264,13h13m26.8s,-18°49′35.2″,,中國(具名)
HIP 64577,恆星,5.33,198.5448,-19.9302,13h14m10.8s,-19°55′48.9″,,中國(具名)
HIP 64625,恆星,6.98,198.6879,-10.3706,13h14m45.1s,-10°22′14.1″,,中國(具名)
HIP 64725,恆星,5.22,198.9963,-19.9436,13h15m59.1s,-19°56′37.0″,,中國(具名)
HIP 64792,恆星,5.17,199.1923,+9.4250,13h16m46.2s,+09°25′30.0″,,中國(具名)、阿拉伯・古代、韓國
HIP 64834,恆星,6.89,199.3635,-10.5462,13h17m27.2s,-10°32′46.4″,,中國(具名)
HIP 64844,恆星,4.70,199.3849,+40.5727,13h17m32.4s,+40°34′21.7″,,中國(具名)
HIP 64852,恆星,4.80,199.4012,+5.4699,13h17m36.3s,+05°28′11.8″,,中國(具名)、阿拉伯・古代、韓國
HIP 64906,恆星,5.15,199.5602,+49.6821,13h18m14.5s,+49°40′55.7″,,中國、中國(具名)、納瓦荷、韓國
HIP 64924,恆星,4.74,199.5963,-18.3159,13h18m23.1s,-18°18′57.3″,,中國(具名)
HIP 64962,恆星,3.00,199.7307,-23.1717,13h18m55.4s,-23°10′18.2″,,中國、中國(具名)、呂埃勒、西方/現代88星座、阿拉伯・古代、阿拉伯・蘇菲、韓國
HIP 65074,恆星,6.73,200.0827,-11.3042,13h20m19.8s,-11°18′15.1″,,中國(具名)
HIP 65109,恆星,2.73,200.1473,-36.7127,13h20m35.4s,-36°42′45.6″,,中國、中國(具名)、呂埃勒、西方/現代88星座、阿拉伯・古代、阿拉伯・蘇菲、阿拉伯・蘇菲(星群)、韓國
HIP 65144,恆星,5.74,200.2399,-46.8799,13h20m57.6s,-46°52′47.7″,,阿拉伯・蘇菲
HIP 65239,恆星,6.92,200.5344,-12.5796,13h22m08.3s,-12°34′46.4″,,阿拉伯・古代
HIP 65241,恆星,5.87,200.5400,+5.1546,13h22m09.6s,+05°09′16.5″,,中國(具名)
HIP 65301,恆星,5.35,200.7544,-17.7354,13h23m01.1s,-17°44′07.5″,,中國(具名)
HIP 65323,恆星,5.86,200.8286,-4.9245,13h23m18.9s,-04°55′28.2″,,中國(具名)
HIP 65378,恆星,2.22,200.9824,+54.9253,13h23m55.8s,+54°55′30.9″,Mizar,中國、中國(具名)、北歐、印度吠陀(具名)、呂埃勒、因紐特、圖卡諾、埃及、夏威夷星線、夏威夷星線(具名)、布吉斯、曼達爾、白俄羅斯、納瓦荷、羅馬尼亞、蒙古、蒙古(具名)、薩丁尼亞、薩丁尼亞(具名)、薩米、西伯利亞、西方/現代(星群)、西方/現代88星座、阿拉伯・古代、阿拉伯・古代(具名)、阿拉伯・月站、阿拉伯・月站(具名)、阿拉伯・蘇菲、阿拉伯・蘇菲(具名)、阿拉伯・蘇菲(星群)、阿拉伯・阿拉伯半島、阿拉伯・阿拉伯半島(具名)、韓國、韓國(具名)、黑腳族
HIP 65387,恆星,4.52,201.0023,-64.5358,13h24m00.6s,-64°32′08.8″,,圖皮-瓜拉尼
HIP 65420,恆星,5.75,201.1391,-5.1642,13h24m33.4s,-05°09′50.9″,,中國(具名)、韓國
HIP 65474,恆星,0.97,201.2981,-11.1615,13h25m11.5s,-11°09′41.2″,Spica,中國、中國(具名)、印度(星群)、印度吠陀、印度吠陀(具名)、呂埃勒、埃及、夏威夷星線、夏威夷星線(具名)、日本月站、毛利(具名)、羅馬尼亞、西方/現代(星群)、西方/現代88星座、阿拉伯・古代、阿拉伯・古代(具名)、阿拉伯・月站(具名)、阿拉伯・蘇菲、阿拉伯・蘇菲(具名)、阿拉伯・阿拉伯半島、阿拉伯・阿拉伯半島(具名)、韓國
HIP 65477,恆星,4.01,201.3073,+54.9878,13h25m13.8s,+54°59′16.2″,Alcor,中國、中國(具名)、印度吠陀(具名)、夏威夷星線(具名)、羅馬尼亞(具名)、蒙古(具名)、阿拉伯・古代(具名)、阿拉伯・月站(具名)、韓國、黑腳族、黑腳族(具名)
HIP 65550,恆星,5.87,201.5694,+46.0280,13h26m16.6s,+46°01′40.7″,,韓國
HIP 65581,恆星,5.25,201.6793,-12.7078,13h26m43.0s,-12°42′27.9″,,中國(具名)、呂埃勒
HIP 65639,恆星,4.75,201.8626,-15.9735,13h27m27.0s,-15°58′24.6″,,中國、中國(具名)、韓國
HIP 65721,恆星,4.97,202.1065,+13.7762,13h28m25.5s,+13°46′34.4″,,中國(具名)、呂埃勒、韓國
HIP 65790,恆星,5.65,202.3039,+10.8181,13h29m12.9s,+10°49′05.3″,,中國(具名)
HIP 65892,恆星,6.10,202.6074,-6.4702,13h30m25.8s,-06°28′12.8″,,中國(具名)
HIP 65936,恆星,3.88,202.7610,-39.4074,13h31m02.6s,-39°24′26.5″,,中國、中國(具名)、西方/現代88星座、阿拉伯・蘇菲
HIP 66006,恆星,4.69,202.9907,-6.2560,13h31m57.8s,-06°15′21.7″,,中國(具名)、阿拉伯・蘇菲、韓國
HIP 66015,恆星,6.00,203.0112,-18.7290,13h32m02.7s,-18°43′44.2″,,中國(具名)
HIP 66091,恆星,5.53,203.2148,-15.3630,13h32m51.6s,-15°21′46.9″,,中國(具名)
HIP 66098,恆星,5.21,203.2418,-10.1652,13h32m58.0s,-10°09′54.6″,,中國(具名)、阿拉伯・蘇菲
HIP 66200,恆星,4.94,203.5332,+3.6589,13h34m08.0s,+03°39′31.9″,,中國、中國(具名)、韓國
HIP 66234,恆星,4.70,203.6127,+49.0161,13h34m27.1s,+49°00′57.9″,,中國、中國(具名)、韓國
HIP 66247,恆星,5.93,203.6683,-13.2143,13h34m40.4s,-13°12′51.6″,,阿拉伯・蘇菲
HIP 66249,恆星,3.38,203.6721,-0.5956,13h34m41.3s,-00°35′44.2″,Heze,中國、中國(具名)、呂埃勒、埃及、日本月站、羅馬尼亞、西方/現代88星座、阿拉伯・蘇菲、韓國
HIP 66320,恆星,5.71,203.8805,-5.3958,13h35m31.3s,-05°23′45.0″,,中國(具名)
HIP 66465,恆星,7.68,204.3965,-7.8719,13h37m35.2s,-07°52′18.9″,,中國(具名)
HIP 66610,恆星,6.64,204.8080,+10.5095,13h39m13.9s,+10°30′34.0″,,中國(具名)
HIP 66634,恆星,5.46,204.8759,+52.9215,13h39m30.2s,+52°55′17.2″,,中國(具名)
HIP 66640,恆星,5.58,204.8937,+10.7462,13h39m34.5s,+10°44′46.4″,,中國(具名)
HIP 66657,恆星,2.30,204.9718,-53.4664,13h39m53.2s,-53°27′59.2″,,中國、中國(具名)、呂埃勒、西方/現代88星座、阿拉伯・古代、阿拉伯・蘇菲、韓國
HIP 66727,恆星,5.76,205.1684,+19.9558,13h40m40.4s,+19°57′21.0″,,中國(具名)
HIP 66738,恆星,4.66,205.1843,+54.6816,13h40m44.2s,+54°40′53.7″,,中國(具名)
HIP 66763,恆星,5.58,205.2597,+22.4957,13h41m02.3s,+22°29′44.4″,,中國(具名)
HIP 66798,恆星,5.85,205.3751,+64.8224,13h41m30.0s,+64°49′20.5″,,中國、中國(具名)
HIP 66803,恆星,5.01,205.4028,-8.7028,13h41m36.7s,-08°42′10.1″,,中國、中國(具名)、阿拉伯・蘇菲
HIP 66821,恆星,5.22,205.4362,-54.5595,13h41m44.7s,-54°33′34.3″,,阿拉伯・蘇菲
HIP 66936,恆星,5.42,205.7642,+3.5376,13h43m03.4s,+03°32′15.3″,,中國(具名)
HIP 66992,恆星,6.09,205.9384,+22.7003,13h43m45.2s,+22°42′00.9″,,中國(具名)
HIP 67057,恆星,5.57,206.1243,-16.1791,13h44m29.8s,-16°10′44.8″,,中國(具名)
HIP 67139,恆星,6.18,206.3959,-15.7676,13h45m35.0s,-15°46′03.3″,,中國(具名)
HIP 67153,恆星,4.23,206.4194,-33.0444,13h45m40.7s,-33°02′39.7″,,中國、中國(具名)、西方/現代(星群)、阿拉伯・蘇菲、阿拉伯・蘇菲(星群)
HIP 67172,恆星,5.56,206.4846,-12.4265,13h45m56.3s,-12°25′35.4″,,中國(具名)、阿拉伯・蘇菲
HIP 67231,恆星,5.67,206.6484,+54.4327,13h46m35.6s,+54°25′57.6″,,中國(具名)
HIP 67234,恆星,4.63,206.6641,-51.4329,13h46m39.4s,-51°25′58.4″,,阿拉伯・蘇菲
HIP 67239,恆星,5.96,206.6804,+25.7020,13h46m43.3s,+25°42′07.1″,,中國(具名)
HIP 67275,恆星,4.49,206.8134,+17.4572,13h47m15.2s,+17°27′25.8″,,中國、中國(具名)、呂埃勒、羅馬尼亞、阿拉伯・古代、阿拉伯・蘇菲、阿拉伯・蘇菲(星群)、韓國
HIP 67288,恆星,5.43,206.8561,-17.8600,13h47m25.5s,-17°51′35.9″,,中國(具名)
HIP 67301,恆星,1.86,206.8843,+49.3132,13h47m32.2s,+49°18′47.5″,Alkaid,中國、中國(具名)、北歐、印度吠陀(具名)、呂埃勒、因紐特、圖卡諾、埃及、夏威夷星線、夏威夷星線(具名)、布吉斯、曼達爾、白俄羅斯、納瓦荷、羅馬尼亞、蒙古、蒙古(具名)、薩丁尼亞、薩丁尼亞(具名)、薩米、西伯利亞、西方/現代(星群)、西方/現代88星座、阿拉伯・古代、阿拉伯・古代(具名)、阿拉伯・月站、阿拉伯・月站(具名)、阿拉伯・蘇菲、阿拉伯・蘇菲(具名)、阿拉伯・蘇菲(星群)、阿拉伯・阿拉伯半島、阿拉伯・阿拉伯半島(具名)、韓國、韓國(具名)、黑腳族、黑腳族(具名)
HIP 67355,恆星,6.57,207.0748,-6.8375,13h48m17.9s,-06°50′14.8″,,中國(具名)
HIP 67457,恆星,4.19,207.3611,-34.4510,13h49m26.7s,-34°27′03.7″,,中國、中國(具名)、西方/現代(星群)、阿拉伯・蘇菲
HIP 67459,恆星,4.07,207.3689,+15.7981,13h49m28.5s,+15°47′53.1″,,中國、中國(具名)、呂埃勒、白俄羅斯、羅馬尼亞、西方/現代88星座、阿拉伯・古代、阿拉伯・古代(具名)、阿拉伯・蘇菲、阿拉伯・蘇菲(星群)、韓國
HIP 67464,恆星,3.39,207.3760,-41.6878,13h49m30.2s,-41°41′16.1″,,中國、中國(具名)、呂埃勒、西方/現代88星座、阿拉伯・蘇菲
HIP 67472,恆星,3.43,207.4040,-42.4738,13h49m37.0s,-42°28′25.7″,,中國、中國(具名)、西方/現代88星座、阿拉伯・蘇菲、韓國
HIP 67480,恆星,4.91,207.4286,+21.2642,13h49m42.9s,+21°15′51.0″,,中國(具名)、韓國
HIP 67494,恆星,4.96,207.4674,-18.1343,13h49m52.2s,-18°08′03.6″,,中國(具名)、韓國
HIP 67627,恆星,4.66,207.8581,+64.7233,13h51m25.9s,+64°43′23.8″,,中國、中國(具名)、阿拉伯・蘇菲
HIP 67665,恆星,4.74,207.9477,+34.4441,13h51m47.4s,+34°26′38.7″,,阿拉伯・古代
HIP 67669,恆星,4.52,207.9565,-32.9942,13h51m49.6s,-32°59′39.2″,,中國、中國(具名)、西方/現代(星群)、阿拉伯・蘇菲
HIP 67786,恆星,4.73,208.3022,-31.9277,13h53m12.5s,-31°55′39.6″,,中國、中國(具名)、西方/現代(星群)、阿拉伯・蘇菲、阿拉伯・蘇菲(星群)
HIP 67787,恆星,5.71,208.3037,+17.9329,13h53m12.9s,+17°55′58.4″,,中國(具名)
HIP 67848,恆星,5.70,208.4623,+53.7286,13h53m51.0s,+53°43′43.1″,,中國(具名)
HIP 67927,恆星,2.68,208.6709,+18.3961,13h54m41.0s,+18°23′46.0″,Muphrid,中國、中國(具名)、呂埃勒、因紐特、因紐特(具名)、埃及、白俄羅斯、羅馬尼亞、西方/現代88星座、阿拉伯・古代、阿拉伯・古代(具名)、阿拉伯・蘇菲、阿拉伯・蘇菲(星群)、韓國
HIP 67929,恆星,5.16,208.6752,-1.5032,13h54m42.1s,-01°30′11.6″,,中國(具名)、阿拉伯・蘇菲
HIP 68002,恆星,2.55,208.8846,-47.2886,13h55m32.3s,-47°17′18.9″,Alnair,中國、中國(具名)、呂埃勒、西方/現代88星座、阿拉伯・古代、阿拉伯・蘇菲
HIP 68092,恆星,5.90,209.1160,+1.0506,13h56m27.8s,+01°03′02.3″,,中國(具名)
HIP 68103,恆星,5.00,209.1426,+27.4919,13h56m34.2s,+27°29′30.7″,,中國、中國(具名)
HIP 68245,恆星,3.80,209.5676,-42.1008,13h58m16.2s,-42°06′03.0″,,中國、中國(具名)、阿拉伯・蘇菲
HIP 68269,恆星,5.15,209.6295,-24.9724,13h58m31.1s,-24°58′20.6″,,中國(具名)、韓國
HIP 68282,恆星,3.87,209.6696,-44.8037,13h58m40.7s,-44°48′13.3″,,中國、中國(具名)、西方/現代88星座、阿拉伯・蘇菲、韓國
HIP 68390,恆星,5.77,209.9995,-25.0108,13h59m59.9s,-25°00′38.9″,,中國(具名)
HIP 68478,恆星,6.22,210.2933,+27.3867,14h01m10.4s,+27°23′12.0″,,中國、中國(具名)
HIP 68498,恆星,5.97,210.3353,+8.8949,14h01m20.5s,+08°53′41.7″,,韓國
HIP 68520,恆星,4.24,210.4117,+1.5444,14h01m38.8s,+01°32′40.0″,,中國、中國(具名)、羅馬尼亞、西方/現代88星座、韓國
HIP 68523,恆星,4.33,210.4313,-45.6035,14h01m43.5s,-45°36′12.6″,,中國、中國(具名)、阿拉伯・蘇菲、韓國
HIP 68702,恆星,0.58,210.9556,-60.3731,14h03m49.3s,-60°22′23.3″,Hadar,中國、中國(具名)、呂埃勒、夏威夷星線、夏威夷星線(具名)、布吉斯、曼達爾、東加、毛利、西方/現代(星群)、西方/現代88星座、阿努塔、阿拉伯・古代、阿拉伯・古代(具名)、阿拉伯・蘇菲、阿拉伯・蘇菲(星群)、阿拉伯・阿拉伯半島(具名)、韓國
HIP 68707,恆星,6.24,210.9823,+4.9010,14h03m55.7s,+04°54′03.5″,,韓國
HIP 68756,恆星,3.68,211.0967,+64.3759,14h04m23.2s,+64°22′33.3″,Thuban,中國、中國(具名)、呂埃勒、埃及、曼達爾、白俄羅斯、納瓦荷、羅馬尼亞、西方/現代88星座、阿拉伯・蘇菲、韓國
HIP 68862,恆星,4.34,211.5114,-41.1797,14h06m02.7s,-41°10′47.0″,,中國、中國(具名)、阿拉伯・蘇菲
HIP 68888,恆星,6.52,211.5740,-8.8915,14h06m17.8s,-08°53′29.5″,,中國(具名)
HIP 68895,恆星,3.28,211.5931,-26.6830,14h06m22.3s,-26°40′58.8″,,中國、中國(具名)、呂埃勒、阿拉伯・古代、阿拉伯・蘇菲、韓國
HIP 68933,恆星,2.05,211.6677,-36.3723,14h06m40.3s,-36°22′20.1″,Menkent,中國、中國(具名)、呂埃勒、西方/現代88星座、阿拉伯・古代、阿拉伯・蘇菲、韓國
HIP 68940,恆星,5.45,211.6778,-9.3135,14h06m42.7s,-09°18′48.6″,,中國(具名)
HIP 68956,恆星,6.44,211.7340,+74.5938,14h06m56.1s,+74°35′37.8″,,中國(具名)
HIP 69068,恆星,5.25,212.0717,+49.4584,14h08m17.2s,+49°27′30.4″,,中國(具名)
HIP 69112,恆星,4.80,212.2116,+77.5477,14h08m50.8s,+77°32′51.6″,,中國、中國(具名)、阿拉伯・古代、阿拉伯・月站、阿拉伯・蘇菲(星群)、韓國
HIP 69127,恆星,6.46,212.2524,-10.3345,14h09m00.6s,-10°20′04.0″,,中國(具名)
HIP 69226,恆星,4.83,212.5996,+25.0914,14h10m23.9s,+25°05′29.1″,,中國、中國(具名)、阿拉伯・古代、韓國
HIP 69260,恆星,6.93,212.6806,+15.2907,14h10m43.4s,+15°17′26.6″,,中國、中國(具名)
HIP 69373,恆星,5.24,213.0164,+69.4323,14h12m03.9s,+69°25′56.4″,,中國、中國(具名)
HIP 69389,恆星,5.02,213.0657,+2.4093,14h12m15.8s,+02°24′33.5″,,韓國
HIP 69403,恆星,7.17,213.1396,-9.9001,14h12m33.5s,-09°54′00.5″,,中國(具名)
HIP 69415,恆星,5.08,213.1917,-27.2613,14h12m46.0s,-27°15′40.8″,,中國、中國(具名)、韓國
HIP 69427,恆星,4.21,213.2240,-10.2731,14h12m53.8s,-10°16′23.1″,Kang,中國、中國(具名)、呂埃勒、日本月站、西方/現代88星座、阿拉伯・古代、阿拉伯・月站、阿拉伯・蘇菲、阿拉伯・蘇菲(星群)、阿拉伯・阿拉伯半島、韓國
HIP 69481,恆星,6.69,213.3663,+51.7878,14h13m27.9s,+51°47′16.0″,,中國、中國(具名)
HIP 69483,恆星,4.50,213.3713,+51.7899,14h13m29.1s,+51°47′23.7″,Asellus Tertius,羅馬尼亞、阿拉伯・古代、阿拉伯・蘇菲、阿拉伯・蘇菲(星群)、韓國
HIP 69536,恆星,5.51,213.5204,+12.9592,14h14m04.9s,+12°57′33.1″,,中國、中國(具名)
HIP 69612,恆星,5.32,213.7118,+10.0999,14h14m50.8s,+10°05′59.6″,,韓國
HIP 69673,恆星,-0.05,213.9102,+19.1735,14h15m38.4s,+19°10′24.7″,Arcturus,中國、中國(具名)、北歐(具名)、印度(星群)、印度吠陀、印度吠陀(具名)、呂埃勒、因紐特、因紐特(具名)、埃及、夏威夷星線、夏威夷星線(具名)、東加(具名)、毛利(具名)、白俄羅斯、薩米、西方/現代(星群)、西方/現代88星座、阿拉伯・古代、阿拉伯・古代(具名)、阿拉伯・月站(具名)、阿拉伯・蘇菲(具名)、阿拉伯・阿拉伯半島(具名)、韓國
HIP 69701,恆星,4.08,214.0035,-6.0024,14h16m00.8s,-06°00′08.6″,Syrma,中國、中國(具名)、呂埃勒、日本月站、西方/現代88星座、阿拉伯・古代、阿拉伯・月站、阿拉伯・蘇菲、阿拉伯・蘇菲(星群)、阿拉伯・阿拉伯半島、韓國
HIP 69713,恆星,4.75,214.0403,+51.3676,14h16m09.7s,+51°22′03.5″,Asellus Secundus,中國、中國(具名)、阿拉伯・蘇菲、韓國
HIP 69732,恆星,4.18,214.0947,+46.0890,14h16m22.7s,+46°05′20.4″,Xuange,中國、中國(具名)、呂埃勒、羅馬尼亞、阿拉伯・古代、阿拉伯・蘇菲、阿拉伯・蘇菲(星群)
HIP 69754,恆星,7.55,214.1429,-59.9137,14h16m34.3s,-59°54′49.4″,,中國(具名)
HIP 69896,恆星,4.89,214.5573,-81.0080,14h18m13.8s,-81°00′29.0″,,中國、中國(具名)
HIP 69974,恆星,4.52,214.7774,-13.3710,14h19m06.6s,-13°22′15.5″,Khambaliya,中國、中國(具名)、呂埃勒、日本月站、阿拉伯・古代、阿拉伯・月站、阿拉伯・蘇菲、阿拉伯・蘇菲(星群)、阿拉伯・阿拉伯半島、韓國
HIP 69989,恆星,5.40,214.8183,+13.0042,14h19m16.4s,+13°00′15.0″,,中國、中國(具名)
HIP 69996,恆星,3.53,214.8508,-46.0581,14h19m24.2s,-46°03′29.2″,,中國、中國(具名)
HIP 70012,恆星,5.14,214.8848,-2.2658,14h19m32.4s,-02°15′57.0″,,中國(具名)
HIP 70027,恆星,4.85,214.9378,+16.3072,14h19m45.1s,+16°18′26.0″,,中國、中國(具名)
HIP 70069,恆星,4.35,215.0814,-56.3865,14h20m19.5s,-56°23′11.5″,,韓國
HIP 70090,恆星,4.03,215.1389,-37.8853,14h20m33.3s,-37°53′07.2″,,中國、中國(具名)、阿拉伯・蘇菲
HIP 70220,恆星,6.82,215.4938,-1.9881,14h21m58.5s,-01°59′17.2″,,中國(具名)
HIP 70248,恆星,5.05,215.5964,-80.1090,14h22m23.1s,-80°06′32.5″,,中國、中國(具名)
HIP 70264,恆星,4.94,215.6542,-58.4590,14h22m37.0s,-58°27′32.5″,,圖皮-瓜拉尼、韓國
HIP 70300,恆星,4.42,215.7592,-39.5119,14h23m02.2s,-39°30′42.9″,Bidelman's Helium Variable Star,中國、中國(具名)、阿拉伯・蘇菲
HIP 70306,恆星,4.75,215.7730,-27.7545,14h23m05.5s,-27°45′16.3″,,中國(具名)、韓國
HIP 70327,恆星,5.04,215.8442,+8.4466,14h23m22.6s,+08°26′47.7″,,韓國
HIP 70400,恆星,5.09,216.0469,+5.8202,14h24m11.3s,+05°49′12.5″,,韓國
HIP 70497,恆星,4.05,216.2975,+51.8490,14h25m11.4s,+51°50′56.3″,Asellus Primus,中國、中國(具名)、呂埃勒、曼達爾、羅馬尼亞、阿拉伯・古代、阿拉伯・蘇菲、阿拉伯・蘇菲(星群)、韓國
HIP 70574,恆星,4.55,216.5342,-45.2215,14h26m08.2s,-45°13′17.4″,,中國、中國(具名)
HIP 70576,恆星,4.35,216.5451,-45.3793,14h26m10.8s,-45°22′45.5″,,西方/現代88星座
HIP 70602,恆星,5.39,216.6137,+19.2270,14h26m27.3s,+19°13′37.3″,,中國(具名)、韓國
HIP 70638,恆星,4.30,216.7263,-83.6679,14h26m54.3s,-83°40′04.6″,,中國、中國(具名)、西方/現代88星座
HIP 70680,恆星,6.16,216.8513,-6.1206,14h27m24.3s,-06°07′14.2″,,中國(具名)
HIP 70692,恆星,4.24,216.8816,+75.6961,14h27m31.6s,+75°41′45.9″,,中國、中國(具名)、阿拉伯・古代、阿拉伯・月站、阿拉伯・蘇菲(星群)、韓國、韓國(具名)
HIP 70753,恆星,4.97,217.0433,-29.4917,14h28m10.4s,-29°29′30.3″,,韓國
HIP 70755,恆星,4.84,217.0500,-2.2280,14h28m12.0s,-02°13′40.7″,Elgafar,中國、中國(具名)、呂埃勒、日本月站、阿拉伯・蘇菲、韓國
HIP 70784,恆星,6.60,217.1329,-10.0044,14h28m31.9s,-10°00′15.8″,,阿拉伯・古代、阿拉伯・月站
HIP 70791,恆星,5.58,217.1555,+49.8446,14h28m37.3s,+49°50′40.7″,,中國(具名)
HIP 70794,恆星,5.42,217.1737,-6.9008,14h28m41.7s,-06°54′02.8″,,中國(具名)
HIP 71053,恆星,3.59,217.9569,+30.3720,14h31m49.7s,+30°22′19.1″,,中國、中國(具名)、呂埃勒、白俄羅斯、羅馬尼亞、西方/現代(星群)、西方/現代88星座、阿拉伯・古代、阿拉伯・古代(具名)、阿拉伯・蘇菲、阿拉伯・蘇菲(星群)、韓國
HIP 71075,恆星,3.02,218.0188,+38.3089,14h32m04.5s,+38°18′32.1″,Seginus,中國、中國(具名)、呂埃勒、埃及、白俄羅斯、羅馬尼亞、西方/現代(星群)、西方/現代88星座、阿拉伯・古代、阿拉伯・蘇菲、阿拉伯・蘇菲(星群)、韓國
HIP 71121,恆星,4.42,218.1542,-50.4572,14h32m37.0s,-50°27′26.0″,,中國、中國(具名)
HIP 71284,恆星,4.47,218.6710,+29.7457,14h34m41.0s,+29°44′44.6″,,中國、中國(具名)、阿拉伯・古代、阿拉伯・蘇菲、阿拉伯・蘇菲(星群)、韓國
HIP 71352,恆星,2.31,218.8771,-42.1613,14h35m30.5s,-42°09′40.7″,,中國、中國(具名)、呂埃勒、西方/現代88星座、阿拉伯・蘇菲、韓國
HIP 71536,恆星,4.05,219.4716,-49.4260,14h37m53.2s,-49°25′33.4″,,中國、中國(具名)、西方/現代88星座
HIP 71618,恆星,5.39,219.7089,+44.4044,14h38m50.1s,+44°24′15.9″,,中國(具名)
HIP 71652,恆星,7.20,219.8418,-25.0287,14h39m22.0s,-25°01′43.4″,,中國、中國(具名)
HIP 71683,恆星,0.01,219.8685,-60.8319,14h39m28.4s,-60°49′54.8″,Alpha Centauri,中國、中國(具名)、呂埃勒、夏威夷星線、夏威夷星線(具名)、布吉斯、曼達爾、東加、毛利、西方/現代(星群)、西方/現代88星座、阿努塔、阿拉伯・古代、阿拉伯・蘇菲、阿拉伯・蘇菲(具名)、阿拉伯・蘇菲(星群)、阿拉伯・阿拉伯半島(具名)、韓國
HIP 71762,恆星,4.89,220.1816,+16.4184,14h40m43.6s,+16°25′06.2″,,中國、中國(具名)、呂埃勒、韓國
HIP 71795,恆星,3.78,220.2875,+13.7283,14h41m09.0s,+13°43′41.8″,,中國、中國(具名)、呂埃勒、羅馬尼亞、西方/現代88星座、阿拉伯・蘇菲、韓國
HIP 71832,恆星,4.86,220.4114,+8.1618,14h41m38.7s,+08°09′42.4″,,中國(具名)、羅馬尼亞
HIP 71837,恆星,5.57,220.4306,+11.6602,14h41m43.3s,+11°39′36.6″,,中國(具名)
HIP 71860,恆星,2.29,220.4822,-47.3883,14h41m55.7s,-47°23′17.8″,,中國、中國(具名)、呂埃勒、西方/現代88星座、阿拉伯・蘇菲、韓國
HIP 71865,恆星,4.00,220.4898,-37.7936,14h41m57.6s,-37°47′37.1″,,中國、中國(具名)、阿拉伯・蘇菲
HIP 71908,恆星,3.19,220.6247,-64.9762,14h42m29.9s,-64°58′34.2″,,中國(具名)、西方/現代88星座、阿拉伯・蘇菲(星群)、韓國
HIP 71957,恆星,3.88,220.7656,-5.6596,14h43m03.7s,-05°39′34.6″,Rijl al Awwa,中國(具名)、呂埃勒、西方/現代88星座、阿拉伯・蘇菲
HIP 71974,恆星,5.73,220.8064,-24.9978,14h43m13.5s,-24°59′52.1″,,中國、中國(具名)
HIP 71995,恆星,4.79,220.8556,+26.5278,14h43m25.3s,+26°31′40.0″,,中國(具名)
HIP 72010,恆星,4.04,220.9140,-35.1745,14h43m39.4s,-35°10′28.0″,,中國、中國(具名)、阿拉伯・古代、阿拉伯・蘇菲、阿拉伯・蘇菲(星群)
HIP 72105,恆星,2.45,221.2465,+27.0743,14h44m59.2s,+27°04′27.5″,Izar,中國、中國(具名)、呂埃勒、埃及、白俄羅斯、羅馬尼亞、西方/現代(星群)、西方/現代88星座、阿拉伯・古代、阿拉伯・古代(具名)、阿拉伯・蘇菲、阿拉伯・蘇菲(星群)、韓國
HIP 72125,恆星,4.60,221.3100,+16.9640,14h45m14.4s,+16°57′50.6″,,中國、中國(具名)、羅馬尼亞、韓國
HIP 72131,恆星,5.36,221.3229,-62.8760,14h45m17.5s,-62°52′33.6″,,圖皮-瓜拉尼
HIP 72154,恆星,5.67,221.3757,+0.7172,14h45m30.2s,+00°43′02.0″,,中國(具名)
HIP 72181,恆星,7.50,221.4625,+71.9662,14h45m51.0s,+71°57′58.5″,,中國、中國(具名)
HIP 72194,恆星,6.34,221.4905,-15.4595,14h45m57.7s,-15°27′34.4″,,中國(具名)
HIP 72197,恆星,5.11,221.4996,-25.4437,14h45m59.9s,-25°26′37.2″,,中國(具名)
HIP 72220,恆星,3.73,221.5617,+1.8928,14h46m14.8s,+01°53′34.1″,,中國(具名)、呂埃勒、埃及、羅馬尼亞、西方/現代88星座
HIP 72323,恆星,5.61,221.8439,-25.6243,14h47m22.5s,-25°37′27.6″,,中國(具名)
HIP 72357,恆星,5.23,221.9369,-26.0875,14h47m44.9s,-26°05′15.1″,,中國(具名)
HIP 72370,恆星,3.80,221.9653,-79.0448,14h47m51.7s,-79°02′41.4″,,中國、中國(具名)、西方/現代88星座
HIP 72378,恆星,5.76,221.9898,-26.6462,14h47m57.6s,-26°38′46.3″,,中國(具名)
HIP 72487,恆星,5.76,222.3278,+46.1159,14h49m18.7s,+46°06′57.1″,Merga,中國(具名)
HIP 72489,恆星,5.60,222.3291,-14.1491,14h49m19.0s,-14°08′56.7″,,中國(具名)、阿拉伯・蘇菲
HIP 72508,恆星,6.48,222.3850,+51.3745,14h49m32.4s,+51°22′28.2″,,西方/現代(星群)
HIP 72524,恆星,6.25,222.4215,+48.7213,14h49m41.2s,+48°43′16.5″,,中國(具名)
HIP 72552,恆星,5.80,222.4934,+28.6158,14h49m58.4s,+28°36′57.0″,,阿拉伯・古代、阿拉伯・蘇菲(星群)
HIP 72571,恆星,4.41,222.5709,-27.9606,14h50m17.0s,-27°57′38.3″,,中國、中國(具名)、韓國
HIP 72603,恆星,5.16,222.6712,-15.9975,14h50m41.1s,-15°59′51.0″,Zubenelgenubi I,中國(具名)
HIP 72607,恆星,2.08,222.6758,+74.1556,14h50m42.2s,+74°09′20.0″,Kochab,中國、中國(具名)、北歐、呂埃勒、埃及、夏威夷星線(具名)、布吉斯、白俄羅斯、羅馬尼亞、西方/現代(星群)、西方/現代88星座、阿拉伯・古代、阿拉伯・古代(具名)、阿拉伯・月站、阿拉伯・月站(具名)、阿拉伯・蘇菲、阿拉伯・蘇菲(具名)、阿拉伯・蘇菲(星群)、阿拉伯・阿拉伯半島、阿拉伯・阿拉伯半島(具名)、韓國、韓國(具名)
HIP 72622,恆星,2.75,222.7191,-16.0421,14h50m52.6s,-16°02′31.5″,Zubenelgenubi II,中國、中國(具名)、印度(星群)、印度吠陀、呂埃勒、埃及、日本月站、羅馬尼亞、西方/現代88星座、阿拉伯・古代、阿拉伯・月站、阿拉伯・蘇菲、阿拉伯・蘇菲(星群)、阿拉伯・阿拉伯半島、韓國
HIP 72631,恆星,4.94,222.7549,-2.2997,14h51m01.2s,-02°17′58.9″,,中國(具名)、羅馬尼亞
HIP 72659,恆星,4.67,222.8481,+19.1003,14h51m23.5s,+19°06′01.0″,,中國(具名)、呂埃勒、埃及
HIP 72683,恆星,4.31,222.9094,-43.5755,14h51m38.3s,-43°34′31.7″,,中國、中國(具名)
HIP 72702,恆星,6.26,222.9637,-18.3553,14h51m51.3s,-18°21′19.2″,,中國(具名)
HIP 72848,恆星,6.00,223.3469,+19.1538,14h53m23.3s,+19°09′13.5″,,中國(具名)
HIP 72929,恆星,5.27,223.5838,-24.6423,14h54m20.1s,-24°38′32.4″,,中國、中國(具名)
HIP 72934,恆星,5.79,223.5951,-11.8984,14h54m22.8s,-11°53′54.2″,,中國(具名)
HIP 73100,恆星,5.62,224.0968,+49.6274,14h56m23.2s,+49°37′38.8″,,西方/現代(星群)
HIP 73133,恆星,5.45,224.1922,-11.4097,14h56m46.1s,-11°24′34.8″,,中國(具名)
HIP 73165,恆星,4.49,224.2954,-4.3471,14h57m10.9s,-04°20′49.7″,,中國(具名)
HIP 73189,恆星,6.95,224.3833,-25.4418,14h57m32.0s,-25°26′30.5″,,中國(具名)
HIP 73199,恆星,4.54,224.3950,+65.9326,14h57m34.8s,+65°55′57.4″,,中國、中國(具名)、韓國
HIP 73249,恆星,6.60,224.5559,-11.1548,14h58m13.4s,-11°09′17.3″,,中國(具名)
HIP 73273,恆星,2.68,224.6328,-43.1341,14h58m31.9s,-43°08′02.9″,,中國、中國(具名)、呂埃勒、西方/現代88星座、阿拉伯・蘇菲、韓國
HIP 73284,恆星,6.40,224.6633,-27.6573,14h58m39.2s,-27°39′26.2″,,中國(具名)
HIP 73310,恆星,5.86,224.7228,-11.1443,14h58m53.5s,-11°08′39.5″,,中國(具名)
HIP 73334,恆星,3.11,224.7902,-42.1043,14h59m09.7s,-42°06′15.5″,,中國、中國(具名)、西方/現代88星座、阿拉伯・蘇菲
HIP 73350,恆星,5.93,224.8463,+4.5677,14h59m23.1s,+04°34′03.9″,,羅馬尼亞
HIP 73369,恆星,5.63,224.9038,+39.2655,14h59m36.9s,+39°15′55.9″,,中國(具名)
HIP 73440,恆星,6.63,225.1065,+71.7658,15h00m25.6s,+71°45′56.9″,,中國(具名)
HIP 73473,恆星,4.93,225.2428,-8.5190,15h00m58.3s,-08°31′08.3″,Zuben Elakribi,中國(具名)、阿拉伯・蘇菲
HIP 73497,恆星,5.52,225.3327,-2.7550,15h01m19.9s,-02°45′18.1″,,羅馬尼亞
HIP 73536,恆星,5.71,225.4539,-0.1404,15h01m48.9s,-00°08′25.3″,,中國(具名)
HIP 73555,恆星,3.52,225.4863,+40.3904,15h01m56.7s,+40°23′25.6″,Nekkar,中國(具名)、呂埃勒、埃及、白俄羅斯、羅馬尼亞、西方/現代(星群)、西方/現代88星座、阿拉伯・蘇菲、韓國
HIP 73566,恆星,5.82,225.5272,-28.0608,15h02m06.5s,-28°03′38.7″,,中國、中國(具名)
HIP 73568,恆星,4.81,225.5271,+25.0079,15h02m06.5s,+25°00′28.5″,,中國(具名)、阿拉伯・古代、阿拉伯・蘇菲、阿拉伯・蘇菲(星群)
HIP 73620,恆星,4.40,225.7249,+2.0914,15h02m54.0s,+02°05′28.9″,,中國(具名)
HIP 73695,恆星,5.66,225.9447,+47.6544,15h03m46.7s,+47°39′15.9″,,中國(具名)
HIP 73714,恆星,3.21,226.0172,-25.2822,15h04m04.1s,-25°16′55.8″,Brachium,中國、中國(具名)、呂埃勒、羅馬尼亞、西方/現代88星座、阿拉伯・古代、韓國
HIP 73745,恆星,4.55,226.1106,+26.9476,15h04m26.5s,+26°56′51.5″,Aulad Alnathlat,中國(具名)、阿拉伯・蘇菲
HIP 73807,恆星,3.89,226.2800,-47.0511,15h05m07.2s,-47°03′04.1″,,中國、中國(具名)、阿拉伯・蘇菲、韓國
HIP 73808,恆星,7.57,226.2804,+73.8920,15h05m07.3s,+73°53′31.2″,,中國(具名)
HIP 73909,恆星,5.25,226.5700,+54.5564,15h06m16.8s,+54°33′22.9″,,西方/現代(星群)
HIP 73945,恆星,5.20,226.6565,-16.2569,15h06m37.6s,-16°15′24.9″,Zuben Hakrabi,中國(具名)、阿拉伯・蘇菲
HIP 73953,恆星,6.40,226.7041,-16.4844,15h06m49.0s,-16°29′04.0″,,中國(具名)
HIP 73996,恆星,4.93,226.8262,+24.8685,15h07m18.3s,+24°52′06.5″,,中國(具名)、阿拉伯・古代、阿拉伯・蘇菲、阿拉伯・蘇菲(星群)
HIP 74083,恆星,6.33,227.0814,+50.0549,15h08m19.5s,+50°03′17.5″,,西方/現代(星群)
HIP 74087,恆星,5.67,227.0991,+26.3011,15h08m23.8s,+26°18′03.9″,,中國(具名)、阿拉伯・蘇菲
HIP 74117,恆星,4.05,227.2108,-45.2799,15h08m50.6s,-45°16′47.8″,,中國、中國(具名)、阿拉伯・蘇菲
HIP 74376,恆星,3.70,227.9830,-48.7380,15h11m55.9s,-48°44′17.0″,,中國、中國(具名)、阿拉伯・蘇菲、韓國
HIP 74392,恆星,4.54,228.0552,-19.7919,15h12m13.2s,-19°47′30.9″,,中國、中國(具名)、印度(星群)、印度吠陀、呂埃勒、日本月站、阿拉伯・蘇菲、韓國
HIP 74395,恆星,3.41,228.0704,-52.0996,15h12m16.9s,-52°05′58.5″,,中國、中國(具名)、圖皮-瓜拉尼、西方/現代88星座、阿拉伯・蘇菲、阿拉伯・蘇菲(星群)、韓國
HIP 74493,恆星,6.07,228.3297,-19.6477,15h13m19.1s,-19°38′51.8″,,中國(具名)
HIP 74596,恆星,5.27,228.6211,+29.1644,15h14m29.1s,+29°09′51.9″,,中國(具名)
HIP 74600,恆星,6.17,228.6406,-17.7686,15h14m33.7s,-17°46′07.1″,,中國(具名)
HIP 74604,恆星,4.92,228.6555,-31.5191,15h14m37.3s,-31°31′08.8″,,中國、中國(具名)、阿拉伯・蘇菲、阿拉伯・蘇菲(星群)
HIP 74605,恆星,5.13,228.6623,+67.3450,15h14m39.0s,+67°20′41.9″,,中國、中國(具名)、韓國
HIP 74649,恆星,5.34,228.7972,+4.9394,15h15m11.3s,+04°56′21.8″,,中國(具名)
HIP 74666,恆星,3.49,228.8761,+33.3143,15h15m30.3s,+33°18′51.6″,Thiba,中國、中國(具名)、呂埃勒、白俄羅斯、羅馬尼亞、西方/現代(星群)、西方/現代88星座、阿拉伯・蘇菲、韓國
HIP 74689,恆星,5.62,228.9540,+0.3722,15h15m49.0s,+00°22′19.9″,,中國(具名)
HIP 74785,恆星,2.62,229.2513,-9.3830,15h17m00.3s,-09°22′58.8″,Zubeneschamali,中國、中國(具名)、印度(星群)、印度吠陀、呂埃勒、日本月站、羅馬尼亞、西方/現代88星座、阿拉伯・古代、阿拉伯・月站、阿拉伯・蘇菲、阿拉伯・蘇菲(星群)、阿拉伯・阿拉伯半島、韓國
HIP 74793,恆星,5.01,229.2746,+71.8239,15h17m05.9s,+71°49′26.2″,Pherkad Minor,中國(具名)
HIP 74824,恆星,4.06,229.3777,-58.8018,15h17m30.6s,-58°48′06.5″,,圖皮-瓜拉尼、西方/現代88星座、韓國
HIP 74857,恆星,4.33,229.4576,-30.1487,15h17m49.8s,-30°08′55.4″,,中國、中國(具名)、羅馬尼亞、阿拉伯・蘇菲、韓國
HIP 74911,恆星,4.99,229.6331,-47.8754,15h18m31.9s,-47°52′31.3″,,中國、中國(具名)、阿拉伯・蘇菲、阿拉伯・蘇菲(星群)、韓國
HIP 74946,恆星,2.89,229.7266,-68.6797,15h18m54.4s,-68°40′46.9″,,中國、中國(具名)、呂埃勒、西方/現代(星群)、西方/現代88星座
HIP 74975,恆星,5.04,229.8300,+1.7631,15h19m19.2s,+01°45′47.3″,,中國(具名)
HIP 75043,恆星,5.64,230.0215,+51.9586,15h20m05.2s,+51°57′30.8″,,西方/現代(星群)
HIP 75049,恆星,5.51,230.0351,+29.6160,15h20m08.4s,+29°36′57.7″,,中國(具名)、阿拉伯・蘇菲
HIP 75097,恆星,3.00,230.1819,+71.8341,15h20m43.6s,+71°50′02.8″,Pherkad,中國、中國(具名)、北歐、呂埃勒、埃及、布吉斯、白俄羅斯、羅馬尼亞、西方/現代(星群)、西方/現代88星座、阿拉伯・古代、阿拉伯・古代(具名)、阿拉伯・月站、阿拉伯・月站(具名)、阿拉伯・蘇菲、阿拉伯・蘇菲(具名)、阿拉伯・蘇菲(星群)、阿拉伯・阿拉伯半島、阿拉伯・阿拉伯半島(具名)、韓國、韓國(具名)
HIP 75110,恆星,6.17,230.2236,-18.1589,15h20m53.7s,-18°09′32.2″,,中國(具名)
HIP 75118,恆星,6.14,230.2559,-15.5482,15h21m01.4s,-15°32′53.6″,,中國(具名)
HIP 75119,恆星,5.39,230.2581,+0.7149,15h21m02.0s,+00°42′53.5″,,中國(具名)
HIP 75141,恆星,3.19,230.3429,-40.6476,15h21m22.3s,-40°38′51.4″,,中國、中國(具名)、西方/現代88星座、阿拉伯・蘇菲、韓國
HIP 75177,恆星,3.55,230.4510,-36.2618,15h21m48.2s,-36°15′42.3″,,中國、中國(具名)、納瓦荷、西方/現代88星座、阿拉伯・古代、韓國
HIP 75256,恆星,5.99,230.6553,+62.0469,15h22m37.3s,+62°02′48.9″,,韓國
HIP 75260,恆星,5.71,230.6599,+63.3410,15h22m38.4s,+63°20′27.8″,,韓國
HIP 75264,恆星,3.37,230.6702,-44.6897,15h22m40.8s,-44°41′23.0″,,中國、中國(具名)、呂埃勒、阿拉伯・蘇菲、阿拉伯・蘇菲(星群)、韓國
HIP 75294,恆星,6.48,230.7574,-15.1340,15h23m01.8s,-15°08′02.2″,,中國(具名)
HIP 75304,恆星,4.54,230.7889,-36.8586,15h23m09.3s,-36°51′30.9″,,中國(具名)
HIP 75312,恆星,4.98,230.8021,+30.2871,15h23m12.5s,+30°17′13.6″,,中國(具名)、阿拉伯・古代、阿拉伯・蘇菲、阿拉伯・蘇菲(星群)
HIP 75323,恆星,5.22,230.8443,-59.3208,15h23m22.6s,-59°19′15.0″,,西方/現代88星座
HIP 75379,恆星,4.92,231.0492,-10.3230,15h24m11.8s,-10°19′22.6″,,中國(具名)、呂埃勒
HIP 75411,恆星,4.21,231.1218,+37.3776,15h24m29.2s,+37°22′39.2″,Alkalurops,中國、中國(具名)、呂埃勒、羅馬尼亞、西方/現代(星群)、阿拉伯・蘇菲、韓國
HIP 75458,恆星,3.29,231.2323,+58.9661,15h24m55.8s,+58°57′58.1″,Edasich,中國、中國(具名)、呂埃勒、埃及、白俄羅斯、羅馬尼亞、西方/現代88星座、阿拉伯・古代(具名)、阿拉伯・月站(具名)、阿拉伯・蘇菲、阿拉伯・蘇菲(具名)、韓國
HIP 75530,恆星,5.17,231.4474,+15.4280,15h25m47.4s,+15°25′40.8″,,中國(具名)、阿拉伯・古代
HIP 75587,恆星,6.43,231.6343,+54.0202,15h26m32.2s,+54°01′12.8″,,西方/現代(星群)
HIP 75695,恆星,3.68,231.9563,+29.1061,15h27m49.5s,+29°06′22.0″,Nusakan,中國、中國(具名)、北歐、呂埃勒、東加、白俄羅斯、羅馬尼亞、薩丁尼亞、西方/現代88星座、阿拉伯・古代、阿拉伯・月站、阿拉伯・蘇菲、阿拉伯・蘇菲(星群)、韓國、黑腳族
HIP 75696,恆星,5.90,231.9641,+60.6702,15h27m51.4s,+60°40′12.7″,,韓國
HIP 75730,恆星,5.63,232.0643,-16.7166,15h28m15.4s,-16°42′59.9″,,中國(具名)
HIP 75761,恆星,5.17,232.1589,+1.8419,15h28m38.1s,+01°50′30.9″,,中國(具名)
HIP 75788,恆星,6.43,232.2367,+55.1951,15h28m56.8s,+55°11′42.4″,,西方/現代(星群)
HIP 75944,恆星,5.81,232.6684,-16.6095,15h30m40.4s,-16°36′34.1″,,中國(具名)
HIP 75973,恆星,5.03,232.7324,+40.8330,15h30m55.8s,+40°49′58.8″,,中國、中國(具名)、阿拉伯・蘇菲
HIP 75974,恆星,5.74,232.7312,+64.2090,15h30m55.5s,+64°12′32.5″,,韓國
HIP 76008,恆星,4.98,232.8529,+77.3494,15h31m24.7s,+77°20′57.8″,,中國(具名)
HIP 76013,恆星,5.49,232.8784,-73.3897,15h31m30.8s,-73°23′22.8″,,中國(具名)
HIP 76041,恆星,4.98,232.9456,+40.8993,15h31m47.0s,+40°53′57.4″,,中國(具名)、埃及、羅馬尼亞
HIP 76126,恆星,5.50,233.2300,-16.8529,15h32m55.2s,-16°51′10.4″,,中國(具名)、呂埃勒
HIP 76127,恆星,4.13,233.2323,+31.3591,15h32m55.8s,+31°21′32.7″,,中國、中國(具名)、北歐、東加、白俄羅斯、羅馬尼亞、薩丁尼亞、西方/現代88星座、阿拉伯・古代、阿拉伯・月站、阿拉伯・蘇菲、阿拉伯・蘇菲(星群)、韓國、黑腳族
HIP 76133,恆星,5.50,233.2413,-1.1866,15h32m57.9s,-01°11′11.7″,,中國(具名)
HIP 76219,恆星,4.62,233.5460,-10.0656,15h34m11.0s,-10°03′56.1″,,中國(具名)
HIP 76259,恆星,5.14,233.6555,-28.0472,15h34m37.3s,-28°02′49.8″,,中國(具名)
HIP 76267,恆星,2.24,233.6725,+26.7143,15h34m41.4s,+26°42′51.5″,Alphecca,中國、中國(具名)、北歐、呂埃勒、埃及、東加、白俄羅斯、羅馬尼亞、薩丁尼亞、西方/現代(星群)、西方/現代88星座、阿拉伯・古代、阿拉伯・古代(具名)、阿拉伯・月站、阿拉伯・月站(具名)、阿拉伯・蘇菲、阿拉伯・蘇菲(具名)、阿拉伯・蘇菲(星群)、韓國、黑腳族
HIP 76276,恆星,4.14,233.7003,+10.5389,15h34m48.1s,+10°32′20.0″,Nasak Yamani I,中國、中國(具名)、呂埃勒、羅馬尼亞、西方/現代88星座、阿拉伯・古代、阿拉伯・蘇菲、阿拉伯・蘇菲(星群)、韓國
HIP 76297,恆星,2.77,233.7851,-41.1669,15h35m08.4s,-41°10′00.7″,,中國、中國(具名)、呂埃勒、圖皮-瓜拉尼、西方/現代88星座、阿拉伯・蘇菲、阿拉伯・蘇菲(星群)、韓國
HIP 76307,恆星,5.11,233.8123,+39.0101,15h35m15.0s,+39°00′36.4″,,中國(具名)
HIP 76311,恆星,5.96,233.8174,+53.9222,15h35m16.2s,+53°55′19.7″,,西方/現代(星群)
HIP 76333,恆星,3.91,233.8819,-14.7895,15h35m31.6s,-14°47′22.2″,Zubenelhakrabi,中國、中國(具名)、印度(星群)、印度吠陀、呂埃勒、日本月站、納瓦荷、羅馬尼亞、西方/現代88星座、阿拉伯・蘇菲、韓國
HIP 76337,恆星,6.11,233.8881,+17.6555,15h35m33.1s,+17°39′19.8″,,中國(具名)
HIP 76376,恆星,5.79,233.9874,+54.6305,15h35m57.0s,+54°37′49.8″,,西方/現代(星群)
HIP 76423,恆星,6.25,234.1174,+15.1015,15h36m28.2s,+15°06′05.3″,,中國(具名)
HIP 76424,恆星,5.93,234.1222,+16.1191,15h36m29.3s,+16°07′08.6″,,中國(具名)
HIP 76425,恆星,5.25,234.1234,+10.0096,15h36m29.6s,+10°00′34.5″,,中國(具名)
HIP 76427,恆星,6.50,234.1404,-0.5616,15h36m33.7s,-00°33′41.9″,,中國(具名)
HIP 76440,恆星,4.10,234.1804,-66.3173,15h36m43.3s,-66°19′02.2″,,中國(具名)
HIP 76470,恆星,3.59,234.2560,-28.1351,15h37m01.4s,-28°08′06.2″,,中國、中國(具名)、納瓦荷、羅馬尼亞、阿拉伯・古代、韓國
HIP 76534,恆星,5.25,234.4570,+40.3537,15h37m49.7s,+40°21′13.3″,Ceginus,中國(具名)
HIP 76552,恆星,4.33,234.5124,-42.5671,15h38m03.0s,-42°34′01.5″,,西方/現代88星座
HIP 76594,恆星,5.84,234.6425,+50.4231,15h38m34.2s,+50°25′23.2″,,西方/現代(星群)
HIP 76600,恆星,3.64,234.6640,-29.7779,15h38m39.3s,-29°46′40.4″,,中國、中國(具名)、羅馬尼亞、韓國
HIP 76617,恆星,6.13,234.7035,+34.6750,15h38m48.8s,+34°40′29.9″,,阿拉伯・古代、阿拉伯・蘇菲(星群)
HIP 76628,恆星,5.36,234.7277,-19.3022,15h38m54.7s,-19°18′08.1″,,中國(具名)、呂埃勒
HIP 76651,恆星,6.44,234.7896,+57.9244,15h39m09.5s,+57°55′28.0″,,西方/現代(星群)
HIP 76669,恆星,4.98,234.8444,+36.6358,15h39m22.7s,+36°38′08.8″,,中國(具名)、呂埃勒
HIP 76705,恆星,4.66,234.9416,-34.4120,15h39m46.0s,-34°24′43.1″,,中國(具名)
HIP 76742,恆星,4.96,235.0703,-23.8182,15h40m16.9s,-23°49′05.4″,,中國(具名)、阿拉伯・蘇菲、阿拉伯・蘇菲(星群)
HIP 76750,恆星,5.65,235.0887,-73.4468,15h40m21.3s,-73°26′48.4″,,中國(具名)
HIP 76810,恆星,5.99,235.2464,+16.0245,15h40m59.1s,+16°01′28.3″,,中國(具名)
HIP 76829,恆星,4.63,235.2963,-44.6624,15h41m11.1s,-44°39′44.6″,,韓國
HIP 76852,恆星,4.50,235.3874,+19.6702,15h41m33.0s,+19°40′12.7″,,中國(具名)、呂埃勒、埃及、羅馬尼亞、阿拉伯・蘇菲
HIP 76866,恆星,5.33,235.4477,+12.8475,15h41m47.5s,+12°50′51.0″,,中國(具名)
HIP 76878,恆星,5.79,235.4777,+18.4643,15h41m54.6s,+18°27′51.4″,,中國(具名)
HIP 76880,恆星,4.72,235.4865,-19.6793,15h41m56.8s,-19°40′45.4″,,中國、中國(具名)、呂埃勒、阿拉伯・蘇菲、阿拉伯・蘇菲(星群)
HIP 76945,恆星,4.72,235.6708,-34.7106,15h42m41.0s,-34°42′38.0″,,中國、中國(具名)
HIP 76952,恆星,4.04,235.6852,+26.2958,15h42m44.5s,+26°17′44.9″,,中國、中國(具名)、北歐、呂埃勒、埃及、東加、白俄羅斯、羅馬尼亞、薩丁尼亞、西方/現代88星座、阿拉伯・古代、阿拉伯・月站、阿拉伯・蘇菲、阿拉伯・蘇菲(星群)、韓國、黑腳族
HIP 76957,恆星,5.48,235.7110,+52.3610,15h42m50.6s,+52°21′39.7″,,西方/現代(星群)
HIP 77048,恆星,5.58,235.9969,+32.5158,15h43m59.3s,+32°30′56.8″,,中國、中國(具名)、阿拉伯・古代、阿拉伯・月站、阿拉伯・蘇菲、阿拉伯・蘇菲(星群)
HIP 77052,恆星,5.86,236.0074,+2.5146,15h44m01.8s,+02°30′52.4″,,中國(具名)
HIP 77055,恆星,4.27,236.0151,+77.7945,15h44m03.6s,+77°47′40.1″,Akfa Farkadain,中國、中國(具名)、北歐、呂埃勒、白俄羅斯、羅馬尼亞、西方/現代(星群)、西方/現代88星座、阿拉伯・古代、阿拉伯・月站、阿拉伯・蘇菲、阿拉伯・蘇菲(星群)、韓國
HIP 77060,恆星,5.41,236.0182,-15.6731,15h44m04.4s,-15°40′23.2″,,中國、中國(具名)、呂埃勒
HIP 77070,恆星,2.63,236.0676,+6.4258,15h44m16.2s,+06°25′33.0″,Unukalhai,中國、中國(具名)、呂埃勒、羅馬尼亞、西方/現代88星座、阿拉伯・古代、阿拉伯・蘇菲、阿拉伯・蘇菲(具名)、阿拉伯・蘇菲(星群)、韓國
HIP 77111,恆星,6.14,236.1754,+17.2642,15h44m42.1s,+17°15′51.3″,,中國(具名)
HIP 77163,恆星,5.58,236.3479,+5.4473,15h45m23.5s,+05°26′50.2″,,中國(具名)
HIP 77227,恆星,5.39,236.5234,-1.8043,15h46m05.6s,-01°48′15.6″,,中國(具名)
HIP 77233,恆星,3.67,236.5472,+15.4216,15h46m11.3s,+15°25′17.8″,Nasak Shamiya I,中國、中國(具名)、呂埃勒、羅馬尼亞、西方/現代(星群)、西方/現代88星座、阿拉伯・古代、阿拉伯・蘇菲、阿拉伯・蘇菲(星群)、韓國
HIP 77249,恆星,6.69,236.5999,+15.5267,15h46m24.0s,+15°31′36.2″,,中國(具名)
HIP 77257,恆星,4.42,236.6099,+7.3528,15h46m26.4s,+07°21′09.9″,,中國(具名)、呂埃勒、阿拉伯・蘇菲
HIP 77272,恆星,5.92,236.6439,+55.4751,15h46m34.5s,+55°28′30.5″,,西方/現代(星群)
HIP 77277,恆星,5.19,236.6671,+62.5993,15h46m40.1s,+62°35′57.5″,,中國、中國(具名)、韓國
HIP 77336,恆星,5.71,236.8219,+14.1156,15h47m17.3s,+14°06′56.0″,,中國(具名)
HIP 77412,恆星,5.97,237.0554,+13.7886,15h48m13.3s,+13°47′19.0″,,中國(具名)
HIP 77450,恆星,4.09,237.1847,+18.1412,15h48m44.3s,+18°08′28.2″,Gudja,中國(具名)、呂埃勒、埃及、羅馬尼亞、西方/現代(星群)、西方/現代88星座、阿拉伯・蘇菲
HIP 77464,恆星,5.52,237.2365,-3.8185,15h48m56.8s,-03°49′06.5″,,中國(具名)
HIP 77512,恆星,4.63,237.3981,+26.0681,15h49m35.6s,+26°04′05.2″,,中國、中國(具名)、北歐、呂埃勒、東加、白俄羅斯、羅馬尼亞、薩丁尼亞、西方/現代88星座、阿拉伯・古代、阿拉伯・月站、阿拉伯・蘇菲、阿拉伯・蘇菲(星群)、韓國、黑腳族
HIP 77516,恆星,3.53,237.4047,-3.4303,15h49m37.1s,-03°25′49.2″,,中國、中國(具名)、呂埃勒、西方/現代88星座、阿拉伯・蘇菲、韓國
HIP 77578,恆星,5.22,237.5732,+2.1963,15h50m17.6s,+02°11′46.7″,,中國(具名)
HIP 77622,恆星,3.69,237.7046,+4.4780,15h50m49.1s,+04°28′40.8″,Nasak Yamani II,中國、中國(具名)、呂埃勒、羅馬尼亞、西方/現代88星座、阿拉伯・古代、阿拉伯・蘇菲、阿拉伯・蘇菲(星群)、韓國
HIP 77634,恆星,3.95,237.7397,-33.6273,15h50m57.5s,-33°37′38.4″,,中國、中國(具名)、圖皮-瓜拉尼、納瓦荷、西方/現代88星座、阿拉伯・蘇菲、阿拉伯・蘇菲(星群)、韓國
HIP 77635,恆星,4.63,237.7447,-25.7514,15h50m58.7s,-25°45′05.1″,,中國(具名)
HIP 77655,恆星,4.82,237.8080,+35.6558,15h51m13.9s,+35°39′21.0″,,中國(具名)
HIP 77660,恆星,5.10,237.8146,-3.0906,15h51m15.5s,-03°05′26.2″,,中國(具名)
HIP 77661,恆星,4.78,237.8160,+20.9780,15h51m15.8s,+20°58′40.8″,,中國(具名)、呂埃勒、羅馬尼亞、阿拉伯・蘇菲
HIP 77738,恆星,5.80,238.0688,+55.8270,15h52m16.5s,+55°49′37.0″,,西方/現代(星群)
HIP 77760,恆星,4.62,238.1716,+42.4543,15h52m41.2s,+42°27′15.5″,,中國、中國(具名)、西方/現代88星座、阿拉伯・蘇菲、韓國
HIP 77801,恆星,6.12,238.2997,+13.1941,15h53m11.9s,+13°11′38.9″,,中國(具名)
HIP 77811,恆星,5.03,238.3335,-20.1672,15h53m20.0s,-20°10′01.8″,,中國(具名)、阿拉伯・蘇菲
HIP 77840,恆星,4.71,238.4029,-25.3272,15h53m36.7s,-25°19′38.1″,,中國(具名)、韓國
HIP 77853,恆星,4.16,238.4569,-16.7287,15h53m49.6s,-16°43′43.3″,,中國、中國(具名)、呂埃勒、納瓦荷、西方/現代88星座、阿拉伯・蘇菲、阿拉伯・蘇菲(星群)、韓國
HIP 77907,恆星,5.38,238.6575,+43.1389,15h54m37.8s,+43°08′19.9″,,中國(具名)
HIP 77952,恆星,2.85,238.7838,-63.4325,15h55m08.1s,-63°25′57.0″,,中國、中國(具名)、呂埃勒、圖皮-瓜拉尼、西方/現代(星群)、西方/現代88星座
HIP 77984,恆星,5.62,238.8751,-26.2661,15h55m30.0s,-26°15′58.0″,,中國(具名)
HIP 77986,恆星,5.75,238.8773,+42.5663,15h55m30.6s,+42°33′58.6″,,中國(具名)
HIP 78012,恆星,5.42,238.9484,+37.9473,15h55m47.6s,+37°56′50.3″,,中國(具名)
HIP 78072,恆星,3.84,239.1147,+15.6559,15h56m27.5s,+15°39′21.3″,Nasak Shamiya II,中國、中國(具名)、呂埃勒、羅馬尼亞、西方/現代(星群)、西方/現代88星座、阿拉伯・古代、阿拉伯・蘇菲、阿拉伯・蘇菲(星群)、韓國
HIP 78104,恆星,3.86,239.2211,-29.2142,15h56m53.1s,-29°12′51.0″,Iklil,中國、中國(具名)、呂埃勒、圖皮-瓜拉尼、布吉斯、日本月站、曼達爾、納瓦荷、羅馬尼亞、阿努塔、韓國、韓國(具名)
HIP 78105,恆星,5.08,239.2229,-33.9663,15h56m53.5s,-33°57′58.6″,,阿拉伯・蘇菲、阿拉伯・蘇菲(星群)、韓國
HIP 78159,恆星,4.13,239.3965,+26.8776,15h57m35.2s,+26°52′39.4″,,中國、中國(具名)、北歐、呂埃勒、埃及、東加、白俄羅斯、羅馬尼亞、薩丁尼亞、西方/現代88星座、阿拉伯・古代、阿拉伯・月站、阿拉伯・蘇菲、阿拉伯・蘇菲(星群)、韓國、黑腳族
HIP 78207,恆星,4.87,239.5473,-14.2794,15h58m11.4s,-14°16′45.9″,,中國、中國(具名)、呂埃勒、韓國
HIP 78265,恆星,2.91,239.7129,-26.1142,15h58m51.1s,-26°06′51.2″,Fang,中國、中國(具名)、印度(星群)、印度吠陀、呂埃勒、圖卡諾、圖皮-瓜拉尼、埃及、夏威夷星線、夏威夷星線(具名)、布吉斯、日本月站、曼達爾、納瓦荷、羅馬尼亞、西方/現代88星座、阿努塔、阿拉伯・古代、阿拉伯・月站、阿拉伯・蘇菲、阿拉伯・蘇菲(星群)、阿拉伯・阿拉伯半島、韓國、韓國(具名)
HIP 78286,恆星,6.03,239.7685,+49.8808,15h59m04.4s,+49°52′50.9″,,西方/現代(星群)
HIP 78384,恆星,3.41,240.0304,-38.3968,16h00m07.3s,-38°23′48.6″,,中國、中國(具名)、納瓦荷、西方/現代88星座、阿拉伯・古代、阿拉伯・蘇菲、阿拉伯・蘇菲(星群)、韓國
HIP 78400,恆星,5.47,240.0787,-16.5351,16h00m18.9s,-16°32′06.3″,,中國、中國(具名)
HIP 78401,恆星,2.32,240.0833,-22.6219,16h00m20.0s,-22°37′18.7″,Dschubba,中國、中國(具名)、印度(星群)、印度吠陀、呂埃勒、圖卡諾、圖皮-瓜拉尼、埃及、夏威夷星線、夏威夷星線(具名)、布吉斯、日本月站、曼達爾、納瓦荷、羅馬尼亞、西方/現代88星座、阿努塔、阿拉伯・古代、阿拉伯・月站、阿拉伯・蘇菲、阿拉伯・蘇菲(星群)、阿拉伯・阿拉伯半島、韓國、韓國(具名)
HIP 78436,恆星,5.53,240.1984,-8.4114,16h00m47.6s,-08°24′41.1″,,中國(具名)
HIP 78442,恆星,5.80,240.2129,+4.4277,16h00m51.1s,+04°25′39.7″,,中國(具名)
HIP 78459,恆星,5.38,240.2600,+33.3001,16h01m02.4s,+33°18′00.3″,,中國、中國(具名)
HIP 78481,恆星,5.11,240.3094,+17.8191,16h01m14.3s,+17°49′08.7″,,中國(具名)、西方/現代(星群)
HIP 78493,恆星,4.97,240.3605,+29.8510,16h01m26.5s,+29°51′03.7″,,中國、中國(具名)、北歐、東加、白俄羅斯、羅馬尼亞、薩丁尼亞、西方/現代88星座、阿拉伯・古代、阿拉伯・月站、阿拉伯・蘇菲、阿拉伯・蘇菲(星群)、韓國
HIP 78527,恆星,4.00,240.4695,+58.5667,16h01m52.7s,+58°34′00.2″,,中國、中國(具名)、呂埃勒、埃及、白俄羅斯、羅馬尼亞、西方/現代88星座、阿拉伯・蘇菲、韓國
HIP 78542,恆星,5.90,240.5232,+52.9158,16h02m05.6s,+52°54′56.8″,,西方/現代(星群)
HIP 78554,恆星,4.82,240.5737,+22.8046,16h02m17.7s,+22°48′16.4″,,中國(具名)、埃及、羅馬尼亞、阿拉伯・蘇菲
HIP 78592,恆星,4.71,240.6999,+46.0364,16h02m48.0s,+46°02′11.1″,,中國(具名)、阿拉伯・蘇菲
HIP 78639,恆星,4.64,240.8040,-49.2297,16h03m13.0s,-49°13′46.7″,,西方/現代88星座、韓國
HIP 78661,恆星,5.73,240.8803,+76.7940,16h03m31.3s,+76°47′38.5″,,韓國
HIP 78685,恆星,6.07,240.9402,+4.9869,16h03m45.7s,+04°59′12.9″,,中國(具名)
HIP 78727,恆星,4.87,241.0920,-11.3730,16h04m22.1s,-11°22′23.0″,Grafias,中國、中國(具名)、納瓦荷、韓國
HIP 78820,恆星,2.62,241.3593,-19.8056,16h05m26.2s,-19°48′20.0″,Acrab,中國、中國(具名)、印度(星群)、印度吠陀、呂埃勒、圖卡諾、圖皮-瓜拉尼、埃及、夏威夷星線、夏威夷星線(具名)、布吉斯、日本月站、曼達爾、羅馬尼亞、西方/現代88星座、阿努塔、阿拉伯・古代、阿拉伯・月站、阿拉伯・蘇菲、阿拉伯・蘇菲(星群)、阿拉伯・阿拉伯半島、韓國、韓國(具名)
HIP 78893,恆星,5.44,241.5816,+67.8104,16h06m19.6s,+67°48′37.5″,,韓國
HIP 78914,恆星,4.71,241.6226,-45.1731,16h06m29.4s,-45°10′23.1″,,韓國
HIP 78918,恆星,4.20,241.6480,-36.8024,16h06m35.5s,-36°48′08.7″,,中國、中國(具名)、阿拉伯・蘇菲、阿拉伯・蘇菲(星群)
HIP 78933,恆星,3.97,241.7017,-20.6693,16h06m48.4s,-20°40′09.5″,Jabhat Acrabi I,中國、中國(具名)、圖皮-瓜拉尼、韓國
HIP 78970,恆星,5.70,241.8178,-36.7559,16h07m16.3s,-36°45′21.2″,,中國(具名)、西方/現代88星座
HIP 78990,恆星,4.33,241.8516,-20.8690,16h07m24.4s,-20°52′08.3″,Jabhat Acrabi II,中國、中國(具名)、韓國
HIP 79005,恆星,5.77,241.9015,-12.7455,16h07m36.4s,-12°44′43.9″,,中國、中國(具名)
HIP 79007,恆星,5.63,241.9063,+9.8917,16h07m37.5s,+09°53′30.1″,,中國(具名)
HIP 79043,恆星,4.99,242.0187,+17.0469,16h08m04.5s,+17°02′49.0″,Marsic,中國、中國(具名)、阿拉伯・古代、阿拉伯・蘇菲、阿拉伯・蘇菲(星群)、韓國
HIP 79045,恆星,6.23,242.0205,+17.0542,16h08m04.9s,+17°03′15.3″,,中國(具名)
HIP 79047,恆星,6.73,242.0237,+10.0803,16h08m05.7s,+10°04′49.1″,,中國(具名)
HIP 79072,恆星,5.73,242.1169,+8.5343,16h08m28.1s,+08°32′03.4″,,中國(具名)
HIP 79101,恆星,4.27,242.1922,+44.9351,16h08m46.1s,+44°56′06.3″,,中國、中國(具名)、阿拉伯・蘇菲、韓國、黑腳族
HIP 79102,恆星,6.13,242.1942,+17.2055,16h08m46.6s,+17°12′19.8″,,中國(具名)
HIP 79119,恆星,4.73,242.2426,+36.4923,16h08m58.2s,+36°29′32.5″,,中國(具名)
HIP 79248,恆星,6.61,242.6021,+43.8163,16h10m24.5s,+43°48′58.8″,,中國(具名)
HIP 79280,恆星,5.47,242.7063,+75.8776,16h10m49.5s,+75°52′39.4″,,中國(具名)
HIP 79332,恆星,6.08,242.8698,+16.6657,16h11m28.7s,+16°39′56.6″,,中國(具名)
HIP 79349,恆星,5.70,242.9084,+23.4947,16h11m38.0s,+23°29′41.1″,,中國(具名)
HIP 79374,恆星,4.35,242.9989,-19.4608,16h11m59.7s,-19°27′38.9″,Jabbah,中國、中國(具名)、圖皮-瓜拉尼、韓國
HIP 79375,恆星,4.93,243.0000,-10.0643,16h11m60.0s,-10°03′51.4″,,中國(具名)、呂埃勒、納瓦荷、韓國
HIP 79387,恆星,5.42,243.0307,-8.5476,16h12m07.4s,-08°32′51.3″,,中國(具名)
HIP 79399,恆星,5.80,243.0667,-28.4175,16h12m16.0s,-28°25′03.0″,,中國(具名)
HIP 79404,恆星,4.57,243.0758,-27.9265,16h12m18.2s,-27°55′35.3″,,中國(具名)
HIP 79414,恆星,6.21,243.1055,+67.1440,16h12m25.3s,+67°08′38.4″,,中國、中國(具名)、韓國
HIP 79420,恆星,6.34,243.1330,+75.2108,16h12m31.9s,+75°12′39.0″,,中國(具名)
HIP 79488,恆星,5.45,243.3144,+5.0211,16h13m15.5s,+05°01′15.9″,,中國(具名)、韓國
HIP 79492,恆星,7.34,243.3277,+13.5250,16h13m18.6s,+13°31′30.1″,,中國、中國(具名)
HIP 79509,恆星,4.94,243.3697,-54.6306,16h13m28.7s,-54°37′50.0″,,西方/現代88星座
HIP 79524,恆星,6.69,243.4175,-21.3999,16h13m40.2s,-21°23′59.7″,,韓國
HIP 79540,恆星,5.24,243.4621,-11.8378,16h13m50.9s,-11°50′16.1″,,中國(具名)
HIP 79593,恆星,2.75,243.5862,-3.6950,16h14m20.7s,-03°41′41.9″,Yed Prior,中國、中國(具名)、呂埃勒、納瓦荷、羅馬尼亞、阿拉伯・古代、阿拉伯・蘇菲、阿拉伯・蘇菲(星群)、韓國
HIP 79599,恆星,6.41,243.6203,-21.1078,16h14m28.9s,-21°06′28.0″,,韓國
HIP 79607,恆星,5.58,243.6688,+33.8582,16h14m40.5s,+33°51′29.6″,,中國(具名)
HIP 79608,恆星,6.58,243.6759,+7.8582,16h14m42.2s,+07°51′29.6″,,中國(具名)
HIP 79634,恆星,7.54,243.7554,+11.4897,16h15m01.3s,+11°29′22.9″,,中國、中國(具名)
HIP 79664,恆星,3.84,243.8595,-63.6857,16h15m26.3s,-63°41′08.7″,,中國(具名)、圖皮-瓜拉尼
HIP 79666,恆星,5.69,243.8690,+18.8077,16h15m28.6s,+18°48′27.8″,,中國(具名)
HIP 79672,恆星,5.50,243.9063,-8.3716,16h15m37.5s,-08°22′17.9″,,中國、中國(具名)
HIP 79704,恆星,7.26,243.9992,+11.4255,16h15m59.8s,+11°25′31.6″,,中國(具名)
HIP 79724,恆星,6.58,244.0696,+23.1227,16h16m16.7s,+23°07′21.6″,,中國(具名)
HIP 79757,恆星,5.78,244.1867,+29.1502,16h16m44.8s,+29°09′00.7″,,中國(具名)
HIP 79767,恆星,8.11,244.2010,+13.3505,16h16m48.2s,+13°21′01.9″,,西方/現代(星群)
HIP 79788,恆星,6.42,244.2466,-20.1041,16h16m59.2s,-20°06′14.8″,,韓國
HIP 79822,恆星,4.92,244.3747,+75.7564,16h17m29.9s,+75°45′23.2″,,中國(具名)、北歐、呂埃勒、白俄羅斯、羅馬尼亞、西方/現代(星群)、西方/現代88星座、阿拉伯・蘇菲、阿拉伯・蘇菲(星群)、韓國
HIP 79858,恆星,8.40,244.5201,+13.0523,16h18m04.8s,+13°03′08.3″,,西方/現代(星群)
HIP 79867,恆星,6.36,244.5404,+68.5547,16h18m09.7s,+68°33′17.1″,,韓國
HIP 79881,恆星,4.78,244.5744,-28.6145,16h18m17.9s,-28°36′52.1″,,阿努塔
HIP 79882,恆星,3.23,244.5808,-4.6923,16h18m19.4s,-04°41′32.4″,Yed Posterior,中國、中國(具名)、呂埃勒、納瓦荷、羅馬尼亞、西方/現代88星座、阿拉伯・古代、阿拉伯・蘇菲、阿拉伯・蘇菲(星群)、韓國
HIP 79889,恆星,6.69,244.5986,+25.8967,16h18m23.7s,+25°53′48.0″,,中國(具名)
HIP 79947,恆星,8.57,244.7861,+12.7302,16h19m08.7s,+12°43′48.7″,,西方/現代(星群)
HIP 79952,恆星,8.58,244.7953,+12.5564,16h19m10.9s,+12°33′23.2″,,西方/現代(星群)
HIP 79992,恆星,3.87,244.9351,+46.3135,16h19m44.4s,+46°18′48.7″,,中國、中國(具名)、呂埃勒、羅馬尼亞、西方/現代88星座、阿拉伯・古代、阿拉伯・蘇菲、阿拉伯・蘇菲(星群)、韓國、黑腳族
HIP 80000,恆星,4.02,244.9590,-50.1557,16h19m50.2s,-50°09′20.7″,,西方/現代88星座、阿拉伯・古代
HIP 80047,恆星,4.68,245.0865,-78.6959,16h20m20.7s,-78°41′45.3″,,中國、中國(具名)
HIP 80079,恆星,4.57,245.1590,-24.1694,16h20m38.2s,-24°10′09.9″,,中國(具名)
HIP 80112,恆星,2.89,245.2971,-25.5929,16h21m11.3s,-25°35′34.4″,Alniyat,中國、中國(具名)、印度(星群)、印度吠陀、圖卡諾、圖皮-瓜拉尼、埃及、夏威夷星線、夏威夷星線(具名)、布吉斯、日本月站、曼達爾、毛利(具名)、西方/現代(星群)、阿努塔、阿拉伯・古代、阿拉伯・古代(具名)、阿拉伯・月站、阿拉伯・月站(具名)、阿拉伯・蘇菲、阿拉伯・蘇菲(星群)、阿拉伯・阿拉伯半島、韓國、韓國(具名)
HIP 80161,恆星,5.26,245.4527,+69.1093,16h21m48.7s,+69°06′33.6″,,中國、中國(具名)、韓國
HIP 80170,恆星,3.76,245.4798,+19.1533,16h21m55.2s,+19°09′12.0″,Nasak Shamiya III,中國、中國(具名)、呂埃勒、羅馬尼亞、西方/現代88星座、阿拉伯・古代、阿拉伯・蘇菲、阿拉伯・蘇菲(星群)、韓國、黑腳族
HIP 80179,恆星,4.81,245.5174,+1.0293,16h22m04.2s,+01°01′45.4″,,中國、中國(具名)、韓國
HIP 80181,恆星,4.85,245.5238,+30.8925,16h22m05.7s,+30°53′32.9″,,中國、中國(具名)、阿拉伯・古代、阿拉伯・蘇菲(星群)
HIP 80214,恆星,5.39,245.6217,+33.7037,16h22m29.2s,+33°42′13.3″,,中國(具名)
HIP 80247,恆星,6.40,245.7355,+32.3330,16h22m56.5s,+32°19′58.7″,,中國(具名)
HIP 80331,恆星,2.74,245.9977,+61.5145,16h23m59.4s,+61°30′52.1″,Athebyne,中國、中國(具名)、呂埃勒、埃及、白俄羅斯、羅馬尼亞、西方/現代88星座、阿拉伯・古代、阿拉伯・古代(具名)、阿拉伯・月站、阿拉伯・月站(具名)、阿拉伯・蘇菲、阿拉伯・蘇菲(星群)、韓國
HIP 80343,恆星,4.50,246.0256,-20.0375,16h24m06.1s,-20°02′15.1″,,中國、中國(具名)、阿拉伯・蘇菲、韓國
HIP 80351,恆星,5.82,246.0451,+6.9483,16h24m10.8s,+06°56′53.8″,,中國(具名)、韓國
HIP 80460,恆星,5.54,246.3507,+37.3940,16h25m24.2s,+37°23′38.3″,,中國(具名)
HIP 80463,恆星,4.58,246.3542,+14.0330,16h25m25.0s,+14°01′58.8″,Cujam,中國、中國(具名)、韓國
HIP 80473,恆星,5.05,246.3963,-23.4473,16h25m35.1s,-23°26′50.2″,,中國(具名)、阿努塔、阿拉伯・蘇菲、韓國
HIP 80480,恆星,5.55,246.4273,+78.9643,16h25m42.6s,+78°57′51.6″,,韓國
HIP 80569,恆星,4.43,246.7560,-18.4563,16h27m01.4s,-18°27′22.9″,,中國、中國(具名)、阿拉伯・蘇菲
HIP 80582,恆星,4.52,246.7959,-47.5549,16h27m11.0s,-47°33′17.6″,,西方/現代88星座
HIP 80628,恆星,4.63,246.9503,-8.3717,16h27m48.1s,-08°22′18.2″,,中國、中國(具名)、阿拉伯・古代、阿拉伯・蘇菲、阿拉伯・蘇菲(星群)
HIP 80648,恆星,6.87,246.9903,+32.6994,16h27m57.7s,+32°41′57.9″,,中國(具名)
HIP 80650,恆星,4.95,246.9956,+68.7683,16h27m58.9s,+68°46′05.8″,,中國、中國(具名)、呂埃勒、韓國
HIP 80704,恆星,5.01,247.1608,+41.8817,16h28m38.6s,+41°52′53.9″,,中國(具名)
HIP 80763,恆星,0.91,247.3519,-26.4321,16h29m24.4s,-26°25′55.6″,Antares,中國、中國(具名)、印度(星群)、印度吠陀、印度吠陀(具名)、呂埃勒、圖卡諾、圖皮-瓜拉尼、埃及、夏威夷星線、夏威夷星線(具名)、布吉斯、布吉斯(具名)、日本月站、曼達爾、毛利(具名)、羅馬尼亞、西方/現代(星群)、西方/現代88星座、阿努塔、阿拉伯・古代、阿拉伯・古代(具名)、阿拉伯・月站、阿拉伯・月站(具名)、阿拉伯・蘇菲、阿拉伯・蘇菲(具名)、阿拉伯・阿拉伯半島、阿拉伯・阿拉伯半島(具名)、韓國、韓國(具名)
HIP 80809,恆星,6.43,247.5248,+48.9608,16h30m06.0s,+48°57′39.0″,,中國(具名)
HIP 80815,恆星,4.79,247.5520,-25.1153,16h30m12.5s,-25°06′55.2″,,中國(具名)、韓國
HIP 80816,恆星,2.77,247.5545,+21.4895,16h30m13.1s,+21°29′22.4″,Kornephoros,中國、中國(具名)、呂埃勒、埃及、羅馬尼亞、西方/現代(星群)、西方/現代88星座、阿拉伯・古代、阿拉伯・蘇菲、阿拉伯・蘇菲(星群)、韓國、黑腳族
HIP 80883,恆星,4.15,247.7283,+1.9836,16h30m54.8s,+01°59′01.0″,Marfik,中國、中國(具名)、羅馬尼亞、阿拉伯・蘇菲、韓國
HIP 80894,恆星,4.27,247.7846,-16.6129,16h31m08.3s,-16°36′46.4″,,中國、中國(具名)、納瓦荷、阿拉伯・蘇菲
HIP 80975,恆星,4.45,248.0343,-21.4662,16h32m08.2s,-21°27′58.4″,,中國、中國(具名)、納瓦荷、阿拉伯・蘇菲、韓國
HIP 81007,恆星,5.63,248.1488,+5.5212,16h32m35.7s,+05°31′16.4″,,中國(具名)
HIP 81008,恆星,4.85,248.1504,+11.4877,16h32m36.1s,+11°29′15.7″,,中國、中國(具名)、韓國
HIP 81065,恆星,3.85,248.3599,-78.8975,16h33m26.4s,-78°53′51.0″,,中國、中國(具名)、西方/現代88星座
HIP 81066,恆星,6.87,248.3712,+30.4991,16h33m29.1s,+30°29′56.6″,,中國(具名)
HIP 81126,恆星,4.20,248.5257,+42.4372,16h34m06.2s,+42°26′13.9″,,中國(具名)、呂埃勒、羅馬尼亞、西方/現代88星座、阿拉伯・古代、阿拉伯・蘇菲、阿拉伯・蘇菲(星群)、韓國、黑腳族
HIP 81266,恆星,2.81,248.9706,-28.2161,16h35m52.9s,-28°12′58.0″,Paikauhale,中國、中國(具名)、印度(星群)、印度吠陀、呂埃勒、圖卡諾、圖皮-瓜拉尼、夏威夷星線、夏威夷星線(具名)、布吉斯、日本月站、曼達爾、毛利(具名)、納瓦荷、羅馬尼亞、西方/現代(星群)、西方/現代88星座、阿努塔、阿拉伯・古代、阿拉伯・古代(具名)、阿拉伯・月站、阿拉伯・月站(具名)、阿拉伯・蘇菲、阿拉伯・蘇菲(星群)、阿拉伯・阿拉伯半島、韓國、韓國(具名)
HIP 81290,恆星,5.52,249.0475,+52.9002,16h36m11.4s,+52°54′00.6″,,中國(具名)
HIP 81292,恆星,5.39,249.0571,+52.9245,16h36m13.7s,+52°55′28.4″,,中國(具名)
HIP 81300,恆星,5.77,249.0914,-2.3260,16h36m21.9s,-02°19′33.5″,,中國(具名)
HIP 81354,恆星,7.28,249.2151,+7.1072,16h36m51.6s,+07°06′25.9″,,中國、中國(具名)
HIP 81377,恆星,2.56,249.2898,-10.5670,16h37m09.6s,-10°34′01.1″,Saik,中國、中國(具名)、呂埃勒、納瓦荷、羅馬尼亞、西方/現代88星座、阿拉伯・古代、阿拉伯・蘇菲、阿拉伯・蘇菲(星群)、韓國
HIP 81497,恆星,4.90,249.6865,+48.9285,16h38m44.8s,+48°55′42.5″,,中國、中國(具名)
HIP 81634,恆星,6.93,250.1465,+4.2072,16h40m35.2s,+04°12′25.8″,,中國(具名)
HIP 81641,恆星,5.76,250.1612,+4.2197,16h40m38.7s,+04°13′11.1″,,中國(具名)
HIP 81660,恆星,4.84,250.2297,+64.5890,16h40m55.1s,+64°35′20.3″,,中國、中國(具名)、阿拉伯・蘇菲
HIP 81693,恆星,2.80,250.3191,+31.6042,16h41m16.6s,+31°36′15.3″,,中國、中國(具名)、呂埃勒、埃及、羅馬尼亞、西方/現代(星群)、西方/現代88星座、阿拉伯・古代、阿拉伯・蘇菲、阿拉伯・蘇菲(星群)、黑腳族
HIP 81717,恆星,6.98,250.3758,+4.8718,16h41m30.2s,+04°52′18.3″,,中國(具名)
HIP 81724,恆星,4.92,250.3932,-17.7422,16h41m34.4s,-17°44′31.8″,,中國(具名)
HIP 81729,恆星,5.92,250.4029,+26.9167,16h41m36.7s,+26°55′00.1″,,中國(具名)
HIP 81734,恆星,5.72,250.4266,+1.1815,16h41m42.4s,+01°10′53.3″,,中國(具名)
HIP 81833,恆星,3.50,250.7242,+38.9219,16h42m53.8s,+38°55′18.8″,,中國(具名)、呂埃勒、羅馬尼亞、西方/現代(星群)、西方/現代88星座、阿拉伯・古代、阿拉伯・蘇菲、阿拉伯・蘇菲(星群)、韓國、黑腳族
HIP 81852,恆星,4.24,250.7636,-77.5190,16h43m03.3s,-77°31′08.4″,,中國、中國(具名)、西方/現代88星座
HIP 81854,恆星,6.00,250.7774,+77.5149,16h43m06.6s,+77°30′53.6″,,韓國
HIP 81991,恆星,6.56,251.2490,+6.0870,16h44m59.8s,+06°05′13.2″,,中國(具名)
HIP 82000,恆星,7.30,251.2717,+28.3581,16h45m05.2s,+28°21′29.0″,,中國(具名)
HIP 82007,恆星,6.98,251.2860,-23.1842,16h45m08.6s,-23°11′03.0″,,中國(具名)
HIP 82037,恆星,6.02,251.3736,+1.0202,16h45m29.7s,+01°01′12.7″,,中國(具名)
HIP 82073,恆星,5.15,251.4579,+8.5827,16h45m49.9s,+08°34′57.6″,,中國、中國(具名)、韓國
HIP 82080,恆星,4.21,251.4933,+82.0373,16h45m58.4s,+82°02′14.2″,Circitores,中國、中國(具名)、北歐、呂埃勒、白俄羅斯、羅馬尼亞、西方/現代(星群)、西方/現代88星座、阿拉伯・古代、阿拉伯・月站、阿拉伯・蘇菲、阿拉伯・蘇菲(星群)、韓國
HIP 82140,恆星,6.72,251.7139,-25.5286,16h46m51.3s,-25°31′43.1″,,中國(具名)
HIP 82216,恆星,5.24,251.9433,+5.2466,16h47m46.4s,+05°14′47.7″,,中國(具名)、韓國
HIP 82245,恆星,7.12,252.0576,-24.5267,16h48m13.8s,-24°31′36.2″,,中國(具名)
HIP 82273,恆星,1.88,252.1665,-69.0279,16h48m39.9s,-69°01′40.3″,Atria,中國、中國(具名)、呂埃勒、西方/現代(星群)、西方/現代88星座
HIP 82321,恆星,4.83,252.3094,+45.9831,16h49m14.3s,+45°58′59.1″,,中國(具名)、埃及
HIP 82324,恆星,6.58,252.3133,+29.9651,16h49m15.2s,+29°57′54.2″,,中國(具名)
HIP 82363,恆星,3.74,252.4468,-59.0415,16h49m47.2s,-59°02′29.4″,,中國、中國(具名)、呂埃勒、圖皮-瓜拉尼、西方/現代88星座、阿拉伯・古代
HIP 82369,恆星,4.63,252.4589,-10.7834,16h49m50.1s,-10°47′00.4″,,中國、中國(具名)、韓國
HIP 82396,恆星,2.29,252.5376,-34.2944,16h50m09.0s,-34°17′39.7″,Larawag,中國、中國(具名)、印度(星群)、印度吠陀、呂埃勒、圖卡諾、圖皮-瓜拉尼、埃及、夏威夷星線、夏威夷星線(具名)、布吉斯、日本月站、曼達爾、毛利、納瓦荷、羅馬尼亞、西方/現代(星群)、西方/現代88星座、阿拉伯・古代、阿拉伯・古代(具名)、阿拉伯・月站、阿拉伯・蘇菲、阿拉伯・蘇菲(星群)、阿拉伯・阿拉伯半島、韓國、韓國(具名)
HIP 82402,恆星,5.47,252.5810,+7.2476,16h50m19.4s,+07°14′51.5″,,中國、中國(具名)、韓國
HIP 82405,恆星,6.31,252.5927,-2.6546,16h50m22.3s,-02°39′16.4″,,阿拉伯・蘇菲
HIP 82422,恆星,5.72,252.6623,+29.8065,16h50m39.0s,+29°48′23.5″,,中國(具名)
HIP 82480,恆星,5.51,252.8538,+1.2159,16h51m24.9s,+01°12′57.2″,,中國(具名)
HIP 82504,恆星,5.03,252.9386,+24.6565,16h51m45.3s,+24°39′23.2″,,中國(具名)
HIP 82514,恆星,2.98,252.9676,-38.0475,16h51m52.2s,-38°02′50.9″,Xamidimura,中國、中國(具名)、呂埃勒、圖卡諾、圖皮-瓜拉尼、夏威夷星線、夏威夷星線(具名)、布吉斯、日本月站、曼達爾、毛利、納瓦荷、羅馬尼亞、西方/現代(星群)、西方/現代88星座、阿拉伯・古代、阿拉伯・古代(具名)、阿拉伯・月站、阿拉伯・蘇菲、阿拉伯・蘇菲(星群)、阿拉伯・阿拉伯半島、韓國、韓國(具名)
HIP 82526,恆星,6.49,253.0203,+14.9742,16h52m04.9s,+14°58′27.3″,,中國(具名)
HIP 82545,恆星,3.54,253.0839,-38.0176,16h52m20.1s,-38°01′03.5″,Pipirima,中國、中國(具名)、印度(星群)、印度吠陀、韓國
HIP 82587,恆星,5.33,253.2414,+31.7016,16h52m57.9s,+31°42′05.7″,,中國(具名)
HIP 82671,恆星,4.79,253.4989,-42.3620,16h53m59.7s,-42°21′43.4″,,中國、中國(具名)、夏威夷星線、毛利、西方/現代88星座、阿拉伯・蘇菲
HIP 82673,恆星,4.38,253.5017,+10.1652,16h54m00.4s,+10°09′54.7″,,中國、中國(具名)、呂埃勒、阿拉伯・蘇菲、韓國
HIP 82676,恆星,5.45,253.5077,-41.8064,16h54m01.8s,-41°48′23.0″,,中國
HIP 82729,恆星,3.62,253.6451,-42.3623,16h54m34.8s,-42°21′44.4″,,印度(星群)、印度吠陀、呂埃勒、圖卡諾、圖皮-瓜拉尼、埃及、夏威夷星線(具名)、布吉斯、日本月站、曼達爾、西方/現代(星群)、阿拉伯・古代、阿拉伯・古代(具名)、阿拉伯・月站、阿拉伯・蘇菲(星群)、阿拉伯・阿拉伯半島、韓國、韓國(具名)
HIP 82730,恆星,5.23,253.6486,-6.1541,16h54m35.7s,-06°09′14.7″,,中國(具名)
HIP 82780,恆星,6.06,253.7591,+25.7306,16h55m02.2s,+25°43′50.1″,,中國(具名)
HIP 82802,恆星,5.35,253.8418,+18.4333,16h55m22.0s,+18°25′59.7″,,中國(具名)
HIP 82860,恆星,4.88,254.0096,+65.1350,16h56m02.3s,+65°08′06.1″,,中國、中國(具名)、阿拉伯・蘇菲
HIP 82870,恆星,6.58,254.0400,+15.3837,16h56m09.6s,+15°23′01.2″,,西方/現代(星群)
HIP 82898,恆星,7.03,254.1050,+65.0393,16h56m25.2s,+65°02′21.4″,,中國(具名)
HIP 82915,恆星,7.64,254.1630,+15.6425,16h56m39.1s,+15°38′33.0″,,西方/現代(星群)
HIP 82960,恆星,5.49,254.2966,-33.2595,16h57m11.2s,-33°15′34.3″,,中國(具名)
HIP 82987,恆星,6.29,254.3794,+25.3529,16h57m31.1s,+25°21′10.5″,,中國(具名)
HIP 83000,恆星,3.20,254.4158,+9.3750,16h57m39.8s,+09°22′29.9″,,中國、中國(具名)、呂埃勒、羅馬尼亞、西方/現代88星座、阿拉伯・蘇菲、韓國
HIP 83034,恆星,8.09,254.5201,+15.1532,16h58m04.8s,+15°09′11.5″,,西方/現代(星群)
HIP 83057,恆星,5.53,254.5747,-50.6414,16h58m17.9s,-50°38′28.9″,,圖皮-瓜拉尼
HIP 83081,恆星,3.08,254.6549,-55.9903,16h58m37.2s,-55°59′25.1″,,中國、中國(具名)、圖皮-瓜拉尼、西方/現代88星座、阿拉伯・蘇菲
HIP 83083,恆星,6.90,254.6579,+15.4550,16h58m37.9s,+15°27′17.9″,,西方/現代(星群)
HIP 83153,恆星,4.05,254.8960,-53.1603,16h59m35.0s,-53°09′37.2″,,中國、中國(具名)、呂埃勒、圖皮-瓜拉尼、阿拉伯・蘇菲
HIP 83196,恆星,5.73,255.0400,-24.9894,17h00m09.6s,-24°59′21.7″,,中國(具名)
HIP 83207,恆星,3.92,255.0721,+30.9265,17h00m17.3s,+30°55′35.5″,,中國、中國(具名)、呂埃勒、埃及、羅馬尼亞、西方/現代(星群)、西方/現代88星座、阿拉伯・蘇菲、阿拉伯・蘇菲(星群)、黑腳族
HIP 83221,恆星,8.01,255.1194,+15.1600,17h00m28.7s,+15°09′35.8″,,西方/現代(星群)
HIP 83254,恆星,5.66,255.2422,+22.6320,17h00m58.1s,+22°37′55.2″,,阿拉伯・蘇菲
HIP 83262,恆星,4.81,255.2648,-4.2230,17h01m03.6s,-04°13′22.8″,,中國(具名)、阿拉伯・蘇菲
HIP 83308,恆星,6.31,255.3877,+14.9497,17h01m33.1s,+14°56′59.0″,,西方/現代(星群)
HIP 83313,恆星,5.27,255.4015,+33.5683,17h01m36.4s,+33°34′05.8″,,中國、中國(具名)、阿拉伯・蘇菲
HIP 83331,恆星,6.29,255.4634,-18.8856,17h01m51.2s,-18°53′08.2″,,中國(具名)
HIP 83430,恆星,4.98,255.7829,+14.0917,17h03m07.9s,+14°05′30.0″,,中國、中國(具名)、西方/現代(星群)、韓國
HIP 83435,恆星,6.53,255.7928,+14.5106,17h03m10.3s,+14°30′38.0″,,西方/現代(星群)
HIP 83462,恆星,6.23,255.8761,+35.4139,17h03m30.3s,+35°24′49.9″,,中國、中國(具名)
HIP 83478,恆星,5.91,255.9137,+13.6052,17h03m39.3s,+13°36′18.7″,,中國、中國(具名)、西方/現代(星群)
HIP 83504,恆星,6.05,255.9919,+13.5668,17h03m58.1s,+13°34′00.6″,,中國(具名)、西方/現代(星群)
HIP 83508,恆星,6.64,256.0034,-25.6981,17h04m00.8s,-25°41′53.2″,,中國(具名)
HIP 83566,恆星,6.60,256.1813,-25.6457,17h04m43.5s,-25°38′44.6″,,中國(具名)
HIP 83608,恆星,5.66,256.3334,+54.4704,17h05m20.0s,+54°28′13.3″,Alrakis,中國(具名)、阿拉伯・古代(具名)、阿拉伯・蘇菲
HIP 83613,恆星,4.87,256.3448,+12.7408,17h05m22.7s,+12°44′26.8″,,中國、中國(具名)、西方/現代(星群)、韓國
HIP 83684,恆星,6.28,256.5491,-21.5649,17h06m11.8s,-21°33′53.8″,,中國(具名)
HIP 83830,恆星,7.66,256.9964,+27.1015,17h07m59.1s,+27°06′05.3″,,中國(具名)
HIP 83838,恆星,5.39,257.0085,+35.9351,17h08m02.0s,+35°56′06.4″,,阿拉伯・蘇菲
HIP 83876,恆星,6.85,257.1398,+24.4863,17h08m33.6s,+24°29′10.6″,,中國(具名)
HIP 83895,恆星,3.17,257.1964,+65.7148,17h08m47.1s,+65°42′53.2″,Aldhibah,中國、中國(具名)、呂埃勒、埃及、白俄羅斯、羅馬尼亞、西方/現代88星座、阿拉伯・古代、阿拉伯・古代(具名)、阿拉伯・月站、阿拉伯・月站(具名)、阿拉伯・蘇菲、阿拉伯・蘇菲(星群)、韓國
HIP 83962,恆星,5.43,257.4500,-10.5238,17h09m48.0s,-10°31′25.6″,,呂埃勒、韓國
HIP 84012,恆星,2.42,257.5947,-15.7245,17h10m22.7s,-15°43′28.1″,Sabik,中國、中國(具名)、呂埃勒、納瓦荷、羅馬尼亞、西方/現代88星座、阿拉伯・古代、阿拉伯・蘇菲、阿拉伯・蘇菲(星群)、韓國
HIP 84143,恆星,3.33,258.0384,-43.2405,17h12m09.2s,-43°14′25.7″,,中國、中國(具名)、印度(星群)、印度吠陀、呂埃勒、圖卡諾、圖皮-瓜拉尼、埃及、夏威夷星線、夏威夷星線(具名)、日本月站、毛利、西方/現代(星群)、西方/現代88星座、阿拉伯・古代、阿拉伯・古代(具名)、阿拉伯・月站、阿拉伯・蘇菲、阿拉伯・蘇菲(星群)、阿拉伯・阿拉伯半島、韓國、韓國(具名)
HIP 84177,恆星,5.34,258.1159,+10.5850,17h12m27.8s,+10°35′06.1″,,中國、中國(具名)、韓國
HIP 84314,恆星,6.63,258.5594,-26.9847,17h14m14.3s,-26°59′05.0″,,中國、中國(具名)
HIP 84345,恆星,3.33,258.6618,+14.3906,17h14m38.8s,+14°23′26.1″,Rasalgethi,中國、中國(具名)、呂埃勒、西方/現代88星座、阿拉伯・古代(具名)、阿拉伯・蘇菲、阿拉伯・蘇菲(具名)、韓國、黑腳族
HIP 84379,恆星,3.13,258.7579,+24.8385,17h15m01.9s,+24°50′18.6″,Sarin,中國、中國(具名)、呂埃勒、埃及、西方/現代(星群)、西方/現代88星座、阿拉伯・古代、阿拉伯・蘇菲、阿拉伯・蘇菲(星群)、韓國、黑腳族
HIP 84380,恆星,3.18,258.7617,+36.8092,17h15m02.8s,+36°48′33.0″,,中國、中國(具名)、呂埃勒、羅馬尼亞、西方/現代(星群)、西方/現代88星座、阿拉伯・蘇菲、阿拉伯・蘇菲(星群)、韓國、黑腳族
HIP 84402,恆星,6.00,258.8345,-14.5842,17h15m20.3s,-14°35′03.2″,,韓國
HIP 84405,恆星,5.03,258.8351,-26.6079,17h15m20.4s,-26°36′28.4″,Guniibuu,中國、中國(具名)、阿拉伯・蘇菲、韓國
HIP 84478,恆星,6.34,259.0533,-26.5511,17h16m12.8s,-26°33′04.1″,,中國(具名)
HIP 84514,恆星,4.80,259.1527,-0.4456,17h16m36.7s,-00°26′44.0″,,中國(具名)、韓國
HIP 84535,恆星,6.38,259.2287,+89.0377,17h16m54.9s,+89°02′15.7″,,中國(具名)
HIP 84573,恆星,4.80,259.3315,+33.1001,17h17m19.6s,+33°06′00.3″,,中國、中國(具名)
HIP 84605,恆星,6.94,259.4147,-26.6291,17h17m39.5s,-26°37′44.9″,,中國(具名)
HIP 84606,恆星,4.65,259.4175,+37.2918,17h17m40.2s,+37°17′30.4″,,中國、中國(具名)、羅馬尼亞、西方/現代88星座、阿拉伯・蘇菲、韓國
HIP 84626,恆星,5.11,259.5026,-24.2869,17h18m00.6s,-24°17′13.0″,,中國(具名)
HIP 84671,恆星,5.02,259.6542,+10.8640,17h18m37.0s,+10°51′50.5″,,中國(具名)、韓國
HIP 84835,恆星,5.59,260.0878,+46.2410,17h20m21.1s,+46°14′27.5″,,中國(具名)、阿拉伯・蘇菲
HIP 84862,恆星,5.39,260.1656,+32.4631,17h20m39.7s,+32°27′47.2″,,中國(具名)
HIP 84880,恆星,4.32,260.2071,-12.8469,17h20m49.7s,-12°50′48.7″,,中國、中國(具名)、呂埃勒、西方/現代88星座、阿拉伯・蘇菲、韓國
HIP 84887,恆星,5.12,260.2258,+24.4994,17h20m54.2s,+24°29′57.9″,,中國(具名)
HIP 84893,恆星,4.39,260.2528,-21.1138,17h21m00.7s,-21°06′49.8″,Aggia,中國(具名)、阿拉伯・古代、阿拉伯・蘇菲、阿拉伯・蘇菲(星群)
HIP 84947,恆星,6.36,260.4230,-24.9063,17h21m41.5s,-24°54′22.6″,,中國(具名)
HIP 84969,恆星,4.78,260.4974,-67.7707,17h21m59.4s,-67°46′14.5″,,中國、中國(具名)
HIP 84970,恆星,3.26,260.5024,-24.9996,17h22m00.6s,-24°59′58.7″,Garafsa,中國、中國(具名)、呂埃勒、阿拉伯・蘇菲、韓國
HIP 84979,恆星,5.39,260.5245,-70.1233,17h22m05.9s,-70°07′23.7″,,中國、中國(具名)
HIP 85084,恆星,5.29,260.8400,-28.1430,17h23m21.6s,-28°08′34.7″,,中國(具名)
HIP 85112,恆星,4.51,260.9203,+37.1459,17h23m40.9s,+37°08′45.4″,,中國、中國(具名)、呂埃勒、羅馬尼亞、西方/現代88星座、阿拉伯・蘇菲、韓國
HIP 85139,恆星,5.76,260.9901,+8.8525,17h23m57.6s,+08°51′09.2″,,阿拉伯・蘇菲
HIP 85157,恆星,5.72,261.0272,+22.9601,17h24m06.5s,+22°57′36.4″,,中國(具名)
HIP 85181,恆星,6.25,261.1129,+36.9521,17h24m27.1s,+36°57′07.7″,,中國(具名)
HIP 85242,恆星,6.17,261.2761,-24.2436,17h25m06.3s,-24°14′37.1″,,中國(具名)
HIP 85258,恆星,2.85,261.3249,-55.5300,17h25m18.0s,-55°31′48.0″,,中國、中國(具名)、曼達爾、西方/現代88星座、阿拉伯・蘇菲
HIP 85267,恆星,3.34,261.3486,-56.3778,17h25m23.7s,-56°22′40.0″,,中國、中國(具名)、西方/現代88星座、阿拉伯・蘇菲
HIP 85340,恆星,4.15,261.5926,-24.1758,17h26m22.2s,-24°10′33.0″,,中國、中國(具名)、阿拉伯・蘇菲、韓國
HIP 85355,恆星,4.31,261.6287,+4.1404,17h26m30.9s,+04°08′25.4″,,中國(具名)、呂埃勒、羅馬尼亞
HIP 85365,恆星,4.54,261.6574,-5.0868,17h26m37.8s,-05°05′12.4″,,阿拉伯・蘇菲、韓國
HIP 85379,恆星,5.83,261.6843,+48.2600,17h26m44.2s,+48°15′36.2″,,中國(具名)
HIP 85397,恆星,6.21,261.7591,-12.5128,17h27m02.2s,-12°30′46.0″,,中國、中國(具名)
HIP 85423,恆星,4.27,261.8387,-29.8676,17h27m21.3s,-29°52′03.5″,,中國、中國(具名)
HIP 85442,恆星,5.97,261.9064,-29.7247,17h27m37.5s,-29°43′28.9″,,中國(具名)
HIP 85670,恆星,2.81,262.6081,+52.3014,17h30m25.9s,+52°18′05.2″,Rastaban,中國、中國(具名)、呂埃勒、埃及、白俄羅斯、羅馬尼亞、西方/現代(星群)、西方/現代88星座、阿拉伯・古代、阿拉伯・月站、阿拉伯・蘇菲、阿拉伯・蘇菲(星群)、韓國
HIP 85686,恆星,9.94,262.6620,+46.3430,17h30m38.9s,+46°20′34.9″,,夏威夷星線(具名)
HIP 85693,恆星,4.41,262.6847,+26.1107,17h30m44.3s,+26°06′38.6″,Maasym,中國、中國(具名)、埃及、羅馬尼亞、西方/現代88星座、阿拉伯・古代、阿拉伯・蘇菲、阿拉伯・蘇菲(星群)、韓國、黑腳族
HIP 85696,恆星,2.65,262.6910,-37.2959,17h30m45.8s,-37°17′45.4″,Lesath,中國、中國(具名)、印度(星群)、印度吠陀、呂埃勒、圖卡諾、布吉斯、日本月站、曼達爾、毛利、納瓦荷、阿拉伯・古代、阿拉伯・月站、阿拉伯・蘇菲、阿拉伯・蘇菲(星群)、阿拉伯・阿拉伯半島、韓國
HIP 85699,恆星,5.76,262.7029,+86.9681,17h30m48.7s,+86°58′05.1″,,中國(具名)
HIP 85703,恆星,7.37,262.7065,-23.8416,17h30m49.6s,-23°50′29.9″,,中國(具名)
HIP 85727,恆星,3.62,262.7741,-60.6843,17h31m05.8s,-60°41′03.4″,,中國、中國(具名)、呂埃勒、西方/現代88星座
HIP 85755,恆星,4.81,262.8540,-23.9628,17h31m25.0s,-23°57′45.9″,,中國、中國(具名)、羅馬尼亞、西方/現代88星座、阿拉伯・蘇菲、韓國
HIP 85783,恆星,6.05,262.9349,-26.2698,17h31m44.4s,-26°16′11.3″,,中國、中國(具名)
HIP 85790,恆星,5.65,262.9566,+28.4076,17h31m49.6s,+28°24′27.4″,,中國(具名)
HIP 85792,恆星,2.95,262.9602,-49.8764,17h31m50.4s,-49°52′35.2″,,中國、中國(具名)、呂埃勒、圖皮-瓜拉尼、布吉斯、曼達爾、西方/現代88星座、阿拉伯・古代、阿拉伯・蘇菲、韓國
HIP 85805,恆星,5.07,262.9910,+68.1356,17h31m57.8s,+68°08′08.2″,Adfar Aldib I,中國、中國(具名)、阿拉伯・古代、阿拉伯・蘇菲、阿拉伯・蘇菲(星群)
HIP 85819,恆星,4.89,263.0452,+55.1845,17h32m10.8s,+55°11′04.1″,,中國(具名)、西方/現代(星群)、阿拉伯・古代、阿拉伯・月站、阿拉伯・蘇菲(星群)、韓國
HIP 85822,恆星,4.34,263.0549,+86.5867,17h32m13.2s,+86°35′12.1″,Yildun,中國、中國(具名)、北歐、呂埃勒、白俄羅斯、羅馬尼亞、西方/現代(星群)、西方/現代88星座、阿拉伯・古代、阿拉伯・月站、阿拉伯・蘇菲、阿拉伯・蘇菲(星群)、韓國
HIP 85829,恆星,4.85,263.0680,+55.1732,17h32m16.3s,+55°10′23.5″,,中國、中國(具名)、白俄羅斯、羅馬尼亞、西方/現代88星座、阿拉伯・蘇菲
HIP 85852,恆星,6.63,263.1706,+74.2275,17h32m41.0s,+74°13′39.0″,,中國、中國(具名)
HIP 85922,恆星,5.61,263.3742,-5.7452,17h33m29.8s,-05°44′42.8″,,韓國
HIP 85927,恆星,1.63,263.4021,-37.1040,17h33m36.5s,-37°06′14.3″,Shaula,中國、中國(具名)、印度(星群)、印度吠陀、呂埃勒、圖卡諾、圖皮-瓜拉尼、埃及、夏威夷星線、夏威夷星線(具名)、布吉斯、日本月站、曼達爾、毛利、納瓦荷、西方/現代(星群)、西方/現代88星座、阿拉伯・古代、阿拉伯・古代(具名)、阿拉伯・月站、阿拉伯・月站(具名)、阿拉伯・蘇菲、阿拉伯・蘇菲(星群)、阿拉伯・阿拉伯半島、阿拉伯・阿拉伯半島(具名)、韓國
HIP 85979,恆星,6.53,263.5916,+13.1608,17h34m22.0s,+13°09′39.0″,,中國(具名)
HIP 85998,恆星,5.81,263.6529,+9.5867,17h34m36.7s,+09°35′12.0″,,中國(具名)
HIP 86032,恆星,2.07,263.7342,+12.5590,17h34m56.2s,+12°33′32.4″,Rasalhague,中國、中國(具名)、呂埃勒、羅馬尼亞、西方/現代88星座、阿拉伯・古代(具名)、阿拉伯・蘇菲、阿拉伯・蘇菲(具名)、韓國
HIP 86036,恆星,5.21,263.7507,+61.8724,17h35m00.2s,+61°52′20.8″,,中國(具名)
HIP 86041,恆星,7.26,263.7589,+13.1378,17h35m02.1s,+13°08′16.0″,,中國(具名)
HIP 86060,恆星,6.48,263.8271,-22.0439,17h35m18.5s,-22°02′37.9″,,中國、中國(具名)
HIP 86092,恆星,4.59,263.9148,-46.5059,17h35m39.6s,-46°30′21.1″,,中國、中國(具名)、阿拉伯・蘇菲、韓國
HIP 86170,恆星,4.27,264.1368,-38.6362,17h36m32.8s,-38°38′10.4″,,中國(具名)、圖卡諾
HIP 86178,恆星,6.05,264.1533,+30.7851,17h36m36.8s,+30°47′06.5″,,中國、中國(具名)
HIP 86182,恆星,5.35,264.1571,+48.5859,17h36m37.7s,+48°35′09.3″,,中國(具名)、阿拉伯・蘇菲
HIP 86201,恆星,4.77,264.2379,+68.7594,17h36m57.1s,+68°45′33.8″,,中國(具名)、呂埃勒、阿拉伯・古代、阿拉伯・蘇菲、阿拉伯・蘇菲(星群)、韓國
HIP 86228,恆星,1.85,264.3297,-42.9978,17h37m19.1s,-42°59′52.2″,Sargas,中國、中國(具名)、印度(星群)、印度吠陀、呂埃勒、圖卡諾、圖皮-瓜拉尼、埃及、夏威夷星線、夏威夷星線(具名)、布吉斯、日本月站、曼達爾、毛利、西方/現代(星群)、西方/現代88星座、阿拉伯・古代、阿拉伯・古代(具名)、阿拉伯・月站、阿拉伯・蘇菲、阿拉伯・蘇菲(星群)、阿拉伯・阿拉伯半島、韓國、韓國(具名)
HIP 86248,恆星,5.88,264.3638,-50.0601,17h37m27.3s,-50°03′36.3″,,阿拉伯・蘇菲
HIP 86254,恆星,5.76,264.3795,+24.3100,17h37m31.1s,+24°18′36.1″,,中國(具名)
HIP 86263,恆星,3.52,264.3965,-15.3988,17h37m35.2s,-15°23′55.7″,,中國、中國(具名)、呂埃勒、羅馬尼亞、西方/現代88星座、阿拉伯・蘇菲、韓國
HIP 86284,恆星,4.62,264.4613,-8.1189,17h37m50.7s,-08°07′07.9″,,中國、中國(具名)、阿拉伯・蘇菲、韓國
HIP 86352,恆星,6.20,264.6867,-21.9127,17h38m44.8s,-21°54′45.8″,,中國、中國(具名)
HIP 86399,恆星,7.19,264.8164,+30.2532,17h39m15.9s,+30°15′11.4″,,埃及
HIP 86414,恆星,3.80,264.8662,+46.0063,17h39m27.9s,+46°00′22.9″,,中國、中國(具名)、呂埃勒、羅馬尼亞、西方/現代88星座、阿拉伯・蘇菲、韓國、黑腳族
HIP 86565,恆星,4.23,265.3533,-12.8756,17h41m24.8s,-12°52′32.0″,,中國、中國(具名)、西方/現代88星座、阿拉伯・蘇菲
HIP 86614,恆星,4.55,265.4849,+72.1477,17h41m56.4s,+72°08′51.6″,Dziban,中國(具名)、阿拉伯・蘇菲、韓國
HIP 86670,恆星,2.39,265.6219,-39.0301,17h42m29.3s,-39°01′48.3″,Mula,中國、中國(具名)、印度(星群)、印度吠陀、呂埃勒、圖卡諾、圖皮-瓜拉尼、埃及、夏威夷星線、夏威夷星線(具名)、布吉斯、日本月站、曼達爾、毛利、納瓦荷、西方/現代(星群)、西方/現代88星座、阿拉伯・古代、阿拉伯・古代(具名)、阿拉伯・月站、阿拉伯・蘇菲、阿拉伯・蘇菲(星群)、阿拉伯・阿拉伯半島、韓國
HIP 86698,恆星,5.52,265.7129,-36.9457,17h42m51.1s,-36°56′44.4″,,圖皮-瓜拉尼
HIP 86731,恆星,5.73,265.8393,+24.3281,17h43m21.4s,+24°19′41.3″,,中國(具名)
HIP 86736,恆星,4.86,265.8570,-21.6834,17h43m25.7s,-21°41′00.2″,,中國、中國(具名)、阿拉伯・蘇菲
HIP 86742,恆星,2.75,265.8679,+4.5680,17h43m28.3s,+04°34′04.8″,Cebalrai,中國、中國(具名)、呂埃勒、羅馬尼亞、西方/現代88星座、阿拉伯・古代(具名)、阿拉伯・蘇菲、韓國
HIP 86768,恆星,6.32,265.9459,-7.0797,17h43m47.0s,-07°04′46.8″,,中國、中國(具名)
HIP 86782,恆星,5.76,265.9967,+53.8016,17h43m59.2s,+53°48′05.9″,Alruba,阿拉伯・古代(具名)、阿拉伯・月站(具名)
HIP 86796,恆星,5.15,266.0362,-51.8349,17h44m08.7s,-51°50′05.6″,Cervantes,阿拉伯・蘇菲
HIP 86831,恆星,6.18,266.1421,+2.5795,17h44m34.1s,+02°34′46.3″,,中國(具名)
HIP 86929,恆星,3.58,266.4332,-64.7241,17h45m44.0s,-64°43′26.8″,,中國、中國(具名)、呂埃勒、西方/現代88星座
HIP 86974,恆星,3.42,266.6132,+27.7173,17h46m27.2s,+27°43′02.2″,,中國、中國(具名)、呂埃勒、埃及、羅馬尼亞、西方/現代88星座、阿拉伯・古代、阿拉伯・蘇菲、阿拉伯・蘇菲(星群)、韓國、黑腳族
HIP 87072,恆星,4.54,266.8901,-27.8308,17h47m33.6s,-27°49′51.0″,,中國、中國(具名)、西方/現代88星座
HIP 87073,恆星,2.99,266.8962,-40.1270,17h47m35.1s,-40°07′37.3″,Girtab,中國、中國(具名)、印度(星群)、印度吠陀、呂埃勒、圖卡諾、圖皮-瓜拉尼、夏威夷星線、夏威夷星線(具名)、日本月站、曼達爾、毛利、納瓦荷、西方/現代(星群)、西方/現代88星座、阿拉伯・古代、阿拉伯・古代(具名)、阿拉伯・月站、阿拉伯・蘇菲、阿拉伯・蘇菲(星群)、阿拉伯・阿拉伯半島、韓國
HIP 87108,恆星,3.75,266.9731,+2.7069,17h47m53.5s,+02°42′25.0″,Muliphen,中國、中國(具名)、呂埃勒、羅馬尼亞、阿拉伯・蘇菲、韓國
HIP 87194,恆星,5.10,267.2048,+25.6227,17h48m49.1s,+25°37′21.7″,,中國(具名)
HIP 87212,恆星,5.04,267.2675,+50.7820,17h49m04.2s,+50°46′55.1″,,中國(具名)、阿拉伯・蘇菲
HIP 87234,恆星,5.01,267.3634,+76.9640,17h49m27.2s,+76°57′50.3″,,中國(具名)
HIP 87261,恆星,3.21,267.4647,-37.0432,17h49m51.5s,-37°02′35.6″,Fuyue,中國、中國(具名)、圖卡諾、圖皮-瓜拉尼、布吉斯、曼達爾、阿拉伯・古代(具名)、韓國
HIP 87280,恆星,6.89,267.5139,+48.3942,17h50m03.3s,+48°23′39.2″,,中國(具名)
HIP 87472,恆星,5.85,268.0824,-34.4169,17h52m19.8s,-34°25′00.7″,,中國(具名)
HIP 87563,恆星,5.15,268.3252,+40.0082,17h53m18.0s,+40°00′29.5″,,中國(具名)、埃及
HIP 87569,恆星,6.29,268.3478,-34.8952,17h53m23.5s,-34°53′42.7″,,韓國
HIP 87585,恆星,3.75,268.3830,+56.8730,17h53m31.9s,+56°52′22.8″,Grumium,中國、中國(具名)、呂埃勒、白俄羅斯、羅馬尼亞、西方/現代(星群)、西方/現代88星座、阿拉伯・古代、阿拉伯・月站、阿拉伯・蘇菲、阿拉伯・蘇菲(星群)、韓國
HIP 87616,恆星,5.96,268.4782,-34.7527,17h53m54.8s,-34°45′09.9″,,中國
HIP 87706,恆星,6.20,268.7252,-24.8871,17h54m54.0s,-24°53′13.6″,,中國、中國(具名)
HIP 87728,恆星,5.43,268.7966,+72.0051,17h55m11.2s,+72°00′18.4″,,中國、中國(具名)、韓國
HIP 87790,恆星,7.38,269.0049,+5.1614,17h56m01.2s,+05°09′41.1″,,西方/現代(星群)
HIP 87808,恆星,3.88,269.0633,+37.2506,17h56m15.2s,+37°15′02.0″,,中國、中國(具名)、呂埃勒、埃及、羅馬尼亞、西方/現代88星座、阿拉伯・蘇菲、阿拉伯・蘇菲(星群)
HIP 87833,恆星,2.23,269.1515,+51.4888,17h56m36.4s,+51°29′19.7″,Eltanin,中國、中國(具名)、呂埃勒、埃及、白俄羅斯、羅馬尼亞、西方/現代(星群)、西方/現代88星座、阿拉伯・古代、阿拉伯・月站、阿拉伯・蘇菲、阿拉伯・蘇菲(星群)、韓國
HIP 87846,恆星,4.85,269.1975,-44.3423,17h56m47.4s,-44°20′32.4″,,圖皮-瓜拉尼、韓國
HIP 87860,恆星,7.58,269.2186,+4.9879,17h56m52.5s,+04°59′16.5″,,西方/現代(星群)
HIP 87901,恆星,8.66,269.3328,+4.8874,17h57m19.9s,+04°53′14.6″,,西方/現代(星群)
HIP 87933,恆星,3.70,269.4416,+29.2478,17h57m46.0s,+29°14′52.1″,,中國(具名)、呂埃勒、羅馬尼亞、西方/現代88星座、阿拉伯・古代、阿拉伯・蘇菲、阿拉伯・蘇菲(星群)、韓國、黑腳族
HIP 87936,恆星,4.86,269.4491,-41.7164,17h57m47.8s,-41°42′58.9″,,圖皮-瓜拉尼
HIP 87998,恆星,4.41,269.6256,+30.1893,17h58m30.1s,+30°11′21.4″,,中國(具名)、阿拉伯・蘇菲、韓國
HIP 88048,恆星,3.34,269.7566,-9.7742,17h59m01.6s,-09°46′26.9″,,中國、中國(具名)、羅馬尼亞、阿拉伯・蘇菲、韓國
HIP 88116,恆星,4.72,269.9481,-23.8163,17h59m47.6s,-23°48′58.8″,,中國(具名)
HIP 88127,恆星,5.94,270.0159,+80.0014,18h00m03.8s,+80°00′05.2″,,中國、中國(具名)
HIP 88128,恆星,4.67,270.0142,+16.7509,18h00m03.4s,+16°45′03.1″,,中國(具名)
HIP 88136,恆星,5.64,270.0395,+80.0046,18h00m09.5s,+80°00′16.7″,,中國(具名)
HIP 88142,恆星,6.64,270.0482,-24.2845,18h00m11.6s,-24°17′04.2″,,中國(具名)
HIP 88149,恆星,4.60,270.0658,+4.3686,18h00m15.8s,+04°22′06.9″,,中國、中國(具名)、羅馬尼亞、西方/現代(星群)、韓國
HIP 88175,恆星,4.62,270.1216,-3.6905,18h00m29.2s,-03°41′25.7″,,中國(具名)、呂埃勒、阿拉伯・蘇菲
HIP 88192,恆星,3.93,270.1613,+2.9315,18h00m38.7s,+02°55′53.5″,,中國、中國(具名)、羅馬尼亞、西方/現代(星群)、韓國
HIP 88258,恆星,6.26,270.3463,-17.1569,18h01m23.1s,-17°09′24.8″,,中國(具名)
HIP 88267,恆星,4.90,270.3767,+21.5960,18h01m30.4s,+21°35′45.4″,,中國、中國(具名)、呂埃勒、韓國、黑腳族
HIP 88290,恆星,4.43,270.4384,+1.3050,18h01m45.2s,+01°18′18.0″,,中國、中國(具名)、羅馬尼亞、西方/現代(星群)、韓國
HIP 88331,恆星,5.25,270.5960,+20.8336,18h02m23.0s,+20°50′00.9″,,中國(具名)
HIP 88346,恆星,6.21,270.6256,+22.9232,18h02m30.2s,+22°55′23.5″,,中國(具名)
HIP 88380,恆星,5.34,270.7129,-24.2825,18h02m51.1s,-24°16′57.2″,,中國(具名)
HIP 88404,恆星,5.27,270.7706,-8.1805,18h03m04.9s,-08°10′49.9″,,中國、中國(具名)、阿拉伯・蘇菲
HIP 88528,恆星,6.33,271.1676,+23.9417,18h04m40.2s,+23°56′30.1″,,羅馬尼亞
HIP 88601,恆星,4.20,271.3645,+2.4952,18h05m27.5s,+02°29′42.8″,,中國、中國(具名)、羅馬尼亞、西方/現代(星群)、韓國
HIP 88635,恆星,2.99,271.4518,-30.4249,18h05m48.4s,-30°25′29.8″,Alnasl,中國、中國(具名)、呂埃勒、日本月站、曼達爾、西方/現代(星群)、西方/現代88星座、阿努塔、阿拉伯・古代、阿拉伯・月站、阿拉伯・蘇菲、阿拉伯・蘇菲(星群)、阿拉伯・阿拉伯半島、韓國
HIP 88657,恆星,5.06,271.5079,+22.2188,18h06m01.9s,+22°13′07.8″,,中國、中國(具名)
HIP 88714,恆星,3.66,271.6577,-50.0915,18h06m37.9s,-50°05′29.5″,,中國(具名)、曼達爾、西方/現代88星座、阿拉伯・古代、阿拉伯・蘇菲、韓國
HIP 88726,恆星,5.62,271.7080,-43.4257,18h06m49.9s,-43°25′32.5″,,圖皮-瓜拉尼
HIP 88745,恆星,5.13,271.7561,+30.5623,18h07m01.5s,+30°33′44.4″,,中國(具名)
HIP 88765,恆星,4.64,271.8265,+8.7340,18h07m18.4s,+08°44′02.4″,,中國(具名)、韓國
HIP 88771,恆星,3.73,271.8372,+9.5642,18h07m20.9s,+09°33′51.1″,,中國(具名)、羅馬尼亞、韓國
HIP 88794,恆星,3.83,271.8856,+28.7625,18h07m32.6s,+28°45′45.1″,,中國、中國(具名)、呂埃勒、埃及、羅馬尼亞、西方/現代88星座、阿拉伯・蘇菲、阿拉伯・蘇菲(星群)
HIP 88817,恆星,5.79,271.9562,+26.0975,18h07m49.5s,+26°05′50.9″,,中國(具名)、羅馬尼亞
HIP 88836,恆星,5.50,272.0088,+36.4004,18h08m02.1s,+36°24′01.6″,,韓國
HIP 88866,恆星,4.33,272.1453,-63.6694,18h08m34.9s,-63°40′09.9″,,中國、中國(具名)、西方/現代88星座
HIP 88886,恆星,4.35,272.1895,+20.8145,18h08m45.5s,+20°48′52.3″,,中國、中國(具名)、韓國
HIP 88899,恆星,5.10,272.2203,+20.0451,18h08m52.9s,+20°02′42.5″,,中國(具名)、韓國
HIP 88964,恆星,5.97,272.3914,+3.9933,18h09m33.9s,+03°59′35.7″,,中國(具名)、西方/現代(星群)
HIP 89096,恆星,6.07,272.7683,-47.5133,18h11m04.4s,-47°30′47.7″,,圖皮-瓜拉尼
HIP 89112,恆星,4.51,272.8072,-45.9546,18h11m13.7s,-45°57′16.5″,,韓國
HIP 89172,恆星,4.97,272.9756,+31.4055,18h11m54.1s,+31°24′19.6″,,中國(具名)、韓國
HIP 89341,恆星,3.85,273.4409,-21.0588,18h13m45.8s,-21°03′31.8″,Polis,中國、中國(具名)、呂埃勒、曼達爾、西方/現代88星座、阿拉伯・蘇菲、阿拉伯・蘇菲(星群)、韓國
HIP 89348,恆星,4.99,273.4779,+64.3974,18h13m54.7s,+64°23′50.8″,,中國(具名)、韓國
HIP 89439,恆星,5.37,273.8038,-20.7283,18h15m12.9s,-20°43′41.8″,,中國(具名)
HIP 89448,恆星,5.95,273.8214,+68.7555,18h15m17.1s,+68°45′19.9″,,中國(具名)
HIP 89594,恆星,6.79,274.2445,+68.7410,18h16m58.7s,+68°44′27.7″,,中國(具名)
HIP 89642,恆星,3.11,274.4061,-36.7624,18h17m37.5s,-36°45′44.7″,Hamalwarid,中國、中國(具名)、圖卡諾、日本月站、西方/現代88星座、阿拉伯・古代、阿拉伯・月站、阿拉伯・蘇菲、阿拉伯・蘇菲(星群)、阿拉伯・阿拉伯半島、韓國
HIP 89678,恆星,4.63,274.5133,-27.0427,18h18m03.2s,-27°02′33.6″,,圖卡諾、韓國
HIP 89772,恆星,5.41,274.7895,+7.2598,18h19m09.5s,+07°15′35.2″,,韓國
HIP 89773,恆星,5.28,274.7945,+24.4461,18h19m10.7s,+24°26′45.9″,,中國(具名)
HIP 89826,恆星,4.34,274.9654,+36.0647,18h19m51.7s,+36°03′53.0″,,中國(具名)、埃及、阿拉伯・古代(具名)、阿拉伯・蘇菲(星群)、韓國
HIP 89861,恆星,4.96,275.0747,+21.9610,18h20m17.9s,+21°57′39.7″,,中國(具名)
HIP 89908,恆星,4.22,275.1892,+71.3380,18h20m45.4s,+71°20′16.7″,Aldhiba,中國、中國(具名)、呂埃勒、阿拉伯・蘇菲、阿拉伯・蘇菲(星群)、韓國
HIP 89918,恆星,4.86,275.2169,+3.3772,18h20m52.1s,+03°22′38.0″,,中國(具名)、韓國
HIP 89925,恆星,5.63,275.2374,+29.8592,18h20m57.0s,+29°51′33.0″,,中國(具名)
HIP 89931,恆星,2.67,275.2487,-29.8282,18h20m59.7s,-29°49′41.6″,Kaus Media,中國、中國(具名)、印度(星群)、印度吠陀、呂埃勒、圖卡諾、日本月站、曼達爾、羅馬尼亞、西方/現代(星群)、西方/現代88星座、阿拉伯・古代、阿拉伯・月站、阿拉伯・蘇菲(星群)、阿拉伯・阿拉伯半島、韓國
HIP 89935,恆星,5.12,275.2543,+28.8702,18h21m01.0s,+28°52′12.6″,,中國(具名)
HIP 89937,恆星,3.58,275.2720,+72.7313,18h21m05.3s,+72°43′52.6″,Alahakan,中國、中國(具名)、白俄羅斯、羅馬尼亞、西方/現代88星座、阿拉伯・古代、阿拉伯・古代(具名)、阿拉伯・蘇菲、韓國
HIP 89962,恆星,3.25,275.3251,-2.9019,18h21m18.0s,-02°54′07.0″,,中國、中國(具名)、呂埃勒、羅馬尼亞、西方/現代88星座、阿拉伯・蘇菲、韓國
HIP 90037,恆星,5.07,275.5772,-38.6570,18h22m18.5s,-38°39′25.3″,,阿拉伯・蘇菲
HIP 90067,恆星,5.25,275.7047,+17.8267,18h22m49.1s,+17°49′36.1″,,韓國
HIP 90098,恆星,4.37,275.8068,-61.4939,18h23m13.6s,-61°29′37.9″,,中國(具名)、西方/現代88星座
HIP 90139,恆星,3.84,275.9255,+21.7687,18h23m42.1s,+21°46′07.2″,,中國、中國(具名)、呂埃勒、阿拉伯・蘇菲(星群)、韓國、黑腳族
HIP 90156,恆星,5.05,275.9772,+58.8010,18h23m54.5s,+58°48′03.7″,,中國、中國(具名)、阿拉伯・蘇菲、韓國
HIP 90185,恆星,1.81,276.0428,-34.3852,18h24m10.3s,-34°23′06.6″,Kaus Australis,中國、中國(具名)、印度(星群)、印度吠陀、呂埃勒、圖卡諾、日本月站、曼達爾、羅馬尼亞、西方/現代(星群)、西方/現代88星座、阿努塔、阿拉伯・古代、阿拉伯・月站、阿拉伯・蘇菲、阿拉伯・蘇菲(星群)、阿拉伯・阿拉伯半島、韓國
HIP 90191,恆星,5.12,276.0573,+39.5072,18h24m13.8s,+39°30′26.0″,Al Athfar,中國(具名)、阿拉伯・古代(具名)、阿拉伯・蘇菲(星群)、韓國
HIP 90289,恆星,4.86,276.3377,-20.5418,18h25m21.0s,-20°32′30.4″,,中國(具名)
HIP 90344,恆星,4.82,276.4975,+65.5634,18h25m59.4s,+65°33′48.1″,Fafnir,中國(具名)、韓國
HIP 90414,恆星,5.45,276.7251,-48.1175,18h26m54.0s,-48°07′02.9″,,韓國
HIP 90422,恆星,3.46,276.7433,-45.9687,18h26m58.4s,-45°58′07.3″,,中國、中國(具名)、曼達爾、西方/現代88星座、阿拉伯・蘇菲、阿拉伯・蘇菲(星群)、韓國
HIP 90441,恆星,5.32,276.8021,+0.1961,18h27m12.5s,+00°11′45.9″,,中國(具名)
HIP 90496,恆星,2.81,276.9924,-25.4225,18h27m58.2s,-25°25′21.1″,Kaus Borealis,中國、中國(具名)、呂埃勒、圖卡諾、曼達爾、羅馬尼亞、西方/現代(星群)、西方/現代88星座、阿努塔、阿拉伯・古代、阿拉伯・月站、阿拉伯・蘇菲、阿拉伯・蘇菲(星群)、阿拉伯・阿拉伯半島、韓國
HIP 90568,恆星,4.11,277.2087,-49.0716,18h28m50.1s,-49°04′17.8″,,西方/現代88星座、韓國
HIP 90595,恆星,4.67,277.2994,-14.5658,18h29m11.9s,-14°33′57.0″,,西方/現代88星座
HIP 90642,恆星,5.37,277.4209,-1.9855,18h29m41.0s,-01°59′07.6″,,中國(具名)
HIP 90759,恆星,6.02,277.7623,-41.9140,18h31m02.9s,-41°54′50.3″,,阿拉伯・古代
HIP 90797,恆星,4.64,277.8434,-62.2785,18h31m22.4s,-62°16′42.6″,,中國、中國(具名)
HIP 90830,恆星,4.92,277.9393,-45.9149,18h31m45.4s,-45°54′53.7″,,韓國
HIP 90844,恆星,5.94,277.9875,-1.0030,18h31m57.0s,-01°00′10.8″,,中國(具名)
HIP 90887,恆星,5.16,278.0891,-39.7042,18h32m21.4s,-39°42′15.0″,,圖卡諾、西方/現代88星座、阿拉伯・古代、阿拉伯・蘇菲、阿拉伯・蘇菲(星群)、韓國
HIP 90905,恆星,4.76,278.1438,+57.0456,18h32m34.5s,+57°02′44.0″,,中國、中國(具名)、阿拉伯・蘇菲、韓國
HIP 90968,恆星,5.59,278.3464,-38.7261,18h33m23.1s,-38°43′33.9″,,中國、中國(具名)、圖卡諾
HIP 90982,恆星,4.61,278.3760,-42.3126,18h33m30.2s,-42°18′45.4″,,中國、中國(具名)、圖卡諾、阿拉伯・古代、阿拉伯・蘇菲、韓國
HIP 91039,恆星,7.49,278.5670,+72.4112,18h34m16.1s,+72°24′40.2″,,西方/現代(星群)
HIP 91117,恆星,3.83,278.8017,-8.2455,18h35m12.4s,-08°14′43.7″,,中國、中國(具名)、呂埃勒、西方/現代88星座、韓國
HIP 91121,恆星,7.37,278.8132,+72.2742,18h35m15.2s,+72°16′27.0″,,西方/現代(星群)
HIP 91163,恆星,6.79,278.9786,+72.3803,18h35m54.9s,+72°22′49.2″,,西方/現代(星群)
HIP 91217,恆星,5.39,279.1160,+9.1219,18h36m27.8s,+09°07′18.9″,,韓國
HIP 91237,恆星,5.42,279.1627,+6.6712,18h36m39.0s,+06°40′16.2″,,韓國
HIP 91262,恆星,0.03,279.2359,+38.7850,18h36m56.6s,+38°47′05.9″,Vega,中國、中國(具名)、北歐(具名)、印度(星群)、印度吠陀、印度吠陀(具名)、呂埃勒、因紐特、因紐特(具名)、埃及、夏威夷星線、夏威夷星線(具名)、毛利(具名)、白俄羅斯、羅馬尼亞、羅馬尼亞(具名)、蒙古、薩米、西方/現代(星群)、西方/現代88星座、阿拉伯・古代、阿拉伯・古代(具名)、阿拉伯・月站(具名)、阿拉伯・蘇菲、阿拉伯・蘇菲(具名)、阿拉伯・蘇菲(星群)、阿拉伯・阿拉伯半島(具名)、韓國
HIP 91315,恆星,5.74,279.3896,+62.5268,18h37m33.5s,+62°31′36.5″,,韓國
HIP 91494,恆星,5.42,279.8963,-43.1861,18h39m35.1s,-43°11′09.9″,,圖卡諾、阿拉伯・古代、韓國
HIP 91689,恆星,6.21,280.4653,-23.8335,18h41m51.7s,-23°50′00.8″,,中國(具名)
HIP 91726,恆星,4.71,280.5685,-9.0525,18h42m16.4s,-09°03′09.2″,,中國、中國(具名)、韓國
HIP 91755,恆星,5.02,280.6581,+55.5396,18h42m38.0s,+55°32′22.4″,,中國、中國(具名)、阿拉伯・蘇菲、韓國
HIP 91792,恆星,4.00,280.7589,-71.4288,18h43m02.1s,-71°25′43.8″,,中國、中國(具名)、西方/現代88星座
HIP 91845,恆星,4.89,280.8803,-8.2752,18h43m31.3s,-08°16′30.7″,,中國、中國(具名)、韓國
HIP 91875,恆星,5.11,280.9456,-38.3237,18h43m46.9s,-38°19′25.3″,,圖卡諾、西方/現代88星座、阿拉伯・古代、阿拉伯・蘇菲、阿拉伯・蘇菲(星群)、韓國
HIP 91918,恆星,4.87,281.0807,-35.6421,18h44m19.4s,-35°38′31.6″,,中國、中國(具名)、圖卡諾
HIP 91919,恆星,4.99,281.0848,+39.6704,18h44m20.4s,+39°40′13.5″,Double Double I,中國、中國(具名)、阿拉伯・古代、阿拉伯・蘇菲、阿拉伯・蘇菲(星群)、韓國
HIP 91926,恆星,5.23,281.0950,+39.6129,18h44m22.8s,+39°36′46.6″,Double Double II,中國(具名)、印度(星群)、印度吠陀
HIP 91971,恆星,4.36,281.1933,+37.6052,18h44m46.4s,+37°36′18.8″,Nasr Alwaki I,中國、中國(具名)、印度(星群)、印度吠陀、埃及、白俄羅斯、羅馬尼亞、西方/現代88星座、阿拉伯・古代、阿拉伯・蘇菲、阿拉伯・蘇菲(星群)、韓國
HIP 91973,恆星,5.58,281.2010,+37.5947,18h44m48.2s,+37°35′40.9″,Nasr Alwaki II,中國(具名)
HIP 91975,恆星,5.00,281.2081,+2.0600,18h44m49.9s,+02°03′35.9″,,中國(具名)、韓國
HIP 91989,恆星,5.44,281.2382,-39.6862,18h44m57.2s,-39°41′10.4″,,圖卡諾
HIP 92024,恆星,4.77,281.3624,-64.8719,18h45m27.0s,-64°52′18.9″,,中國(具名)
HIP 92041,恆星,3.14,281.4144,-26.9908,18h45m39.4s,-26°59′26.8″,Namalsadirah I,中國、中國(具名)、圖卡諾、日本月站、曼達爾、羅馬尼亞、西方/現代(星群)、西方/現代88星座、阿拉伯・古代、阿拉伯・月站、阿拉伯・蘇菲、阿拉伯・蘇菲(星群)、阿拉伯・阿拉伯半島、韓國
HIP 92043,恆星,4.19,281.4155,+20.5448,18h45m39.7s,+20°32′41.3″,,中國、中國(具名)、呂埃勒、韓國、黑腳族
HIP 92056,恆星,5.24,281.4449,+74.0859,18h45m46.8s,+74°05′09.3″,,韓國
HIP 92111,恆星,5.37,281.5860,-22.3922,18h46m20.6s,-22°23′31.8″,,羅馬尼亞
HIP 92112,恆星,5.36,281.5924,+75.4343,18h46m22.2s,+75°26′03.4″,,中國、中國(具名)、韓國
HIP 92117,恆星,5.90,281.6192,-0.9618,18h46m28.6s,-00°57′42.4″,,中國(具名)
HIP 92161,恆星,4.36,281.7556,+18.1820,18h47m01.3s,+18°10′55.3″,,中國、中國(具名)、韓國、黑腳族
HIP 92175,恆星,4.22,281.7936,-4.7479,18h47m10.5s,-04°44′52.6″,,中國、中國(具名)、呂埃勒、西方/現代88星座、韓國
HIP 92202,恆星,5.20,281.8704,-5.7053,18h47m28.9s,-05°42′19.1″,,西方/現代88星座、韓國
HIP 92226,恆星,5.22,281.9360,-40.4062,18h47m44.7s,-40°24′22.5″,,圖卡諾
HIP 92308,恆星,5.46,282.2105,-43.6801,18h48m50.5s,-43°40′48.4″,,中國、中國(具名)、阿拉伯・古代、阿拉伯・蘇菲、阿拉伯・蘇菲(星群)、韓國
HIP 92382,恆星,5.59,282.3958,-43.4342,18h49m35.0s,-43°26′03.2″,,圖卡諾
HIP 92390,恆星,5.21,282.4171,-20.3245,18h49m40.1s,-20°19′28.2″,,中國(具名)
HIP 92398,恆星,5.91,282.4413,+32.8128,18h49m45.9s,+32°48′46.1″,,中國(具名)
HIP 92405,恆星,5.23,282.4704,+32.5510,18h49m52.9s,+32°33′03.6″,,中國(具名)、阿拉伯・蘇菲
HIP 92420,恆星,3.42,282.5200,+33.3627,18h50m04.8s,+33°21′45.5″,Sheliak,中國、中國(具名)、呂埃勒、埃及、白俄羅斯、羅馬尼亞、西方/現代88星座、阿拉伯・古代、阿拉伯・蘇菲、阿拉伯・蘇菲(星群)、韓國
HIP 92480,恆星,6.61,282.7103,-22.1623,18h50m50.5s,-22°09′44.4″,,中國(具名)
HIP 92488,恆星,5.84,282.7438,-9.7741,18h50m58.5s,-09°46′26.8″,,中國(具名)
HIP 92501,恆星,6.88,282.7723,-3.2614,18h51m05.4s,-03°15′40.9″,,中國(具名)
HIP 92512,恆星,4.64,282.8011,+59.3885,18h51m12.3s,+59°23′18.5″,,中國、中國(具名)、呂埃勒、阿拉伯・蘇菲、韓國
HIP 92524,恆星,6.06,282.8423,-3.3180,18h51m22.2s,-03°19′04.6″,,中國(具名)
HIP 92602,恆星,6.58,283.0351,-21.9217,18h52m08.4s,-21°55′18.3″,,中國(具名)
HIP 92609,恆星,4.21,283.0543,-62.1877,18h52m13.0s,-62°11′15.5″,,中國、中國(具名)、西方/現代88星座
HIP 92614,恆星,5.39,283.0684,+21.4251,18h52m16.4s,+21°25′30.3″,,中國、中國(具名)
HIP 92689,恆星,4.92,283.3064,+50.7081,18h53m13.5s,+50°42′29.2″,,韓國
HIP 92728,恆星,5.57,283.4315,+36.9717,18h53m43.6s,+36°58′18.1″,,中國(具名)
HIP 92747,恆星,5.68,283.5004,-21.3599,18h54m00.1s,-21°21′35.7″,,中國(具名)
HIP 92761,恆星,4.84,283.5424,-22.7449,18h54m10.2s,-22°44′41.6″,Ainalrami,中國(具名)、阿拉伯・蘇菲
HIP 92782,恆星,4.81,283.6001,+71.2974,18h54m24.0s,+71°17′50.6″,Athafi I,中國、中國(具名)、阿拉伯・蘇菲、阿拉伯・蘇菲(星群)、韓國
HIP 92791,恆星,4.30,283.6261,+36.8986,18h54m30.3s,+36°53′55.1″,,中國、中國(具名)、呂埃勒、埃及、白俄羅斯、羅馬尼亞、西方/現代88星座、阿拉伯・蘇菲、韓國
HIP 92814,恆星,5.09,283.6796,-15.6031,18h54m43.1s,-15°36′11.0″,,西方/現代88星座
HIP 92818,恆星,4.60,283.6871,+22.6451,18h54m44.9s,+22°38′42.3″,,中國(具名)
HIP 92845,恆星,4.98,283.7802,-22.6714,18h55m07.3s,-22°40′17.1″,Ain al Rami II,中國(具名)
HIP 92855,恆星,2.07,283.8164,-26.2970,18h55m15.9s,-26°17′49.1″,Nunki,中國、中國(具名)、印度(星群)、印度吠陀、呂埃勒、圖卡諾、日本月站、曼達爾、羅馬尼亞、西方/現代(星群)、西方/現代88星座、阿努塔、阿拉伯・古代、阿拉伯・月站、阿拉伯・蘇菲、阿拉伯・蘇菲(星群)、阿拉伯・阿拉伯半島、韓國
HIP 92862,恆星,4.00,283.8339,+43.9465,18h55m20.1s,+43°56′47.2″,,中國、中國(具名)、韓國
HIP 92872,恆星,5.57,283.8645,+6.6149,18h55m27.5s,+06°36′53.7″,,中國(具名)
HIP 92946,恆星,4.57,284.0552,+4.2037,18h56m13.2s,+04°12′13.5″,Alya,中國、中國(具名)、呂埃勒、羅馬尼亞、西方/現代(星群)、西方/現代88星座、阿拉伯・蘇菲、韓國
HIP 92953,恆星,5.35,284.0705,-42.7108,18h56m16.9s,-42°42′38.9″,,圖卡諾、西方/現代88星座、阿拉伯・蘇菲、阿拉伯・蘇菲(星群)、韓國
HIP 92989,恆星,5.38,284.1687,-37.3434,18h56m40.5s,-37°20′36.1″,,中國、中國(具名)、圖卡諾、西方/現代88星座、阿拉伯・蘇菲、韓國
HIP 92997,恆星,5.66,284.1874,+57.8145,18h56m45.0s,+57°48′52.3″,,中國、中國(具名)
HIP 93015,恆星,4.40,284.2375,-67.2334,18h56m57.0s,-67°14′00.3″,,中國、中國(具名)、西方/現代88星座
HIP 93026,恆星,4.82,284.2656,-5.8465,18h57m03.7s,-05°50′47.4″,,中國、中國(具名)、韓國
HIP 93051,恆星,5.55,284.3191,+2.5353,18h57m16.6s,+02°32′07.1″,,中國(具名)
HIP 93056,恆星,7.56,284.3246,-44.3014,18h57m17.9s,-44°18′05.2″,,日本月站
HIP 93057,恆星,5.05,284.3353,-20.6564,18h57m20.5s,-20°39′22.9″,,中國(具名)
HIP 93085,恆星,3.51,284.4327,-21.1067,18h57m43.8s,-21°06′24.2″,,中國、中國(具名)、羅馬尼亞、西方/現代88星座、阿拉伯・古代、阿拉伯・月站、阿拉伯・蘇菲、阿拉伯・蘇菲(星群)、韓國
HIP 93134,恆星,6.08,284.5884,-31.0362,18h58m21.2s,-31°02′10.3″,,韓國
HIP 93163,恆星,5.14,284.6507,-60.2004,18h58m36.2s,-60°12′01.5″,,中國(具名)
HIP 93174,恆星,4.85,284.6800,-37.1078,18h58m43.2s,-37°06′28.0″,,中國、中國(具名)、圖卡諾、埃及、西方/現代88星座、阿拉伯・古代、阿拉伯・蘇菲、阿拉伯・蘇菲(星群)、韓國
HIP 93179,恆星,5.89,284.6955,+13.9064,18h58m46.9s,+13°54′23.2″,,中國(具名)
HIP 93194,恆星,3.25,284.7359,+32.6896,18h58m56.6s,+32°41′22.4″,Sulafat,中國、中國(具名)、呂埃勒、白俄羅斯、羅馬尼亞、西方/現代88星座、阿拉伯・蘇菲、阿拉伯・蘇菲(星群)、韓國
HIP 93203,恆星,5.26,284.7740,+13.6217,18h59m05.8s,+13°37′18.1″,,中國(具名)
HIP 93244,恆星,4.02,284.9054,+15.0680,18h59m37.3s,+15°04′04.7″,Deneb al Okab Borealis,中國(具名)、呂埃勒、西方/現代88星座、韓國
HIP 93279,恆星,4.93,285.0035,+32.1456,19h00m00.8s,+32°08′44.0″,,中國(具名)、阿拉伯・蘇菲
HIP 93340,恆星,5.51,285.1810,+55.6583,19h00m43.4s,+55°39′29.8″,,中國、中國(具名)
HIP 93408,恆星,5.01,285.3601,+46.9344,19h01m26.4s,+46°56′03.9″,,中國(具名)
HIP 93429,恆星,4.02,285.4200,-5.7393,19h01m40.8s,-05°44′21.4″,,中國、中國(具名)、呂埃勒、韓國
HIP 93506,恆星,2.59,285.6528,-29.8801,19h02m36.7s,-29°52′48.5″,Ascella,中國、中國(具名)、印度(星群)、印度吠陀、呂埃勒、圖卡諾、日本月站、西方/現代(星群)、西方/現代88星座、阿拉伯・古代、阿拉伯・月站、阿拉伯・蘇菲、阿拉伯・蘇菲(星群)、阿拉伯・阿拉伯半島、韓國
HIP 93526,恆星,5.40,285.7272,-3.6990,19h02m54.5s,-03°41′56.2″,,中國、中國(具名)、韓國
HIP 93542,恆星,4.72,285.7790,-42.0953,19h03m07.0s,-42°05′43.1″,,中國、中國(具名)、圖卡諾、埃及、西方/現代88星座、阿拉伯・古代、阿拉伯・蘇菲、阿拉伯・蘇菲(星群)、韓國
HIP 93667,恆星,5.48,286.1044,-31.0472,19h04m25.1s,-31°02′49.8″,,韓國
HIP 93683,恆星,3.77,286.1711,-21.7418,19h04m41.1s,-21°44′30.3″,,中國、中國(具名)、呂埃勒、羅馬尼亞、西方/現代88星座、阿拉伯・古代、阿拉伯・月站、阿拉伯・蘇菲、阿拉伯・蘇菲(星群)、韓國
HIP 93713,恆星,5.38,286.2298,+53.3968,19h04m55.2s,+53°23′48.3″,,中國、中國(具名)
HIP 93717,恆星,5.39,286.2404,-4.0315,19h04m57.7s,-04°01′53.5″,,中國、中國(具名)
HIP 93747,恆星,2.99,286.3525,+13.8631,19h05m24.6s,+13°51′47.0″,Okab,中國、中國(具名)、呂埃勒、西方/現代88星座、阿拉伯・蘇菲、韓國
HIP 93805,恆星,3.43,286.5622,-4.8830,19h06m14.9s,-04°52′58.7″,Al Thalimain Prior,中國、中國(具名)、呂埃勒、西方/現代88星座、阿拉伯・蘇菲(星群)、韓國
HIP 93825,恆星,4.53,286.6053,-37.0645,19h06m25.3s,-37°03′52.4″,,中國、中國(具名)、圖卡諾、埃及、西方/現代88星座、阿拉伯・古代、阿拉伯・蘇菲、阿拉伯・蘇菲(星群)、韓國
HIP 93864,恆星,3.31,286.7347,-27.6715,19h06m56.3s,-27°40′17.5″,Namalsadirah II,中國、中國(具名)、呂埃勒、圖卡諾、日本月站、西方/現代(星群)、西方/現代88星座、阿拉伯・古代、阿拉伯・月站、阿拉伯・蘇菲、阿拉伯・蘇菲(星群)、阿拉伯・阿拉伯半島、韓國
HIP 93867,恆星,5.09,286.7442,+11.0711,19h06m58.6s,+11°04′16.0″,,中國(具名)
HIP 93903,恆星,5.25,286.8255,+36.1001,19h07m18.1s,+36°06′00.5″,,中國、中國(具名)
HIP 93917,恆星,5.22,286.8572,+32.5018,19h07m25.7s,+32°30′06.6″,,中國(具名)
HIP 93975,恆星,6.21,287.0149,+21.6993,19h08m03.6s,+21°41′57.4″,,中國(具名)
HIP 94005,恆星,4.57,287.0877,-40.4968,19h08m21.0s,-40°29′48.5″,,中國、中國(具名)、圖卡諾、西方/現代88星座、阿拉伯・古代、阿拉伯・蘇菲、阿拉伯・蘇菲(星群)、韓國
HIP 94068,恆星,5.23,287.2496,+6.0729,19h08m59.9s,+06°04′22.3″,,中國(具名)
HIP 94083,恆星,5.11,287.2922,+76.5600,19h09m10.1s,+76°33′35.9″,,中國、中國(具名)
HIP 94114,恆星,4.09,287.3686,-37.9049,19h09m28.5s,-37°54′17.7″,Meridiana,中國、中國(具名)、圖卡諾、埃及、西方/現代88星座、阿拉伯・古代、阿拉伯・蘇菲、阿拉伯・蘇菲(星群)、韓國
HIP 94140,恆星,6.26,287.4409,+65.9786,19h09m45.8s,+65°58′43.1″,,中國(具名)
HIP 94141,恆星,2.88,287.4410,-21.0238,19h09m45.8s,-21°01′25.6″,Albaldah,中國、中國(具名)、呂埃勒、羅馬尼亞、阿努塔、阿拉伯・古代、阿拉伯・月站、阿拉伯・蘇菲、阿拉伯・蘇菲(星群)、韓國
HIP 94160,恆星,4.09,287.5073,-39.3410,19h10m01.8s,-39°20′27.5″,,中國、中國(具名)、圖卡諾、埃及、西方/現代88星座、阿拉伯・古代、阿拉伯・蘇菲、阿拉伯・蘇菲(星群)、韓國
HIP 94302,恆星,5.12,287.9193,+56.8594,19h11m40.6s,+56°51′33.9″,,中國(具名)
HIP 94376,恆星,3.07,288.1399,+67.6619,19h12m33.6s,+67°39′43.0″,Altais,中國、中國(具名)、呂埃勒、埃及、白俄羅斯、羅馬尼亞、西方/現代88星座、阿拉伯・古代、阿拉伯・古代(具名)、阿拉伯・蘇菲、韓國
HIP 94382,恆星,6.04,288.1531,+21.5546,19h12m36.7s,+21°33′16.6″,,中國(具名)
HIP 94385,恆星,5.34,288.1697,-7.9395,19h12m40.7s,-07°56′22.4″,,中國(具名)
HIP 94477,恆星,5.15,288.4280,+2.2937,19h13m42.7s,+02°17′37.3″,,中國(具名)
HIP 94481,恆星,4.40,288.4395,+39.1460,19h13m45.5s,+39°08′45.5″,Aladfar,中國、中國(具名)、阿拉伯・蘇菲、韓國
HIP 94484,恆星,7.12,288.4691,+36.4243,19h13m52.6s,+36°25′27.4″,,中國(具名)
HIP 94490,恆星,5.00,288.4796,+57.7048,19h13m55.1s,+57°42′17.1″,,中國(具名)
HIP 94620,恆星,5.64,288.8225,+21.2322,19h15m17.4s,+21°13′55.7″,,中國(具名)
HIP 94643,恆星,4.86,288.8853,-25.2568,19h15m32.5s,-25°15′24.5″,Al Kiladah,中國(具名)、阿拉伯・蘇菲
HIP 94648,恆星,4.45,288.8854,+73.3559,19h15m32.5s,+73°21′21.4″,Athafi II,中國、中國(具名)、白俄羅斯、羅馬尼亞、西方/現代88星座、阿拉伯・蘇菲、阿拉伯・蘇菲(星群)、韓國
HIP 94703,恆星,4.77,289.0543,+21.3904,19h16m13.0s,+21°23′25.5″,,中國(具名)
HIP 94713,恆星,4.38,289.0920,+38.1338,19h16m22.1s,+38°08′01.5″,,中國、中國(具名)、阿拉伯・蘇菲
HIP 94727,恆星,5.57,289.1294,+4.8347,19h16m31.0s,+04°50′05.1″,,中國(具名)
HIP 94779,恆星,3.76,289.2761,+53.3690,19h17m06.3s,+53°22′08.4″,Fawaris I,中國、中國(具名)、呂埃勒、蒙古、西方/現代88星座、阿拉伯・古代、阿拉伯・古代(具名)、阿拉伯・月站(具名)、阿拉伯・蘇菲、阿拉伯・蘇菲(星群)、韓國
HIP 94820,恆星,4.88,289.4086,-18.9530,19h17m38.1s,-18°57′10.6″,,中國、中國(具名)、羅馬尼亞、西方/現代88星座、阿拉伯・古代、阿拉伯・月站、阿拉伯・蘇菲、阿拉伯・蘇菲(星群)、韓國
HIP 94823,恆星,7.04,289.4166,-15.9672,19h17m40.0s,-15°58′02.0″,,中國(具名)
HIP 94827,恆星,5.43,289.4318,+23.0255,19h17m43.6s,+23°01′31.8″,,中國(具名)
HIP 94834,恆星,5.28,289.4542,+11.5955,19h17m49.0s,+11°35′43.7″,,中國(具名)
HIP 94859,恆星,6.97,289.5456,-18.8639,19h18m10.9s,-18°51′49.9″,,中國(具名)
HIP 94982,恆星,5.52,289.9140,+12.3748,19h19m39.4s,+12°22′29.1″,,中國(具名)
HIP 95066,恆星,4.99,290.1376,-5.4156,19h20m33.0s,-05°24′56.0″,,中國(具名)
HIP 95073,恆星,5.45,290.1487,-0.8921,19h20m35.7s,-00°53′31.7″,,中國(具名)
HIP 95081,恆星,4.59,290.1672,+65.7147,19h20m40.1s,+65°42′53.0″,Tais I,中國、中國(具名)、呂埃勒、阿拉伯・蘇菲、阿拉伯・蘇菲(星群)、韓國
HIP 95168,恆星,3.93,290.4180,-17.8471,19h21m40.3s,-17°50′49.6″,,中國、中國(具名)、羅馬尼亞、西方/現代88星座、阿拉伯・古代、阿拉伯・月站、阿拉伯・蘇菲、阿拉伯・蘇菲(星群)、韓國
HIP 95176,恆星,4.61,290.4318,-15.9550,19h21m43.6s,-15°57′18.2″,,中國、中國(具名)、阿拉伯・古代、阿拉伯・月站、阿拉伯・蘇菲、阿拉伯・蘇菲(星群)、韓國
HIP 95188,恆星,5.84,290.4625,-18.3088,19h21m51.0s,-18°18′31.7″,,中國(具名)
HIP 95241,恆星,4.01,290.6596,-44.4590,19h22m38.3s,-44°27′32.5″,Arkab Prior,中國、中國(具名)、埃及、阿拉伯・蘇菲、阿拉伯・蘇菲(具名)
HIP 95260,恆星,5.19,290.7120,+26.2624,19h22m50.9s,+26°15′44.5″,,中國(具名)
HIP 95291,恆星,7.11,290.8009,+20.2784,19h23m12.2s,+20°16′42.2″,,西方/現代(星群)
HIP 95294,恆星,4.27,290.8053,-44.8000,19h23m13.3s,-44°48′00.1″,Arkab Posterior,中國、中國(具名)、西方/現代88星座
HIP 95340,恆星,6.39,290.9456,+20.2644,19h23m46.9s,+20°15′51.7″,,西方/現代(星群)
HIP 95347,恆星,3.94,290.9718,-40.6165,19h23m53.2s,-40°36′59.3″,Rukbat,中國、中國(具名)、埃及、西方/現代88星座、阿拉伯・蘇菲
HIP 95372,恆星,4.98,291.0316,+29.6214,19h24m07.6s,+29°37′17.0″,,中國(具名)
HIP 95398,恆星,6.25,291.0919,+16.9376,19h24m22.1s,+16°56′15.5″,,中國(具名)
HIP 95432,恆星,7.16,291.1849,+19.9395,19h24m44.4s,+19°56′22.1″,,西方/現代(星群)
HIP 95435,恆星,6.84,291.1894,+16.9570,19h24m45.4s,+16°57′25.0″,,中國(具名)
HIP 95447,恆星,5.15,291.2458,+11.9473,19h24m59.0s,+11°56′50.2″,,中國(具名)
HIP 95477,恆星,5.01,291.3189,-24.5088,19h25m16.5s,-24°30′31.7″,Namalsadirah III,中國、中國(具名)、阿拉伯・蘇菲、韓國
HIP 95486,恆星,7.28,291.3431,-24.4121,19h25m22.3s,-24°24′43.6″,,中國(具名)
HIP 95487,恆星,6.29,291.3433,+20.2716,19h25m22.4s,+20°16′17.9″,,西方/現代(星群)
HIP 95492,恆星,6.18,291.3565,+24.9100,19h25m25.6s,+24°54′35.9″,,中國(具名)
HIP 95498,恆星,5.16,291.3696,+19.7980,19h25m28.7s,+19°47′52.9″,,中國(具名)、西方/現代(星群)
HIP 95501,恆星,3.36,291.3757,+3.1151,19h25m30.2s,+03°06′54.5″,Almizan I,中國、中國(具名)、呂埃勒、西方/現代(星群)、西方/現代88星座、韓國
HIP 95503,恆星,5.43,291.3735,-23.9625,19h25m29.6s,-23°57′45.0″,Namalsadirah IV,中國(具名)、阿拉伯・古代、阿拉伯・月站
HIP 95556,恆星,5.15,291.5381,+36.3180,19h26m09.1s,+36°19′04.6″,,中國、中國(具名)
HIP 95560,恆星,5.59,291.5552,+20.0976,19h26m13.3s,+20°05′51.3″,,中國(具名)、西方/現代(星群)
HIP 95564,恆星,5.57,291.5800,-21.7767,19h26m19.2s,-21°46′36.2″,,中國(具名)、阿拉伯・古代、阿拉伯・月站、阿拉伯・蘇菲(星群)
HIP 95577,恆星,7.01,291.6152,-21.2460,19h26m27.6s,-21°14′45.8″,,阿拉伯・蘇菲(星群)
HIP 95582,恆星,5.87,291.6195,+19.8913,19h26m28.7s,+19°53′28.6″,,西方/現代(星群)
HIP 95584,恆星,6.62,291.6275,+20.2590,19h26m30.6s,+20°15′32.3″,,西方/現代(星群)
HIP 95585,恆星,4.72,291.6295,+0.3386,19h26m31.1s,+00°20′18.8″,,中國、中國(具名)、韓國
HIP 95645,恆星,7.95,291.8269,-23.3473,19h27m18.5s,-23°20′50.2″,,阿拉伯・蘇菲(星群)
HIP 95656,恆星,5.75,291.8581,+52.3203,19h27m25.9s,+52°19′13.1″,,中國(具名)
HIP 95700,恆星,6.88,291.9753,+20.2473,19h27m54.1s,+20°14′50.5″,,西方/現代(星群)
HIP 95744,恆星,7.12,292.1091,+24.9954,19h28m26.2s,+24°59′43.3″,,中國(具名)
HIP 95771,恆星,4.45,292.1758,+24.6644,19h28m42.2s,+24°39′52.0″,Anser,中國(具名)、呂埃勒、西方/現代88星座
HIP 95785,恆星,5.81,292.2379,+24.7688,19h28m57.1s,+24°46′07.5″,,中國(具名)
HIP 95793,恆星,5.78,292.2541,+1.9503,19h29m01.0s,+01°57′01.1″,,中國(具名)
HIP 95818,恆星,6.33,292.3371,+20.2797,19h29m20.9s,+20°16′46.8″,,中國(具名)、西方/現代(星群)
HIP 95853,恆星,3.75,292.4266,+51.7303,19h29m42.4s,+51°43′49.2″,,中國、中國(具名)、羅馬尼亞、蒙古、西方/現代88星座、阿拉伯・蘇菲、韓國
HIP 95865,恆星,5.49,292.4676,-26.9858,19h29m52.2s,-26°59′08.9″,,阿努塔
HIP 95937,恆星,5.03,292.6661,-2.7889,19h30m39.9s,-02°47′20.2″,,中國(具名)
HIP 95947,恆星,3.08,292.6803,+27.9596,19h30m43.3s,+27°57′34.6″,Albireo,中國(具名)、呂埃勒、夏威夷星線、夏威夷星線(具名)、白俄羅斯、羅馬尼亞、蒙古、薩丁尼亞、西方/現代(星群)、西方/現代88星座、阿拉伯・蘇菲、阿拉伯・蘇菲(具名)、阿拉伯・阿拉伯半島
HIP 96044,恆星,7.17,292.9275,-19.3865,19h31m42.6s,-19°23′11.5″,,阿拉伯・蘇菲(星群)
HIP 96052,恆星,4.72,292.9430,+34.4530,19h31m46.3s,+34°27′10.6″,,中國(具名)
HIP 96081,恆星,6.87,293.0229,+25.5965,19h32m05.5s,+25°35′47.5″,,中國(具名)
HIP 96100,恆星,4.68,293.0976,+69.6535,19h32m23.4s,+69°39′12.4″,Alsafi,中國、中國(具名)、阿拉伯・蘇菲、阿拉伯・蘇菲(星群)、韓國
HIP 96229,恆星,4.45,293.5233,+7.3782,19h34m05.6s,+07°22′41.7″,,中國、中國(具名)、阿拉伯・蘇菲、韓國
HIP 96274,恆星,6.47,293.6414,-23.8589,19h34m33.9s,-23°51′31.9″,,阿拉伯・蘇菲(星群)
HIP 96275,恆星,5.00,293.6455,+19.7734,19h34m34.9s,+19°46′24.3″,,中國(具名)
HIP 96327,恆星,5.12,293.7803,-10.5605,19h35m07.3s,-10°33′37.6″,,中國(具名)、韓國
HIP 96387,恆星,6.03,293.9513,+36.9445,19h35m48.3s,+36°56′40.3″,,中國(具名)
HIP 96392,恆星,6.98,293.9611,-2.4560,19h35m50.7s,-02°27′21.5″,,中國、中國(具名)
HIP 96406,恆星,5.64,294.0069,-24.7192,19h36m01.7s,-24°43′09.1″,,中國(具名)、西方/現代88星座
HIP 96440,恆星,6.12,294.1088,-18.8530,19h36m26.1s,-18°51′10.7″,,阿拉伯・古代、阿拉伯・月站、阿拉伯・蘇菲(星群)
HIP 96441,恆星,4.48,294.1105,+50.2223,19h36m26.5s,+50°13′20.2″,,中國、中國(具名)、呂埃勒、韓國
HIP 96465,恆星,4.60,294.1771,-24.8837,19h36m42.5s,-24°53′01.4″,,中國、中國(具名)、阿拉伯・蘇菲、韓國
HIP 96468,恆星,4.36,294.1803,-1.2867,19h36m43.3s,-01°17′12.1″,Al Thalimain Posterior,中國、中國(具名)、呂埃勒、阿拉伯・蘇菲(星群)、韓國
HIP 96483,恆星,4.96,294.2227,-7.0275,19h36m53.4s,-07°01′39.0″,,中國、中國(具名)、呂埃勒、韓國
HIP 96516,恆星,5.66,294.3225,+16.4629,19h37m17.4s,+16°27′46.3″,,中國(具名)
HIP 96556,恆星,5.68,294.4476,-4.6479,19h37m47.4s,-04°38′52.4″,,中國、中國(具名)
HIP 96665,恆星,5.17,294.7985,+5.3978,19h39m11.6s,+05°23′51.9″,,中國、中國(具名)、阿拉伯・蘇菲、韓國
HIP 96683,恆星,4.67,294.8442,+30.1535,19h39m22.6s,+30°09′12.5″,,中國(具名)、阿拉伯・蘇菲
HIP 96693,恆星,5.40,294.8605,+42.8184,19h39m26.5s,+42°49′06.3″,,中國(具名)
HIP 96729,恆星,6.32,294.9561,-23.4278,19h39m49.5s,-23°25′40.2″,,中國(具名)
HIP 96757,恆星,4.38,295.0242,+18.0138,19h40m05.8s,+18°00′49.7″,Sham,中國、中國(具名)、呂埃勒、西方/現代88星座、阿拉伯・蘇菲、韓國
HIP 96760,恆星,5.96,295.0300,-23.4291,19h40m07.2s,-23°25′44.9″,,阿拉伯・古代、阿拉伯・月站、阿拉伯・蘇菲(星群)
HIP 96807,恆星,5.64,295.1806,-0.6212,19h40m43.3s,-00°37′16.3″,,中國(具名)
HIP 96808,恆星,5.30,295.1811,-16.2935,19h40m43.5s,-16°17′36.6″,,中國(具名)
HIP 96837,恆星,4.38,295.2623,+17.4759,19h41m02.9s,+17°28′33.2″,,中國、中國(具名)、呂埃勒、西方/現代88星座、阿拉伯・蘇菲、韓國
HIP 96895,恆星,5.95,295.4529,+50.5244,19h41m48.7s,+50°31′27.7″,,中國、中國(具名)
HIP 96931,恆星,6.32,295.5534,+12.1932,19h42m12.8s,+12°11′35.6″,,中國(具名)
HIP 96950,恆星,5.04,295.6300,-16.1240,19h42m31.2s,-16°07′26.5″,,中國、中國(具名)、阿拉伯・蘇菲、韓國
HIP 96957,恆星,5.31,295.6417,+11.8265,19h42m34.0s,+11°49′35.5″,,中國(具名)
HIP 96984,恆星,7.78,295.7011,+17.9682,19h42m48.3s,+17°58′05.6″,,阿拉伯・蘇菲
HIP 97031,恆星,8.55,295.8011,-19.1121,19h43m12.3s,-19°06′43.7″,,阿拉伯・蘇菲(星群)
HIP 97077,恆星,5.50,295.9289,+25.7720,19h43m42.9s,+25°46′19.2″,,中國(具名)
HIP 97118,恆星,4.89,296.0696,+37.3545,19h44m16.7s,+37°21′16.2″,,中國(具名)、韓國
HIP 97138,恆星,7.46,296.1361,-22.8558,19h44m32.7s,-22°51′20.9″,,阿拉伯・蘇菲(星群)
HIP 97139,恆星,6.24,296.1425,+13.3027,19h44m34.2s,+13°18′09.9″,,中國(具名)
HIP 97165,恆星,2.87,296.2439,+45.1310,19h44m58.5s,+45°07′51.7″,Fawaris,中國、中國(具名)、呂埃勒、夏威夷星線、夏威夷星線(具名)、白俄羅斯、羅馬尼亞、蒙古、薩丁尼亞、西方/現代(星群)、西方/現代88星座、阿拉伯・古代、阿拉伯・古代(具名)、阿拉伯・月站(具名)、阿拉伯・蘇菲、阿拉伯・蘇菲(星群)、阿拉伯・阿拉伯半島、韓國
HIP 97229,恆星,5.91,296.4167,+7.6132,19h45m40.0s,+07°36′47.4″,,中國(具名)
HIP 97278,恆星,2.72,296.5650,+10.6133,19h46m15.6s,+10°36′47.7″,Tarazed,中國、中國(具名)、印度(星群)、印度吠陀、呂埃勒、因紐特、圖卡諾、埃及、羅馬尼亞、西方/現代88星座、阿努塔、阿拉伯・古代、阿拉伯・蘇菲、阿拉伯・蘇菲(星群)、韓國、韓國(具名)
HIP 97290,恆星,4.87,296.5900,-19.7615,19h46m21.6s,-19°45′41.5″,,中國、中國(具名)、阿拉伯・古代、阿拉伯・月站、阿拉伯・蘇菲、阿拉伯・蘇菲(星群)、韓國
HIP 97295,恆星,4.98,296.6068,+33.7256,19h46m25.6s,+33°43′32.2″,,中國、中國(具名)
HIP 97365,恆星,3.81,296.8470,+18.5343,19h47m23.3s,+18°32′03.5″,,中國、中國(具名)、呂埃勒、西方/現代88星座、阿拉伯・蘇菲、韓國
HIP 97417,恆星,6.67,296.9999,-20.9576,19h47m60.0s,-20°57′27.4″,,阿拉伯・蘇菲(星群)
HIP 97433,恆星,3.91,297.0442,+70.2681,19h48m10.6s,+70°16′05.2″,Tyl,中國、中國(具名)、白俄羅斯、羅馬尼亞、西方/現代88星座、阿拉伯・古代、阿拉伯・古代(具名)、阿拉伯・蘇菲、韓國
HIP 97473,恆星,6.23,297.1753,+11.8159,19h48m42.1s,+11°48′57.1″,,中國(具名)
HIP 97496,恆星,5.03,297.2445,+19.1422,19h48m58.7s,+19°08′31.8″,,中國、中國(具名)、阿拉伯・蘇菲
HIP 97630,恆星,5.12,297.6417,+38.7229,19h50m34.0s,+38°43′22.4″,,中國(具名)
HIP 97635,恆星,5.03,297.6571,+52.9877,19h50m37.7s,+52°59′15.7″,,中國(具名)
HIP 97649,恆星,0.76,297.6982,+8.8700,19h50m47.6s,+08°52′12.1″,Altair,中國、中國(具名)、印度(星群)、印度吠陀、印度吠陀(具名)、呂埃勒、因紐特、圖卡諾、埃及、夏威夷星線、夏威夷星線(具名)、布吉斯(具名)、毛利(具名)、羅馬尼亞、蒙古、薩米、西方/現代(星群)、西方/現代88星座、阿努塔、阿拉伯・古代、阿拉伯・古代(具名)、阿拉伯・月站(具名)、阿拉伯・蘇菲、阿拉伯・蘇菲(具名)、阿拉伯・蘇菲(星群)、阿拉伯・阿拉伯半島(具名)、韓國、韓國(具名)
HIP 97650,恆星,5.39,297.6948,-10.7634,19h50m46.7s,-10°45′48.1″,,中國(具名)
HIP 97675,恆星,5.10,297.7579,+10.4151,19h51m01.9s,+10°24′54.4″,,中國(具名)、韓國
HIP 97679,恆星,4.96,297.7672,+22.6100,19h51m04.1s,+22°36′35.9″,,中國(具名)、西方/現代(星群)
HIP 97749,恆星,5.33,297.9610,-39.8744,19h51m50.6s,-39°52′27.9″,,埃及
HIP 97783,恆星,5.90,298.0500,-19.0453,19h52m12.0s,-19°02′43.0″,,中國(具名)
HIP 97796,恆星,6.23,298.0907,+18.6718,19h52m21.8s,+18°40′18.6″,,中國(具名)
HIP 97804,恆星,3.80,298.1182,+1.0056,19h52m28.4s,+01°00′20.2″,Almizan II,中國、中國(具名)、呂埃勒、西方/現代(星群)、西方/現代88星座、韓國
HIP 97870,恆星,5.13,298.3225,+57.5235,19h53m17.4s,+57°31′24.7″,,中國(具名)
HIP 97886,恆星,4.64,298.3655,+24.0798,19h53m27.7s,+24°04′47.2″,,中國(具名)、呂埃勒、西方/現代(星群)
HIP 97892,恆星,6.06,298.3980,+59.7089,19h53m35.5s,+59°42′32.1″,,阿拉伯・古代、阿拉伯・蘇菲(星群)
HIP 97928,恆星,5.79,298.5345,-8.5743,19h54m08.3s,-08°34′27.5″,,中國、中國(具名)
HIP 97938,恆星,4.71,298.5625,+8.4611,19h54m15.0s,+08°27′39.9″,Libertas,中國(具名)、阿拉伯・蘇菲、韓國
HIP 97966,恆星,5.71,298.6569,-8.2274,19h54m37.7s,-08°13′38.7″,,中國(具名)
HIP 97980,恆星,5.63,298.6868,+0.2736,19h54m44.8s,+00°16′24.8″,,中國、中國(具名)
HIP 98032,恆星,4.13,298.8155,-41.8680,19h55m15.7s,-41°52′04.9″,,中國(具名)、埃及、西方/現代88星座、阿拉伯・蘇菲、阿拉伯・蘇菲(星群)
HIP 98036,恆星,3.71,298.8285,+6.4046,19h55m18.8s,+06°24′16.7″,Alshain,中國、中國(具名)、印度(星群)、印度吠陀、呂埃勒、圖卡諾、羅馬尼亞、西方/現代88星座、阿努塔、阿拉伯・古代、阿拉伯・蘇菲、阿拉伯・蘇菲(星群)、韓國、韓國(具名)
HIP 98066,恆星,4.70,298.9608,-26.2991,19h55m50.6s,-26°17′56.9″,Terebellum,中國、中國(具名)、西方/現代(星群)、阿拉伯・蘇菲
HIP 98068,恆星,4.95,298.9657,+38.4867,19h55m51.8s,+38°29′12.1″,,中國(具名)
HIP 98073,恆星,4.96,298.9807,+58.8459,19h55m55.4s,+58°50′45.2″,,中國(具名)、阿拉伯・古代、阿拉伯・蘇菲(星群)
HIP 98085,恆星,5.36,299.0053,+16.6348,19h56m01.3s,+16°38′05.1″,,中國(具名)
HIP 98103,恆星,5.28,299.0595,+11.4237,19h56m14.3s,+11°25′25.5″,,中國(具名)、阿拉伯・蘇菲
HIP 98110,恆星,3.88,299.0764,+35.0833,19h56m18.3s,+35°04′59.9″,,中國(具名)、羅馬尼亞、蒙古、薩丁尼亞、西方/現代(星群)、西方/現代88星座、阿拉伯・蘇菲、韓國
HIP 98162,恆星,4.53,299.2368,-27.1700,19h56m56.8s,-27°10′11.9″,Terebellum II,中國、中國(具名)、西方/現代(星群)
HIP 98234,恆星,5.53,299.4394,+16.7892,19h57m45.5s,+16°47′21.3″,,中國、中國(具名)
HIP 98258,恆星,5.00,299.4877,-15.4920,19h57m57.0s,-15°29′31.1″,,中國(具名)、阿拉伯・蘇菲
HIP 98337,恆星,3.47,299.6896,+19.4922,19h58m45.5s,+19°29′32.1″,,中國、中國(具名)、呂埃勒、西方/現代88星座、阿拉伯・蘇菲、韓國
HIP 98353,恆星,4.85,299.7385,-26.1956,19h58m57.2s,-26°11′44.3″,Terebellum III,中國、中國(具名)、西方/現代(星群)、阿拉伯・蘇菲
HIP 98375,恆星,5.66,299.7936,+23.1013,19h59m10.5s,+23°06′04.7″,,中國(具名)、西方/現代(星群)
HIP 98401,恆星,6.20,299.9021,+76.4811,19h59m36.5s,+76°28′52.1″,,中國、中國(具名)
HIP 98412,恆星,4.37,299.9341,-35.2764,19h59m44.2s,-35°16′35.1″,,中國(具名)、西方/現代88星座、阿拉伯・蘇菲、阿拉伯・蘇菲(星群)
HIP 98421,恆星,5.30,299.9646,-34.6981,19h59m51.5s,-34°41′53.2″,,中國(具名)
HIP 98425,恆星,5.19,299.9800,+37.0429,19h59m55.2s,+37°02′34.4″,,中國(具名)
HIP 98438,恆星,5.35,300.0138,+17.5164,20h00m03.3s,+17°30′59.2″,,中國、中國(具名)、韓國
HIP 98495,恆星,3.94,300.1494,-72.9111,20h00m35.8s,-72°54′39.9″,,中國、中國(具名)、呂埃勒、西方/現代88星座
HIP 98543,恆星,4.65,300.2755,+27.7536,20h01m06.1s,+27°45′12.9″,,中國(具名)、呂埃勒、西方/現代88星座
HIP 98571,恆星,5.05,300.3400,+50.1047,20h01m21.6s,+50°06′17.0″,,中國(具名)
HIP 98583,恆星,5.27,300.3690,+64.8209,20h01m28.6s,+64°49′15.3″,,中國、中國(具名)
HIP 98609,恆星,5.87,300.4363,+24.8004,20h01m44.7s,+24°48′01.5″,,中國(具名)
HIP 98633,恆星,5.69,300.4943,-13.6372,20h01m58.6s,-13°38′13.8″,,中國(具名)
HIP 98636,恆星,5.96,300.5065,+24.9383,20h02m01.6s,+24°56′17.8″,,中國(具名)、西方/現代(星群)
HIP 98658,恆星,6.25,300.5847,+64.6345,20h02m20.3s,+64°38′04.1″,,中國(具名)
HIP 98688,恆星,4.58,300.6647,-27.7098,20h02m39.5s,-27°42′35.2″,Terebellum IV,中國、中國(具名)、西方/現代(星群)、西方/現代88星座、阿拉伯・蘇菲
HIP 98702,恆星,4.50,300.7046,+67.8738,20h02m49.1s,+67°52′25.6″,Tais II,中國、中國(具名)、阿拉伯・蘇菲、阿拉伯・蘇菲(星群)、韓國
HIP 98738,恆星,5.97,300.8184,+18.5009,20h03m16.4s,+18°30′03.3″,,韓國
HIP 98754,恆星,5.66,300.8751,+16.0312,20h03m30.0s,+16°01′52.4″,,中國、中國(具名)、韓國
HIP 98761,恆星,4.76,300.8898,-37.9411,20h03m33.6s,-37°56′27.8″,,中國(具名)
HIP 98819,恆星,5.79,301.0241,+17.0683,20h04m05.8s,+17°04′06.0″,,中國(具名)、韓國
HIP 98823,恆星,5.51,301.0347,+7.2780,20h04m08.3s,+07°16′40.9″,,中國(具名)、阿拉伯・蘇菲、韓國
HIP 98842,恆星,4.99,301.0819,-32.0564,20h04m19.7s,-32°03′22.9″,,中國(具名)
HIP 98844,恆星,5.68,301.0964,-0.7098,20h04m23.1s,-00°42′35.4″,,中國、中國(具名)
HIP 98910,恆星,6.39,301.2725,-11.5995,20h05m05.4s,-11°35′58.1″,,中國(具名)
HIP 98920,恆星,5.09,301.2897,+19.9914,20h05m09.5s,+19°59′29.1″,,中國(具名)、西方/現代88星座
HIP 98953,恆星,6.53,301.3598,-12.6654,20h05m26.3s,-12°39′55.4″,,中國(具名)
HIP 98962,恆星,5.41,301.3882,+61.9957,20h05m33.2s,+61°59′44.6″,,中國(具名)、阿拉伯・古代、阿拉伯・蘇菲(星群)
HIP 99031,恆星,5.37,301.5895,+35.9705,20h06m21.5s,+35°58′13.8″,,中國(具名)
HIP 99080,恆星,5.06,301.7226,+23.6144,20h06m53.4s,+23°36′51.9″,,中國(具名)、西方/現代(星群)
HIP 99171,恆星,5.97,302.0081,-0.6785,20h08m01.9s,-00°40′42.5″,,中國(具名)
HIP 99240,恆星,3.56,302.1950,-66.1871,20h08m46.8s,-66°11′13.5″,,中國、中國(具名)、呂埃勒、西方/現代88星座
HIP 99255,恆星,4.40,302.2225,+77.7115,20h08m53.4s,+77°42′41.5″,Al Aghnam I,中國(具名)、埃及、阿拉伯・古代、阿拉伯・蘇菲、阿拉伯・蘇菲(星群)、韓國
HIP 99303,恆星,4.93,302.3568,+36.8397,20h09m25.6s,+36°50′22.8″,,中國(具名)
HIP 99352,恆星,6.52,302.4863,+20.9155,20h09m56.7s,+20°54′55.7″,,中國(具名)
HIP 99404,恆星,5.51,302.6398,+26.9042,20h10m33.6s,+26°54′15.2″,,中國(具名)
HIP 99461,恆星,5.32,302.8023,-36.1082,20h11m12.5s,-36°06′29.6″,,中國(具名)
HIP 99473,恆星,3.22,302.8264,-0.8214,20h11m18.3s,-00°49′17.2″,Almizan III,中國、中國(具名)、呂埃勒、西方/現代(星群)、西方/現代88星座、韓國
HIP 99500,恆星,5.70,302.8966,+62.0789,20h11m35.2s,+62°04′43.9″,,中國(具名)
HIP 99518,恆星,5.49,302.9499,+26.8089,20h11m48.0s,+26°48′32.2″,,中國(具名)
HIP 99529,恆星,6.34,302.9912,-12.3925,20h11m57.9s,-12°23′32.9″,,中國(具名)
HIP 99531,恆星,5.92,303.0029,+26.4788,20h12m00.7s,+26°28′43.5″,,中國(具名)
HIP 99572,恆星,5.85,303.1087,-12.6184,20h12m26.1s,-12°37′06.1″,,中國、中國(具名)、阿拉伯・蘇菲
HIP 99628,恆星,8.51,303.2952,+36.7255,20h13m10.9s,+36°43′31.7″,,西方/現代(星群)
HIP 99631,恆星,5.47,303.3079,-1.0095,20h13m13.9s,-01°00′34.0″,,中國(具名)
HIP 99639,恆星,4.82,303.3253,+46.8157,20h13m18.1s,+46°48′56.4″,,中國、中國(具名)
HIP 99655,恆星,4.27,303.3499,+56.5681,20h13m24.0s,+56°34′05.1″,,中國(具名)、阿拉伯・古代、阿拉伯・蘇菲(星群)
HIP 99667,恆星,7.23,303.3875,+36.3284,20h13m33.0s,+36°19′42.2″,,西方/現代(星群)
HIP 99675,恆星,3.80,303.4080,+46.7413,20h13m37.9s,+46°44′28.8″,,中國(具名)、阿拉伯・蘇菲、韓國
HIP 99719,恆星,6.46,303.5204,+36.6049,20h14m04.9s,+36°36′17.5″,,西方/現代(星群)
HIP 99731,恆星,7.27,303.5439,+64.7654,20h14m10.5s,+64°45′55.6″,,中國、中國(具名)
HIP 99738,恆星,5.19,303.5606,+28.6947,20h14m14.5s,+28°41′41.0″,,中國(具名)
HIP 99742,恆星,4.95,303.5695,+15.1979,20h14m16.7s,+15°11′52.3″,,中國、中國(具名)、韓國
HIP 99769,恆星,7.91,303.6323,+36.6610,20h14m31.8s,+36°39′39.5″,,西方/現代(星群)
HIP 99770,恆星,4.99,303.6338,+36.8066,20h14m32.1s,+36°48′23.8″,,中國(具名)、西方/現代(星群)
HIP 99777,恆星,6.56,303.6651,+36.7521,20h14m39.6s,+36°45′07.4″,,西方/現代(星群)
HIP 99824,恆星,4.75,303.8163,+25.5919,20h15m15.9s,+25°35′31.0″,,呂埃勒、韓國
HIP 99825,恆星,5.72,303.8287,-27.0338,20h15m18.9s,-27°02′01.6″,,中國(具名)
HIP 99848,恆星,3.98,303.8680,+47.7142,20h15m28.3s,+47°42′51.2″,,中國(具名)、呂埃勒、阿拉伯・蘇菲
HIP 99853,恆星,5.18,303.8760,+23.5089,20h15m30.2s,+23°30′31.9″,,中國(具名)
HIP 99874,恆星,4.52,303.9421,+27.8143,20h15m46.1s,+27°48′51.3″,,中國(具名)、呂埃勒、韓國
HIP 99913,恆星,6.11,304.0825,+21.5986,20h16m19.8s,+21°35′54.9″,,中國(具名)
HIP 99918,恆星,6.30,304.0951,-12.3372,20h16m22.8s,-12°20′13.9″,,中國(具名)
HIP 99951,恆星,5.30,304.1963,+24.6710,20h16m47.1s,+24°40′15.7″,,中國(具名)、韓國
HIP 100027,恆星,4.27,304.4121,-12.5082,20h17m38.9s,-12°30′29.5″,Prima Giedi,中國(具名)、阿拉伯・蘇菲、阿拉伯・蘇菲(星群)
HIP 100044,恆星,4.82,304.4467,+38.0329,20h17m47.2s,+38°01′58.4″,Revenant of the Swan,中國(具名)
HIP 100062,恆星,5.85,304.5060,-21.8101,20h18m01.4s,-21°48′36.2″,,中國(具名)
HIP 100064,恆星,3.58,304.5138,-12.5448,20h18m03.3s,-12°32′41.4″,Algedi,中國、中國(具名)、呂埃勒、埃及、日本月站、白俄羅斯、西方/現代88星座、阿拉伯・古代、阿拉伯・月站、阿拉伯・阿拉伯半島、韓國
HIP 100108,恆星,5.58,304.6196,+36.9999,20h18m28.7s,+36°59′59.6″,,中國(具名)
HIP 100122,恆星,5.16,304.6628,+34.9828,20h18m39.1s,+34°58′57.9″,,中國(具名)
HIP 100195,恆星,5.26,304.8484,-19.1186,20h19m23.6s,-19°07′06.9″,,中國(具名)、阿拉伯・蘇菲
HIP 100221,恆星,5.71,304.9032,+62.2575,20h19m36.8s,+62°15′27.1″,,中國(具名)
HIP 100310,恆星,4.76,305.1660,-12.7591,20h20m39.8s,-12°45′32.9″,Alshat,中國(具名)、呂埃勒、阿拉伯・古代、阿拉伯・古代(具名)、阿拉伯・月站、阿拉伯・蘇菲、阿拉伯・阿拉伯半島、韓國
HIP 100325,恆星,6.10,305.1942,-14.7849,20h20m46.6s,-14°47′05.6″,Dabih Minor,中國(具名)
HIP 100345,恆星,3.08,305.2530,-14.7814,20h21m00.7s,-14°46′53.1″,Dabih,中國、中國(具名)、呂埃勒、埃及、日本月站、白俄羅斯、羅馬尼亞、西方/現代88星座、阿拉伯・古代、阿拉伯・月站、阿拉伯・蘇菲、阿拉伯・蘇菲(星群)、阿拉伯・阿拉伯半島、韓國
HIP 100435,恆星,5.56,305.5143,+24.4461,20h22m03.4s,+24°26′45.9″,,中國(具名)、韓國
HIP 100453,恆星,2.23,305.5571,+40.2567,20h22m13.7s,+40°15′24.0″,Sadr,中國、中國(具名)、呂埃勒、夏威夷星線、夏威夷星線(具名)、白俄羅斯、羅馬尼亞、蒙古、薩丁尼亞、西方/現代(星群)、西方/現代88星座、阿拉伯・古代、阿拉伯・古代(具名)、阿拉伯・月站(具名)、阿拉伯・蘇菲、阿拉伯・蘇菲(星群)、阿拉伯・阿拉伯半島、韓國
HIP 100587,恆星,4.44,305.9653,+32.1901,20h23m51.7s,+32°11′24.5″,,中國(具名)、韓國
HIP 100751,恆星,1.92,306.4120,-56.7355,20h25m38.9s,-56°44′07.7″,Peacock,中國、中國(具名)、呂埃勒、西方/現代88星座、阿拉伯・古代、阿拉伯・古代(具名)、阿拉伯・月站、阿拉伯・月站(具名)
HIP 100859,恆星,5.71,306.7599,+49.3836,20h27m02.4s,+49°23′01.0″,,中國(具名)
HIP 100881,恆星,5.14,306.8301,-18.2118,20h27m19.2s,-18°12′42.4″,,中國、中國(具名)、日本月站、阿拉伯・蘇菲、韓國
HIP 100907,恆星,5.62,306.8926,+38.4400,20h27m34.2s,+38°26′24.2″,,中國(具名)
HIP 100965,恆星,5.37,307.0617,+81.4228,20h28m14.8s,+81°25′22.0″,,中國(具名)、韓國
HIP 100977,恆星,6.12,307.1039,-3.3579,20h28m24.9s,-03°21′28.4″,,中國(具名)
HIP 101027,恆星,4.93,307.2150,-17.8137,20h28m51.6s,-17°48′49.4″,,中國、中國(具名)、日本月站、阿拉伯・蘇菲、韓國
HIP 101040,恆星,6.56,307.2531,-17.8759,20h29m00.7s,-17°52′33.4″,,中國(具名)
HIP 101044,恆星,6.19,307.2632,+83.6253,20h29m03.2s,+83°37′31.2″,,阿拉伯・古代、阿拉伯・蘇菲(星群)
HIP 101067,恆星,5.90,307.3350,+36.4547,20h29m20.4s,+36°27′17.0″,,中國(具名)
HIP 101076,恆星,4.01,307.3489,+30.3686,20h29m23.7s,+30°22′06.8″,,中國(具名)、呂埃勒、韓國
HIP 101082,恆星,5.97,307.3667,+81.0923,20h29m28.0s,+81°05′32.1″,,中國(具名)
HIP 101084,恆星,5.91,307.3630,+56.0682,20h29m27.1s,+56°04′05.6″,,阿拉伯・古代、阿拉伯・蘇菲(星群)
HIP 101093,恆星,4.22,307.3958,+62.9940,20h29m35.0s,+62°59′38.6″,Al Kidr,中國、中國(具名)、阿拉伯・古代、阿拉伯・蘇菲、阿拉伯・蘇菲(星群)
HIP 101101,恆星,4.90,307.4128,-2.8856,20h29m39.1s,-02°53′08.3″,,中國、中國(具名)、韓國
HIP 101123,恆星,5.90,307.4748,-18.5835,20h29m53.9s,-18°35′00.8″,,中國、中國(具名)、阿拉伯・蘇菲、韓國
HIP 101138,恆星,4.94,307.5148,+48.9516,20h30m03.6s,+48°57′05.8″,Ruchba,中國(具名)、阿拉伯・蘇菲
HIP 101160,恆星,6.20,307.5749,+10.8959,20h30m18.0s,+10°53′45.4″,,中國(具名)
HIP 101214,恆星,6.22,307.7468,+36.9358,20h30m59.2s,+36°56′09.0″,,中國(具名)
HIP 101243,恆星,5.44,307.8285,+49.2202,20h31m18.8s,+49°13′12.6″,,中國(具名)
HIP 101260,恆星,5.18,307.8768,+74.9545,20h31m30.4s,+74°57′16.4″,,中國、中國(具名)、阿拉伯・古代、阿拉伯・蘇菲(星群)
HIP 101421,恆星,4.03,308.3033,+11.3032,20h33m12.8s,+11°18′11.4″,Aldulfin,中國、中國(具名)、呂埃勒、圖卡諾、羅馬尼亞、西方/現代88星座、阿努塔、阿拉伯・古代(具名)、阿拉伯・蘇菲、阿拉伯・蘇菲(具名)、韓國
HIP 101474,恆星,4.64,308.4758,+35.2508,20h33m54.2s,+35°15′03.0″,,中國(具名)
HIP 101483,恆星,5.38,308.4880,+13.0274,20h33m57.1s,+13°01′38.6″,,中國、中國(具名)、圖卡諾、阿拉伯・蘇菲、韓國
HIP 101589,恆星,4.65,308.8274,+14.6743,20h35m18.6s,+14°40′27.4″,,中國、中國(具名)、圖卡諾、阿拉伯・蘇菲、韓國
HIP 101641,恆星,6.41,309.0349,+25.8827,20h36m08.4s,+25°52′57.7″,,中國(具名)
HIP 101692,恆星,4.88,309.1819,-2.5500,20h36m43.6s,-02°33′00.1″,,中國、中國(具名)、韓國
HIP 101716,恆星,5.58,309.2695,+26.4619,20h37m04.7s,+26°27′42.8″,,中國(具名)
HIP 101751,恆星,6.76,309.3386,-15.1475,20h37m21.3s,-15°08′51.2″,,中國(具名)
HIP 101765,恆星,6.30,309.3825,+31.5725,20h37m31.8s,+31°34′21.1″,,中國(具名)
HIP 101769,恆星,3.63,309.3877,+14.5950,20h37m33.1s,+14°35′41.9″,Rotanev,中國、中國(具名)、呂埃勒、圖卡諾、埃及、羅馬尼亞、西方/現代(星群)、西方/現代88星座、阿努塔、阿拉伯・古代、阿拉伯・蘇菲、阿拉伯・蘇菲(星群)、韓國
HIP 101772,恆星,3.11,309.3921,-47.2912,20h37m34.1s,-47°17′28.3″,Persian,中國、中國(具名)、呂埃勒、西方/現代88星座、阿拉伯・古代、阿拉伯・古代(具名)、阿拉伯・月站、阿拉伯・月站(具名)
HIP 101800,恆星,5.42,309.4548,+11.3776,20h37m49.2s,+11°22′39.5″,,中國、中國(具名)、圖卡諾、阿拉伯・蘇菲、韓國
HIP 101847,恆星,4.33,309.5846,-1.1052,20h38m20.3s,-01°06′18.7″,,中國、中國(具名)、呂埃勒、韓國
HIP 101867,恆星,4.82,309.6309,+21.2012,20h38m31.4s,+21°12′04.3″,,中國(具名)
HIP 101868,恆星,5.05,309.6330,+24.1159,20h38m31.9s,+24°06′57.3″,,中國(具名)、韓國
HIP 101882,恆星,5.71,309.6833,+13.3151,20h38m44.0s,+13°18′54.5″,,中國、中國(具名)、圖卡諾、阿拉伯・蘇菲
HIP 101909,恆星,5.98,309.7707,+15.8381,20h39m05.0s,+15°50′17.3″,,中國(具名)
HIP 101916,恆星,5.07,309.7839,+10.0863,20h39m08.1s,+10°05′10.8″,,中國、中國(具名)、圖卡諾、阿拉伯・蘇菲、韓國
HIP 101923,恆星,5.73,309.8180,-14.9549,20h39m16.3s,-14°57′17.5″,,中國、中國(具名)、阿拉伯・蘇菲、韓國
HIP 101936,恆星,5.15,309.8541,+0.4864,20h39m25.0s,+00°29′11.0″,,中國、中國(具名)、韓國
HIP 101958,恆星,3.80,309.9098,+15.9120,20h39m38.4s,+15°54′43.3″,Sualocin,中國、中國(具名)、印度(星群)、印度吠陀、呂埃勒、圖卡諾、埃及、羅馬尼亞、西方/現代(星群)、西方/現代88星座、阿努塔、阿拉伯・古代、阿拉伯・蘇菲、阿拉伯・蘇菲(星群)、韓國
HIP 101984,恆星,5.10,310.0122,-18.1388,20h40m02.9s,-18°08′19.5″,,中國、中國(具名)、阿拉伯・蘇菲、韓國
HIP 102026,恆星,5.80,310.1352,-16.1238,20h40m32.4s,-16°07′25.8″,,韓國
HIP 102066,恆星,5.64,310.2606,+32.3072,20h41m02.5s,+32°18′26.1″,,中國(具名)
HIP 102080,恆星,6.00,310.3175,+14.5829,20h41m16.2s,+14°34′58.4″,,中國(具名)
HIP 102098,恆星,1.25,310.3580,+45.2803,20h41m25.9s,+45°16′49.2″,Deneb,中國、中國(具名)、呂埃勒、圖皮-瓜拉尼、夏威夷星線、夏威夷星線(具名)、白俄羅斯、羅馬尼亞、蒙古、薩丁尼亞、西方/現代(星群)、西方/現代88星座、阿拉伯・古代(具名)、阿拉伯・月站(具名)、阿拉伯・蘇菲、阿拉伯・蘇菲(具名)、阿拉伯・阿拉伯半島、韓國
HIP 102177,恆星,5.40,310.5526,+50.3400,20h42m12.6s,+50°20′24.1″,,中國(具名)
HIP 102208,恆星,5.75,310.6478,+82.5312,20h42m35.5s,+82°31′52.5″,,中國、中國(具名)、韓國
HIP 102253,恆星,5.60,310.7962,+66.6576,20h43m11.1s,+66°39′27.4″,,中國、中國(具名)
HIP 102281,恆星,4.42,310.8646,+15.0744,20h43m27.5s,+15°04′27.8″,Al Ukud,中國、中國(具名)、印度(星群)、印度吠陀、呂埃勒、圖卡諾、埃及、羅馬尼亞、西方/現代(星群)、西方/現代88星座、阿努塔、阿拉伯・古代、阿拉伯・蘇菲、阿拉伯・蘇菲(星群)、韓國
HIP 102388,恆星,4.91,311.2186,+25.2698,20h44m52.5s,+25°16′11.3″,,中國(具名)、韓國
HIP 102395,恆星,3.41,311.2391,-66.2032,20h44m57.4s,-66°12′11.4″,,中國、中國(具名)、呂埃勒、西方/現代88星座
HIP 102422,恆星,3.41,311.3232,+61.8424,20h45m17.6s,+61°50′32.7″,Kabalfird,中國、中國(具名)、呂埃勒、阿拉伯・古代、阿拉伯・蘇菲、阿拉伯・蘇菲(星群)、韓國
HIP 102431,恆星,4.51,311.3375,+57.5787,20h45m21.0s,+57°34′43.2″,,中國(具名)、阿拉伯・古代、阿拉伯・蘇菲(星群)
HIP 102453,恆星,4.23,311.4156,+30.7198,20h45m39.7s,+30°43′11.3″,,中國(具名)、韓國
HIP 102485,恆星,4.12,311.5236,-25.2716,20h46m05.7s,-25°16′17.7″,,中國、中國(具名)、埃及、白俄羅斯、羅馬尼亞、西方/現代88星座、阿拉伯・蘇菲、韓國
HIP 102487,恆星,5.90,311.5417,-21.5141,20h46m10.0s,-21°30′50.8″,,中國、中國(具名)
HIP 102488,恆星,2.48,311.5548,+33.9717,20h46m13.1s,+33°58′18.1″,Aljanah,中國、中國(具名)、呂埃勒、夏威夷星線、夏威夷星線(具名)、白俄羅斯、羅馬尼亞、蒙古、薩丁尼亞、西方/現代(星群)、西方/現代88星座、阿拉伯・古代、阿拉伯・古代(具名)、阿拉伯・月站(具名)、阿拉伯・蘇菲、阿拉伯・蘇菲(星群)、阿拉伯・阿拉伯半島、韓國
HIP 102532,恆星,4.25,311.6644,+16.1234,20h46m39.5s,+16°07′24.3″,Al Salib,中國、中國(具名)、呂埃勒、圖卡諾、埃及、羅馬尼亞、西方/現代(星群)、西方/現代88星座、阿努塔、阿拉伯・古代、阿拉伯・蘇菲、阿拉伯・蘇菲(星群)、韓國
HIP 102571,恆星,4.93,311.7950,+34.3742,20h47m10.8s,+34°22′27.0″,,中國(具名)
HIP 102589,恆星,4.76,311.8523,+36.4907,20h47m24.5s,+36°29′26.4″,,中國(具名)、呂埃勒、阿拉伯・蘇菲
HIP 102599,恆星,5.37,311.8886,+80.5521,20h47m33.3s,+80°33′07.5″,,韓國
HIP 102618,恆星,3.77,311.9191,-9.4959,20h47m40.6s,-09°29′45.4″,Albali,中國、中國(具名)、日本月站、羅馬尼亞、西方/現代88星座、阿拉伯・古代、阿拉伯・月站、阿拉伯・蘇菲、阿拉伯・蘇菲(星群)、阿拉伯・阿拉伯半島、韓國
HIP 102624,恆星,4.44,311.9343,-5.0279,20h47m44.2s,-05°01′40.4″,,中國、中國(具名)、日本月站、羅馬尼亞、韓國
HIP 102633,恆星,5.64,311.9514,+6.0082,20h47m48.3s,+06°00′29.3″,,中國(具名)
HIP 102724,恆星,4.86,312.2345,+46.1141,20h48m56.3s,+46°06′50.8″,,中國(具名)、圖皮-瓜拉尼
HIP 102727,恆星,7.91,312.2390,+61.1186,20h48m57.4s,+61°07′06.9″,,阿拉伯・古代、阿拉伯・蘇菲(星群)
HIP 102775,恆星,6.86,312.3292,+58.7487,20h49m19.0s,+58°44′55.4″,,阿拉伯・古代、阿拉伯・蘇菲(星群)
HIP 102805,恆星,5.99,312.4076,+12.5456,20h49m37.8s,+12°32′44.0″,,中國(具名)
HIP 102819,恆星,6.32,312.4512,+7.8642,20h49m48.3s,+07°51′51.3″,,中國(具名)
HIP 102831,恆星,4.89,312.4921,-33.7798,20h49m58.1s,-33°46′47.3″,,西方/現代88星座
HIP 102843,恆星,5.05,312.5213,+44.0599,20h50m05.1s,+44°03′35.6″,,中國(具名)、圖皮-瓜拉尼
HIP 102945,恆星,6.07,312.8577,-5.6266,20h51m25.9s,-05°37′35.8″,,中國、中國(具名)
HIP 102978,恆星,4.12,312.9553,-26.9191,20h51m49.3s,-26°55′08.9″,,中國、中國(具名)、埃及、白俄羅斯、羅馬尼亞、西方/現代88星座、阿拉伯・蘇菲、韓國
HIP 103004,恆星,4.57,313.0317,+27.0967,20h52m07.6s,+27°05′48.1″,,中國(具名)、韓國
HIP 103005,恆星,5.55,313.0362,-5.5071,20h52m08.7s,-05°30′25.5″,,中國(具名)、日本月站、韓國
HIP 103045,恆星,4.72,313.1636,-8.9834,20h52m39.3s,-08°59′00.4″,Albulan I,中國、中國(具名)、日本月站、羅馬尼亞、阿拉伯・古代、阿拉伯・月站、阿拉伯・蘇菲、阿拉伯・蘇菲(星群)、阿拉伯・阿拉伯半島、韓國
HIP 103089,恆星,4.77,313.3116,+44.3873,20h53m14.8s,+44°23′14.2″,,中國(具名)
HIP 103200,恆星,5.01,313.6401,+28.0576,20h54m33.6s,+28°03′27.4″,,中國(具名)、韓國
HIP 103226,恆星,5.78,313.6990,-17.9230,20h54m47.8s,-17°55′22.7″,,中國(具名)
HIP 103227,恆星,3.65,313.7027,-58.4543,20h54m48.6s,-58°27′15.3″,,中國(具名)、呂埃勒、西方/現代88星座
HIP 103294,恆星,5.18,313.9029,+13.7215,20h55m36.7s,+13°43′17.3″,,中國(具名)、韓國
HIP 103298,恆星,5.54,313.9109,+12.5687,20h55m38.6s,+12°34′07.3″,,中國(具名)
HIP 103398,恆星,7.49,314.2198,-22.0058,20h56m52.8s,-22°00′20.7″,,埃及
HIP 103401,恆星,5.48,314.2251,-9.6976,20h56m54.0s,-09°41′51.3″,,中國(具名)、阿拉伯・蘇菲、阿拉伯・蘇菲(星群)
HIP 103413,恆星,3.94,314.2935,+41.1671,20h57m10.4s,+41°10′01.6″,,中國、中國(具名)、呂埃勒、圖皮-瓜拉尼、阿拉伯・蘇菲、韓國
HIP 103511,恆星,5.29,314.5681,+22.3259,20h58m16.3s,+22°19′33.2″,,中國(具名)
HIP 103512,恆星,8.20,314.5726,+8.5154,20h58m17.4s,+08°30′55.3″,,埃及
HIP 103527,恆星,5.51,314.6078,+10.8391,20h58m25.9s,+10°50′20.9″,Musica,中國(具名)、埃及
HIP 103569,恆星,5.61,314.7681,+4.2928,20h59m04.3s,+04°17′34.2″,,中國(具名)
HIP 103571,恆星,7.31,314.7708,+4.2940,20h59m05.0s,+04°17′38.4″,,埃及
HIP 103616,恆星,6.25,314.9006,-19.0354,20h59m36.2s,-19°02′07.3″,,中國(具名)
HIP 103632,恆星,4.75,314.9565,+47.5210,20h59m49.6s,+47°31′15.4″,,中國、中國(具名)、圖皮-瓜拉尼
HIP 103640,恆星,6.60,314.9783,-13.0517,20h59m54.8s,-13°03′06.0″,,中國、中國(具名)
HIP 103681,恆星,6.52,315.1362,-5.4774,21h00m32.7s,-05°28′38.6″,,中國(具名)
HIP 103682,恆星,6.19,315.1412,-4.7309,21h00m33.9s,-04°43′51.1″,,中國(具名)
HIP 103703,恆星,6.05,315.2155,-17.5310,21h00m51.7s,-17°31′51.5″,,中國、中國(具名)
HIP 103728,恆星,6.55,315.2847,-13.5300,21h01m08.3s,-13°31′47.9″,,中國、中國(具名)
HIP 103732,恆星,5.43,315.2956,+46.1558,21h01m10.9s,+46°09′20.8″,,中國(具名)
HIP 103738,恆星,4.65,315.3227,-32.2578,21h01m17.5s,-32°15′28.0″,,中國(具名)、西方/現代88星座、阿拉伯・古代
HIP 103813,恆星,7.35,315.5521,+7.1797,21h02m12.5s,+07°10′46.9″,,中國(具名)
HIP 103981,恆星,5.80,316.0197,-5.8231,21h04m04.7s,-05°49′23.1″,,中國(具名)
HIP 104019,恆星,4.84,316.1011,-19.8552,21h04m24.3s,-19°51′18.7″,,中國、中國(具名)、阿拉伯・蘇菲、韓國
HIP 104031,恆星,5.58,316.1444,+5.5029,21h04m34.7s,+05°30′10.3″,,中國(具名)
HIP 104043,恆星,5.15,316.1797,-77.0254,21h04m43.1s,-77°01′31.5″,,中國、中國(具名)
HIP 104060,恆星,3.73,316.2328,+43.9279,21h04m55.9s,+43°55′40.3″,,中國、中國(具名)、呂埃勒、圖皮-瓜拉尼、阿拉伯・蘇菲、韓國
HIP 104101,恆星,5.93,316.3610,+5.9576,21h05m26.6s,+05°57′27.4″,,中國(具名)
HIP 104105,恆星,5.91,316.3724,+78.1265,21h05m29.4s,+78°07′35.5″,,中國、中國(具名)、韓國
HIP 104139,恆星,4.07,316.4872,-17.2331,21h05m56.9s,-17°13′59.3″,,中國、中國(具名)、白俄羅斯、羅馬尼亞、西方/現代88星座、阿拉伯・蘇菲、韓國
HIP 104174,恆星,5.20,316.6028,-32.3416,21h06m24.7s,-32°20′29.7″,,中國(具名)
HIP 104194,恆星,4.51,316.6504,+47.6484,21h06m36.1s,+47°38′54.2″,,中國(具名)、韓國
HIP 104217,恆星,6.03,316.7537,+38.7561,21h07m00.9s,+38°45′21.9″,Bessel's Star,中國(具名)
HIP 104234,恆星,4.50,316.7818,-25.0060,21h07m07.6s,-25°00′21.8″,,中國、中國(具名)、埃及、阿拉伯・蘇菲
HIP 104365,恆星,5.32,317.1402,-21.1939,21h08m33.6s,-21°11′38.2″,,中國(具名)、阿拉伯・蘇菲、韓國
HIP 104382,恆星,5.42,317.2017,-88.9565,21h08m48.4s,-88°57′23.3″,Polaris Australis,中國(具名)
HIP 104429,恆星,6.74,317.3145,-20.1932,21h09m15.5s,-20°11′35.5″,,中國、中國(具名)
HIP 104452,恆星,6.24,317.3881,-20.5573,21h09m33.1s,-20°33′26.2″,,中國、中國(具名)
HIP 104459,恆星,4.52,317.3990,-11.3718,21h09m35.8s,-11°22′18.3″,Albulan II,中國、中國(具名)、埃及、阿拉伯・古代、阿拉伯・月站、阿拉伯・阿拉伯半島
HIP 104521,恆星,4.68,317.5856,+10.1309,21h10m20.5s,+10°07′51.3″,,中國、中國(具名)、呂埃勒、西方/現代88星座、阿拉伯・蘇菲、韓國
HIP 104538,恆星,6.06,317.6305,+10.0490,21h10m31.3s,+10°02′56.4″,,中國(具名)
HIP 104680,恆星,5.83,318.0575,-40.2703,21h12m13.8s,-40°16′13.2″,,中國
HIP 104732,恆星,3.21,318.2341,+30.2267,21h12m56.2s,+30°13′36.1″,Fawaris III,中國、中國(具名)、呂埃勒、羅馬尼亞、蒙古、西方/現代88星座、阿拉伯・古代、阿拉伯・古代(具名)、阿拉伯・月站(具名)、阿拉伯・蘇菲、阿拉伯・蘇菲(星群)、韓國
HIP 104750,恆星,5.39,318.3227,-27.6199,21h13m17.4s,-27°37′11.5″,,中國、中國(具名)
HIP 104756,恆星,6.12,318.3398,+81.2310,21h13m21.6s,+81°13′51.5″,,韓國
HIP 104858,恆星,4.49,318.6202,+10.0056,21h14m28.9s,+10°00′20.2″,,中國、中國(具名)、呂埃勒、西方/現代88星座、阿拉伯・蘇菲、韓國
HIP 104887,恆星,3.73,318.6987,+38.0474,21h14m47.7s,+38°02′50.6″,,中國、中國(具名)、呂埃勒、圖皮-瓜拉尼、韓國
HIP 104963,恆星,5.15,318.9080,-20.6517,21h15m37.9s,-20°39′06.1″,,中國(具名)、阿拉伯・蘇菲、韓國
HIP 104968,恆星,5.90,318.9273,+77.0124,21h15m42.6s,+77°00′44.5″,,韓國
HIP 104974,恆星,5.32,318.9370,-15.1715,21h15m44.9s,-15°10′17.3″,,中國、中國(具名)、韓國
HIP 104987,恆星,3.93,318.9562,+5.2475,21h15m49.5s,+05°14′51.0″,Kitalpha,中國、中國(具名)、呂埃勒、埃及、日本月站、西方/現代88星座、阿拉伯・蘇菲、韓國
HIP 105019,恆星,6.46,319.0740,-9.2146,21h16m17.8s,-09°12′52.7″,,中國、中國(具名)
HIP 105102,恆星,4.24,319.3540,+39.3947,21h17m25.0s,+39°23′40.8″,,中國(具名)、圖皮-瓜拉尼
HIP 105138,恆星,4.42,319.4796,+34.8969,21h17m55.1s,+34°53′48.7″,,中國、中國(具名)、韓國
HIP 105140,恆星,4.71,319.4848,-32.1727,21h17m56.4s,-32°10′21.6″,,中國、中國(具名)、西方/現代88星座、阿拉伯・古代
HIP 105143,恆星,5.38,319.4888,-17.9851,21h17m57.3s,-17°59′06.5″,,中國、中國(具名)
HIP 105164,恆星,5.81,319.5462,-4.5194,21h18m11.1s,-04°31′09.9″,,中國(具名)
HIP 105186,恆星,5.00,319.6133,+43.9459,21h18m27.2s,+43°56′45.3″,,韓國
HIP 105199,恆星,2.46,319.6463,+62.5858,21h18m35.1s,+62°35′08.9″,Alderamin,中國、中國(具名)、呂埃勒、圖皮-瓜拉尼、羅馬尼亞、西方/現代88星座、阿拉伯・古代、阿拉伯・古代(具名)、阿拉伯・蘇菲、阿拉伯・蘇菲(星群)、韓國
HIP 105268,恆星,5.18,319.8426,+64.8719,21h19m22.2s,+64°52′18.8″,,中國(具名)
HIP 105319,恆星,4.48,319.9674,-53.4497,21h19m52.2s,-53°26′59.0″,,西方/現代88星座
HIP 105412,恆星,5.85,320.2679,-4.5601,21h21m04.3s,-04°33′36.3″,,中國(具名)
HIP 105413,恆星,5.80,320.2703,+7.3544,21h21m04.9s,+07°21′15.9″,,中國、中國(具名)
HIP 105502,恆星,4.09,320.5222,+19.8048,21h22m05.3s,+19°48′17.2″,,中國、中國(具名)、埃及、西方/現代(星群)、韓國
HIP 105515,恆星,4.27,320.5618,-16.8345,21h22m14.8s,-16°50′04.3″,,中國、中國(具名)、埃及、白俄羅斯、羅馬尼亞、西方/現代88星座、阿拉伯・蘇菲、韓國
HIP 105570,恆星,5.15,320.7236,+6.8112,21h22m53.7s,+06°48′40.3″,,中國、中國(具名)、呂埃勒、西方/現代88星座、阿拉伯・蘇菲
HIP 105574,恆星,5.96,320.7343,-9.3195,21h22m56.2s,-09°19′10.0″,,中國、中國(具名)
HIP 105665,恆星,5.37,321.0399,-20.8524,21h24m09.6s,-20°51′08.8″,,中國(具名)、韓國
HIP 105668,恆星,5.48,321.0483,-12.8781,21h24m11.6s,-12°52′41.1″,,中國、中國(具名)、埃及
HIP 105727,恆星,5.96,321.2076,+80.5248,21h24m49.8s,+80°31′29.2″,,韓國
HIP 105729,恆星,6.38,321.2153,-3.3986,21h24m51.7s,-03°23′54.9″,,中國(具名)
HIP 105761,恆星,5.71,321.3044,-9.7493,21h25m13.0s,-09°44′57.5″,,中國、中國(具名)
HIP 105767,恆星,5.47,321.3206,-3.5571,21h25m16.9s,-03°33′25.4″,,中國(具名)
HIP 105811,恆星,5.94,321.4460,+36.6673,21h25m47.0s,+36°40′02.4″,,中國(具名)
HIP 105858,恆星,4.22,321.6117,-65.3626,21h26m26.8s,-65°21′45.5″,,中國、中國(具名)、呂埃勒、西方/現代88星座
HIP 105881,恆星,3.74,321.6668,-22.4112,21h26m40.0s,-22°24′40.4″,,中國(具名)、埃及、白俄羅斯、羅馬尼亞、西方/現代88星座、阿拉伯・蘇菲、韓國
HIP 105928,恆星,5.76,321.8116,-21.1963,21h27m14.8s,-21°11′46.9″,,中國(具名)
HIP 105942,恆星,5.29,321.8390,+37.1168,21h27m21.4s,+37°07′00.5″,,中國(具名)
HIP 105972,恆星,5.41,321.9421,+66.8090,21h27m46.1s,+66°48′32.4″,,中國(具名)
HIP 106032,恆星,3.23,322.1651,+70.5607,21h28m39.6s,+70°33′38.6″,Alfirk,中國(具名)、呂埃勒、羅馬尼亞、西方/現代(星群)、西方/現代88星座、阿拉伯・古代、阿拉伯・古代(具名)、阿拉伯・蘇菲、阿拉伯・蘇菲(星群)、韓國
HIP 106039,恆星,4.50,322.1815,-21.8072,21h28m43.6s,-21°48′25.9″,,中國(具名)、埃及
HIP 106067,恆星,6.50,322.2657,-31.2386,21h29m03.8s,-31°14′19.0″,,中國、中國(具名)
HIP 106093,恆星,5.22,322.3626,+46.5410,21h29m27.0s,+46°32′27.8″,,中國(具名)
HIP 106140,恆星,4.51,322.4872,+23.6389,21h29m56.9s,+23°38′19.9″,,中國、中國(具名)、阿拉伯・蘇菲、韓國
HIP 106278,恆星,2.89,322.8898,-5.5712,21h31m33.6s,-05°34′16.4″,Sadalsuud,中國、中國(具名)、呂埃勒、埃及、日本月站、羅馬尼亞、西方/現代88星座、阿拉伯・古代、阿拉伯・月站、阿拉伯・蘇菲、阿拉伯・蘇菲(星群)、阿拉伯・阿拉伯半島、韓國
HIP 106340,恆星,5.96,323.0607,-33.9446,21h32m14.6s,-33°56′40.7″,,中國(具名)
HIP 106481,恆星,4.02,323.4951,+45.5914,21h33m58.8s,+45°35′29.1″,,中國、中國(具名)、呂埃勒、韓國
HIP 106551,恆星,4.91,323.6948,+38.5345,21h34m46.7s,+38°32′04.2″,,中國(具名)、圖皮-瓜拉尼、韓國
HIP 106559,恆星,5.70,323.7126,-20.0841,21h34m51.0s,-20°05′02.9″,,中國(具名)
HIP 106568,恆星,6.72,323.7291,-20.2530,21h34m55.0s,-20°15′10.8″,,中國、中國(具名)
HIP 106654,恆星,5.72,324.0463,-26.1716,21h36m11.1s,-26°10′17.8″,,中國(具名)
HIP 106703,恆星,6.10,324.2037,-33.0479,21h36m48.9s,-33°02′52.5″,,中國(具名)
HIP 106711,恆星,5.04,324.2374,+40.4136,21h36m57.0s,+40°24′48.9″,,中國、中國(具名)、圖皮-瓜拉尼、韓國
HIP 106723,恆星,4.55,324.2702,-19.4660,21h37m04.8s,-19°27′57.6″,,中國、中國(具名)、呂埃勒、羅馬尼亞、韓國
HIP 106758,恆星,6.21,324.3906,-0.3907,21h37m33.7s,-00°23′26.5″,,中國(具名)
HIP 106768,恆星,7.44,324.4070,-19.2310,21h37m37.7s,-19°13′51.6″,,中國(具名)
HIP 106783,恆星,6.18,324.4321,+6.6184,21h37m43.7s,+06°37′06.2″,,中國(具名)
HIP 106786,恆星,4.69,324.4385,-7.8543,21h37m45.2s,-07°51′15.5″,Bunda,中國、中國(具名)、呂埃勒、阿拉伯・古代、阿拉伯・月站、阿拉伯・蘇菲、阿拉伯・蘇菲(星群)、阿拉伯・阿拉伯半島、韓國
HIP 106787,恆星,5.45,324.4398,+19.3187,21h37m45.5s,+19°19′07.2″,,中國(具名)、阿拉伯・蘇菲
HIP 106801,恆星,4.73,324.4801,+62.0819,21h37m55.2s,+62°04′54.9″,,中國(具名)
HIP 106856,恆星,5.66,324.6336,+5.7719,21h38m32.1s,+05°46′18.7″,,中國(具名)
HIP 106886,恆星,5.62,324.7401,+57.4890,21h38m57.6s,+57°29′20.5″,,中國、中國(具名)
HIP 106942,恆星,7.14,324.8823,-0.0511,21h39m31.8s,-00°03′03.8″,,中國
HIP 106944,恆星,5.10,324.8885,+2.2432,21h39m33.2s,+02°14′35.5″,,中國、中國(具名)、阿拉伯・蘇菲
HIP 106985,恆星,3.67,325.0236,-16.6624,21h40m05.7s,-16°39′44.7″,Nashira,中國、中國(具名)、呂埃勒、埃及、白俄羅斯、羅馬尼亞、西方/現代88星座、阿拉伯・古代、阿拉伯・月站、阿拉伯・蘇菲(星群)、韓國
HIP 106999,恆星,5.09,325.0467,+43.2739,21h40m11.2s,+43°16′26.1″,,中國(具名)
HIP 107089,恆星,3.73,325.3703,-77.3911,21h41m28.9s,-77°23′28.0″,,中國、中國(具名)、西方/現代88星座
HIP 107095,恆星,5.18,325.3864,-14.0490,21h41m32.7s,-14°02′56.4″,,中國(具名)、阿拉伯・蘇菲、韓國
HIP 107097,恆星,6.08,325.3926,+40.8050,21h41m34.2s,+40°48′18.0″,,中國(具名)
HIP 107119,恆星,4.55,325.4820,+71.3119,21h41m55.7s,+71°18′42.7″,,中國(具名)、西方/現代(星群)、阿拉伯・古代、阿拉伯・蘇菲(星群)、韓國
HIP 107128,恆星,5.24,325.5033,-23.2633,21h42m00.8s,-23°15′47.8″,,中國(具名)、埃及
HIP 107136,恆星,4.66,325.5236,+51.1896,21h42m05.7s,+51°11′22.6″,Azelfafage,中國、中國(具名)、韓國
HIP 107144,恆星,5.64,325.5421,+1.2852,21h42m10.1s,+01°17′06.8″,,中國、中國(具名)
HIP 107151,恆星,5.30,325.5644,+5.6801,21h42m15.5s,+05°40′48.4″,,中國(具名)
HIP 107162,恆星,5.73,325.5958,+41.0770,21h42m23.0s,+41°04′37.2″,,中國(具名)
HIP 107188,恆星,4.73,325.6653,-18.8664,21h42m39.7s,-18°51′58.9″,,中國、中國(具名)、羅馬尼亞、阿拉伯・蘇菲、韓國
HIP 107230,恆星,5.17,325.7662,+72.3199,21h43m03.9s,+72°19′11.7″,,中國(具名)
HIP 107232,恆星,5.88,325.7683,-14.3996,21h43m04.4s,-14°23′58.6″,,中國(具名)
HIP 107235,恆星,5.50,325.7769,+41.1549,21h43m06.4s,+41°09′17.7″,,韓國
HIP 107253,恆星,5.70,325.8571,+38.2836,21h43m25.7s,+38°17′00.9″,,韓國
HIP 107259,恆星,4.08,325.8769,+58.7800,21h43m30.5s,+58°46′48.1″,The Garnet Star,中國、中國(具名)、羅馬尼亞、韓國
HIP 107302,恆星,5.95,326.0039,-14.7493,21h44m00.9s,-14°44′57.6″,,中國(具名)
HIP 107310,恆星,4.70,326.0370,+28.7416,21h44m08.9s,+28°44′29.6″,,中國、中國(具名)、呂埃勒、羅馬尼亞、蒙古、西方/現代(星群)、西方/現代88星座、阿拉伯・蘇菲、韓國
HIP 107315,恆星,2.39,326.0466,+9.8750,21h44m11.2s,+09°52′30.0″,Enif,中國、中國(具名)、呂埃勒、埃及、日本月站、西方/現代88星座、阿拉伯・蘇菲、阿拉伯・蘇菲(具名)、韓國
HIP 107348,恆星,4.35,326.1279,+17.3500,21h44m30.7s,+17°20′59.9″,,中國、中國(具名)、埃及、西方/現代(星群)、阿拉伯・蘇菲、韓國
HIP 107354,恆星,4.13,326.1615,+25.6451,21h44m38.8s,+25°38′42.3″,,中國、中國(具名)、呂埃勒、埃及、西方/現代88星座、阿努塔、阿拉伯・蘇菲、韓國
HIP 107380,恆星,4.34,326.2369,-33.0262,21h44m56.8s,-33°01′34.3″,,中國、中國(具名)、呂埃勒、阿拉伯・古代、阿拉伯・蘇菲
HIP 107382,恆星,5.08,326.2511,-9.0824,21h45m00.3s,-09°04′56.8″,,中國、中國(具名)、阿拉伯・古代、阿拉伯・月站、阿拉伯・蘇菲、阿拉伯・蘇菲(星群)、阿拉伯・阿拉伯半島、韓國
HIP 107418,恆星,4.29,326.3622,+61.1208,21h45m26.9s,+61°07′14.9″,Castula,中國、中國(具名)、圖皮-瓜拉尼、韓國
HIP 107472,恆星,5.27,326.5182,+22.9489,21h46m04.4s,+22°56′55.9″,,中國、中國(具名)、阿拉伯・蘇菲、韓國
HIP 107487,恆星,6.00,326.5679,-9.2759,21h46m16.3s,-09°16′33.2″,,中國、中國(具名)
HIP 107517,恆星,5.57,326.6339,-11.3660,21h46m32.1s,-11°21′57.6″,,中國、中國(具名)、阿拉伯・蘇菲、韓國
HIP 107527,恆星,6.99,326.6755,-11.6984,21h46m42.1s,-11°41′54.3″,,中國、中國(具名)
HIP 107533,恆星,4.18,326.6984,+49.3096,21h46m47.6s,+49°18′34.4″,,中國、中國(具名)、呂埃勒、圖皮-瓜拉尼、韓國
HIP 107556,恆星,2.83,326.7614,-16.1286,21h47m02.7s,-16°07′43.0″,Deneb Algedi,中國、中國(具名)、呂埃勒、埃及、白俄羅斯、羅馬尼亞、西方/現代88星座、阿拉伯・古代、阿拉伯・月站、阿拉伯・蘇菲、阿拉伯・蘇菲(具名)、阿拉伯・蘇菲(星群)、韓國
HIP 107575,恆星,5.62,326.8082,+2.6861,21h47m14.0s,+02°41′10.0″,,中國、中國(具名)
HIP 107586,恆星,5.51,326.8553,+60.6927,21h47m25.3s,+60°41′33.6″,,中國(具名)
HIP 107608,恆星,5.02,326.9338,-30.8983,21h47m44.1s,-30°53′53.9″,,中國、中國(具名)、呂埃勒、西方/現代88星座、阿拉伯・蘇菲
HIP 107763,恆星,5.07,327.4613,+30.1741,21h49m50.7s,+30°10′26.7″,,中國(具名)、阿拉伯・蘇菲
HIP 107788,恆星,5.34,327.5365,+17.2856,21h50m08.8s,+17°17′08.0″,,中國(具名)
HIP 107887,恆星,5.77,327.8928,+19.8267,21h51m34.3s,+19°49′36.3″,,阿拉伯・蘇菲
HIP 107930,恆星,5.66,328.0045,+55.7968,21h52m01.1s,+55°47′48.3″,,圖皮-瓜拉尼
HIP 107975,恆星,5.53,328.1244,+28.7933,21h52m29.8s,+28°47′35.8″,,中國(具名)
HIP 107995,恆星,6.64,328.1962,+73.7024,21h52m47.1s,+73°42′08.5″,,中國(具名)
HIP 108022,恆星,5.08,328.2658,+25.9251,21h53m03.8s,+25°55′30.5″,,中國(具名)
HIP 108036,恆星,5.08,328.3255,-13.5517,21h53m18.1s,-13°33′06.2″,,中國、中國(具名)、阿拉伯・蘇菲
HIP 108060,恆星,5.68,328.4058,+19.6685,21h53m37.4s,+19°40′06.5″,,韓國
HIP 108085,恆星,3.01,328.4828,-37.3649,21h53m55.9s,-37°21′53.8″,Aldhanab,中國、中國(具名)、呂埃勒、埃及、西方/現代88星座、阿努塔、阿拉伯・古代、阿拉伯・蘇菲
HIP 108127,恆星,6.61,328.5918,+12.7510,21h54m22.0s,+12°45′03.6″,,中國(具名)
HIP 108165,恆星,5.80,328.7214,+56.6112,21h54m53.1s,+56°36′40.4″,,中國、中國(具名)
HIP 108339,恆星,5.53,329.2348,+12.0764,21h56m56.3s,+12°04′35.2″,,中國(具名)
HIP 108535,恆星,5.01,329.8113,+73.1792,21h59m14.7s,+73°10′45.1″,,中國(具名)、韓國
HIP 108543,恆星,5.50,329.8249,-38.3951,21h59m18.0s,-38°23′42.4″,,阿拉伯・古代
HIP 108571,恆星,7.50,329.8950,-27.6306,21h59m34.8s,-27°37′50.0″,,中國(具名)
HIP 108612,恆星,6.00,330.0331,+6.7174,22h00m07.9s,+06°43′02.8″,,中國(具名)
HIP 108661,恆星,5.72,330.2093,-28.4537,22h00m50.2s,-28°27′13.5″,,中國(具名)、西方/現代88星座、阿拉伯・蘇菲
HIP 108691,恆星,5.60,330.2709,+0.6047,22h01m05.0s,+00°36′16.8″,,中國(具名)
HIP 108693,恆星,5.60,330.2725,+13.1196,22h01m05.4s,+13°07′10.4″,,中國(具名)
HIP 108699,恆星,5.63,330.2884,+8.2572,22h01m09.2s,+08°15′25.8″,,中國(具名)
HIP 108766,恆星,6.37,330.5058,+10.9738,22h02m01.4s,+10°58′25.7″,,中國(具名)
HIP 108772,恆星,5.54,330.5190,+58.0004,22h02m04.6s,+58°00′01.3″,,中國(具名)
HIP 108797,恆星,7.11,330.6104,-16.9644,22h02m26.5s,-16°57′51.9″,,中國、中國(具名)
HIP 108868,恆星,5.54,330.8188,-6.5224,22h03m16.5s,-06°31′20.5″,,中國(具名)
HIP 108874,恆星,4.69,330.8286,-2.1554,22h03m18.9s,-02°09′19.5″,Sadalmulk,中國、中國(具名)、阿拉伯・古代、阿拉伯・月站、阿拉伯・蘇菲、阿拉伯・蘇菲(星群)、韓國
HIP 108875,恆星,5.82,330.8294,+11.3865,22h03m19.1s,+11°23′11.5″,,中國(具名)
HIP 108917,恆星,4.45,330.9499,+64.6284,22h03m48.0s,+64°37′42.1″,Kurhah,中國、中國(具名)、阿拉伯・古代(具名)、阿拉伯・蘇菲、韓國
HIP 108925,恆星,6.71,330.9744,+59.8146,22h03m53.9s,+59°48′52.4″,,中國(具名)
HIP 108952,恆星,6.46,331.0993,-29.9165,22h04m23.8s,-29°54′59.5″,,中國、中國(具名)
HIP 108991,恆星,5.27,331.1975,-0.9065,22h04m47.4s,-00°54′23.5″,,中國、中國(具名)
HIP 109005,恆星,5.26,331.2522,+62.7859,22h05m00.5s,+62°47′09.3″,,中國(具名)
HIP 109017,恆星,5.11,331.2866,+62.2798,22h05m08.8s,+62°16′47.3″,,中國(具名)
HIP 109056,恆星,5.70,331.3946,+28.9639,22h05m34.7s,+28°57′50.2″,,中國、中國(具名)
HIP 109068,恆星,4.84,331.4203,+5.0590,22h05m40.9s,+05°03′32.3″,Fum al Faras,中國(具名)、阿拉伯・古代、阿拉伯・月站、阿拉伯・蘇菲、阿拉伯・蘇菲(星群)
HIP 109074,恆星,2.94,331.4461,-0.3199,22h05m47.1s,-00°19′11.6″,Sadalmelik,中國、中國(具名)、呂埃勒、日本月站、羅馬尼亞、西方/現代88星座、阿拉伯・古代、阿拉伯・月站、阿拉伯・蘇菲、阿拉伯・蘇菲(星群)、韓國
HIP 109102,恆星,5.07,331.5081,+45.0143,22h06m01.9s,+45°00′51.4″,,韓國
HIP 109111,恆星,4.46,331.5285,-39.5439,22h06m06.9s,-39°32′38.1″,,中國、中國(具名)、西方/現代88星座、阿努塔、阿拉伯・古代
HIP 109139,恆星,4.27,331.6095,-13.8699,22h06m26.3s,-13°52′11.8″,,中國、中國(具名)、呂埃勒、羅馬尼亞、西方/現代88星座、阿拉伯・蘇菲、韓國
HIP 109176,恆星,3.77,331.7542,+25.3452,22h07m01.0s,+25°20′42.8″,,中國、中國(具名)、呂埃勒、埃及、西方/現代(星群)、西方/現代88星座、阿努塔、阿拉伯・蘇菲、韓國
HIP 109190,恆星,6.34,331.7900,+58.8406,22h07m09.6s,+58°50′26.3″,,中國(具名)
HIP 109240,恆星,5.78,331.9594,+21.7026,22h07m50.3s,+21°42′09.4″,,中國(具名)
HIP 109268,恆星,1.71,332.0591,-46.9616,22h08m14.2s,-46°57′41.8″,Alnair,中國、中國(具名)、呂埃勒、埃及、西方/現代88星座、阿拉伯・古代、阿拉伯・古代(具名)、阿拉伯・月站、阿拉伯・月站(具名)
HIP 109276,恆星,6.07,332.0717,+25.5434,22h08m17.2s,+25°32′36.1″,,中國(具名)
HIP 109285,恆星,4.50,332.0963,-32.9886,22h08m23.1s,-32°59′18.9″,,中國、中國(具名)、呂埃勒、阿拉伯・蘇菲
HIP 109306,恆星,6.39,332.1778,-33.1256,22h08m42.7s,-33°07′32.1″,,阿拉伯・古代
HIP 109332,恆星,5.79,332.2458,-18.5196,22h08m59.0s,-18°31′10.7″,,中國、中國(具名)
HIP 109352,恆星,5.58,332.3065,+33.1720,22h09m13.6s,+33°10′19.3″,,中國(具名)、西方/現代88星座
HIP 109369,恆星,6.98,332.3623,-8.1855,22h09m26.9s,-08°11′07.8″,,中國(具名)
HIP 109375,恆星,6.36,332.3708,-23.6591,22h09m29.0s,-23°39′32.8″,,韓國
HIP 109400,恆星,4.79,332.4523,+72.3412,22h09m48.5s,+72°20′28.4″,,中國(具名)、羅馬尼亞、西方/現代(星群)、韓國
HIP 109410,恆星,4.29,332.4968,+33.1781,22h09m59.2s,+33°10′41.3″,,中國、中國(具名)、埃及、阿拉伯・蘇菲、韓國
HIP 109422,恆星,4.92,332.5388,-32.5483,22h10m09.3s,-32°32′54.1″,,中國、中國(具名)、西方/現代88星座
HIP 109427,恆星,3.55,332.5511,+6.1980,22h10m12.3s,+06°11′52.7″,Biham,中國、中國(具名)、呂埃勒、埃及、日本月站、西方/現代88星座、阿拉伯・古代、阿拉伯・月站、阿拉伯・蘇菲、阿拉伯・蘇菲(星群)、韓國
HIP 109434,恆星,6.35,332.5636,+72.1112,22h10m15.3s,+72°06′40.2″,,中國(具名)
HIP 109458,恆星,6.44,332.6258,+20.9779,22h10m30.2s,+20°58′40.6″,,中國(具名)
HIP 109460,恆星,6.63,332.6326,-10.8203,22h10m31.8s,-10°49′12.9″,,中國(具名)
HIP 109472,恆星,5.42,332.6563,-11.5649,22h10m37.5s,-11°33′53.6″,,中國、中國(具名)、韓國
HIP 109492,恆星,3.35,332.7138,+58.2013,22h10m51.3s,+58°12′04.6″,,中國、中國(具名)、圖皮-瓜拉尼、羅馬尼亞、西方/現代88星座、阿拉伯・蘇菲、韓國
HIP 109556,恆星,5.05,332.8773,+59.4144,22h11m30.6s,+59°24′52.0″,,中國、中國(具名)、阿拉伯・蘇菲、韓國
HIP 109592,恆星,5.36,333.0084,+60.7591,22h12m02.0s,+60°45′32.9″,,韓國
HIP 109654,恆星,5.34,333.1994,+34.6044,22h12m47.8s,+34°36′15.7″,,阿拉伯・蘇菲
HIP 109693,恆星,5.26,333.2978,+86.1082,22h13m11.5s,+86°06′29.4″,,中國、中國(具名)、阿拉伯・古代、阿拉伯・蘇菲(星群)
HIP 109737,恆星,5.58,333.4355,-25.1809,22h13m44.5s,-25°10′51.1″,,韓國
HIP 109754,恆星,4.49,333.4699,+39.7150,22h13m52.8s,+39°42′54.0″,,阿拉伯・蘇菲、韓國
HIP 109786,恆星,5.53,333.5753,-21.0743,22h14m18.1s,-21°04′27.6″,,中國、中國(具名)、韓國
HIP 109789,恆星,5.43,333.5782,-27.7669,22h14m18.8s,-27°46′00.8″,,中國、中國(具名)、阿拉伯・蘇菲
HIP 109857,恆星,4.18,333.7626,+57.0438,22h15m03.0s,+57°02′37.7″,,中國、中國(具名)、阿拉伯・蘇菲、韓國
HIP 109908,恆星,4.80,333.9041,-41.3466,22h15m37.0s,-41°20′47.7″,,中國、中國(具名)
HIP 109937,恆星,4.15,333.9925,+37.7487,22h15m58.2s,+37°44′55.4″,,中國、中國(具名)、呂埃勒、西方/現代88星座、阿拉伯・蘇菲、韓國
HIP 109973,恆星,5.12,334.1105,-41.6272,22h16m26.5s,-41°37′38.1″,,中國(具名)、阿拉伯・古代
HIP 109990,恆星,6.14,334.1563,-25.8982,22h16m37.5s,-25°53′53.6″,,韓國
HIP 110003,恆星,4.16,334.2090,-7.7834,22h16m50.2s,-07°47′00.2″,Ancha,中國、中國(具名)、呂埃勒、西方/現代88星座、韓國
HIP 110009,恆星,5.79,334.2188,-9.0401,22h16m52.5s,-09°02′24.4″,,韓國
HIP 110023,恆星,5.75,334.2771,-5.3871,22h17m06.5s,-05°23′13.5″,,中國、中國(具名)
HIP 110078,恆星,5.47,334.4600,-77.5115,22h17m50.4s,-77°30′41.4″,,中國、中國(具名)
HIP 110103,恆星,5.74,334.5531,+62.8044,22h18m12.7s,+62°48′16.0″,,中國(具名)
HIP 110130,恆星,2.82,334.6248,-60.2598,22h18m29.9s,-60°15′35.2″,,中國、中國(具名)、呂埃勒、西方/現代88星座
HIP 110179,恆星,5.96,334.7534,-13.3050,22h19m00.8s,-13°18′18.1″,,中國、中國(具名)
HIP 110273,恆星,5.34,335.0497,-7.8211,22h20m11.9s,-07°49′16.0″,,中國、中國(具名)、羅馬尼亞、韓國
HIP 110298,恆星,5.37,335.1150,+5.7895,22h20m27.6s,+05°47′22.2″,,中國(具名)
HIP 110351,恆星,4.54,335.2566,+46.5366,22h21m01.6s,+46°32′11.7″,,中國、中國(具名)、圖皮-瓜拉尼、韓國
HIP 110371,恆星,4.81,335.3307,+28.3306,22h21m19.4s,+28°19′50.0″,,中國、中國(具名)、韓國
HIP 110386,恆星,4.99,335.3795,+12.2052,22h21m31.1s,+12°12′18.8″,,中國、中國(具名)
HIP 110391,恆星,5.12,335.3981,-21.5986,22h21m35.6s,-21°35′55.0″,,中國、中國(具名)、韓國
HIP 110395,恆星,3.83,335.4146,-1.3873,22h21m39.5s,-01°23′14.3″,Sadachbia,中國、中國(具名)、印度(星群)、印度吠陀、呂埃勒、埃及、羅馬尼亞、西方/現代(星群)、西方/現代88星座、阿拉伯・古代、阿拉伯・月站、阿拉伯・蘇菲、阿拉伯・蘇菲(星群)、阿拉伯・阿拉伯半島、韓國
HIP 110529,恆星,5.53,335.8790,-24.7627,22h23m31.0s,-24°45′45.6″,,中國、中國(具名)、韓國
HIP 110532,恆星,5.91,335.8840,-7.1944,22h23m32.2s,-07°11′39.8″,,韓國
HIP 110538,恆星,4.44,335.8900,+52.2282,22h23m33.6s,+52°13′41.6″,,中國、中國(具名)、西方/現代88星座
HIP 110548,恆星,6.27,335.9164,+20.8483,22h23m39.9s,+20°50′54.0″,,中國(具名)
HIP 110578,恆星,5.78,336.0288,-4.8371,22h24m06.9s,-04°50′13.4″,,中國、中國(具名)
HIP 110602,恆星,5.75,336.1130,-13.5293,22h24m27.1s,-13°31′45.5″,,中國、中國(具名)
HIP 110609,恆星,4.58,336.1291,+49.4764,22h24m31.0s,+49°28′35.0″,,中國、中國(具名)、西方/現代88星座
HIP 110641,恆星,7.03,336.1936,-26.8601,22h24m46.5s,-26°51′36.2″,,中國、中國(具名)
HIP 110672,恆星,4.64,336.3193,+1.3774,22h25m16.6s,+01°22′38.7″,Seat,中國、中國(具名)、羅馬尼亞、西方/現代(星群)、阿拉伯・古代、阿拉伯・月站、阿拉伯・蘇菲、阿拉伯・蘇菲(星群)、阿拉伯・阿拉伯半島、韓國
HIP 110746,恆星,6.28,336.5447,-23.6825,22h26m10.7s,-23°40′56.8″,,韓國
HIP 110778,恆星,6.22,336.6438,-16.7420,22h26m34.5s,-16°44′31.1″,,中國、中國(具名)、阿拉伯・蘇菲
HIP 110785,恆星,5.81,336.6571,+4.3940,22h26m37.7s,+04°23′38.4″,,中國(具名)
HIP 110786,恆星,6.98,336.6738,-11.2283,22h26m41.7s,-11°13′41.7″,,中國(具名)
HIP 110817,恆星,5.51,336.7721,+65.1323,22h27m05.3s,+65°07′56.1″,,中國、中國(具名)
HIP 110838,恆星,4.49,336.8339,-64.9663,22h27m20.1s,-64°57′58.8″,,中國、中國(具名)
HIP 110882,恆星,4.80,336.9650,+4.6943,22h27m51.6s,+04°41′39.5″,,中國(具名)
HIP 110936,恆星,5.47,337.1636,-39.1325,22h28m39.3s,-39°07′57.0″,,中國、中國(具名)
HIP 110960,恆星,4.34,337.2087,-0.0198,22h28m50.1s,-00°01′11.3″,Sadaltager,中國、中國(具名)、呂埃勒、羅馬尼亞、西方/現代(星群)、西方/現代88星座、阿拉伯・古代、阿拉伯・月站、阿拉伯・蘇菲、阿拉伯・蘇菲(星群)、阿拉伯・阿拉伯半島、韓國
HIP 110986,恆星,5.57,337.2835,+9.1289,22h29m08.0s,+09°07′44.2″,,中國、中國(具名)
HIP 110991,恆星,3.75,337.2929,+58.4152,22h29m10.3s,+58°24′54.7″,,中國、中國(具名)、呂埃勒、圖皮-瓜拉尼、納瓦荷、羅馬尼亞、韓國
HIP 110992,恆星,5.78,337.2927,+26.7632,22h29m10.3s,+26°45′47.4″,,阿拉伯・蘇菲
HIP 110997,恆星,3.97,337.3175,-43.4956,22h29m16.2s,-43°29′44.1″,,中國(具名)、埃及、西方/現代88星座、阿努塔、阿拉伯・古代
HIP 111022,恆星,4.37,337.3826,+47.7069,22h29m31.8s,+47°42′24.8″,,中國(具名)、呂埃勒、西方/現代88星座、韓國
HIP 111043,恆星,4.11,337.4392,-43.7492,22h29m45.4s,-43°44′57.1″,,中國、中國(具名)
HIP 111045,恆星,5.95,337.4423,-27.1073,22h29m46.2s,-27°06′26.3″,,阿拉伯・蘇菲
HIP 111056,恆星,5.46,337.4708,+78.8242,22h29m53.0s,+78°49′27.1″,Al Kalb al Rai,中國(具名)
HIP 111062,恆星,5.45,337.4913,+4.4310,22h29m57.9s,+04°25′51.6″,,中國(具名)
HIP 111068,恆星,5.65,337.5077,+32.5726,22h30m01.9s,+32°34′21.3″,,中國(具名)
HIP 111086,恆星,6.35,337.5725,-14.5859,22h30m17.4s,-14°35′09.2″,,中國、中國(具名)
HIP 111104,恆星,4.51,337.6219,+43.1234,22h30m29.3s,+43°07′24.1″,,中國(具名)、埃及、西方/現代88星座、阿拉伯・蘇菲、韓國
HIP 111123,恆星,4.81,337.6617,-10.6781,22h30m38.8s,-10°40′41.1″,,中國、中國(具名)、西方/現代88星座、阿拉伯・蘇菲、韓國
HIP 111169,恆星,3.77,337.8239,+50.2826,22h31m17.7s,+50°16′57.3″,,中國、中國(具名)、呂埃勒、西方/現代88星座
HIP 111188,恆星,4.29,337.8767,-32.3462,22h31m30.4s,-32°20′46.2″,Fum al Hui,中國(具名)、呂埃勒、西方/現代88星座、阿拉伯・古代、阿拉伯・蘇菲
HIP 111200,恆星,6.38,337.9225,-10.9057,22h31m41.4s,-10°54′20.6″,,中國、中國(具名)
HIP 111278,恆星,6.41,338.1486,+20.2302,22h32m35.7s,+20°13′48.6″,,中國(具名)
HIP 111394,恆星,5.88,338.5123,-1.5744,22h34m03.0s,-01°34′27.9″,,中國(具名)
HIP 111449,恆星,5.20,338.6745,-20.7089,22h34m41.9s,-20°42′31.9″,,中國、中國(具名)
HIP 111497,恆星,4.03,338.8395,-0.1177,22h35m21.5s,-00°07′03.9″,,中國、中國(具名)、呂埃勒、埃及、羅馬尼亞、西方/現代(星群)、西方/現代88星座、阿拉伯・古代、阿拉伯・月站、阿拉伯・蘇菲、阿拉伯・蘇菲(星群)、阿拉伯・阿拉伯半島、韓國
HIP 111532,恆星,5.05,338.9449,+73.6433,22h35m46.8s,+73°38′35.9″,,中國(具名)、西方/現代(星群)、韓國
HIP 111539,恆星,6.37,338.9532,-17.4606,22h35m48.8s,-17°27′38.2″,,中國、中國(具名)
HIP 111546,恆星,5.69,338.9678,+39.6343,22h35m52.3s,+39°38′03.5″,,中國(具名)
HIP 111674,恆星,4.63,339.3430,+51.5447,22h37m22.3s,+51°32′40.8″,,中國、中國(具名)
HIP 111710,恆星,5.03,339.4388,-4.2286,22h37m45.3s,-04°13′42.9″,Situla,中國、中國(具名)
HIP 111797,恆星,5.19,339.6627,+63.5844,22h38m39.1s,+63°35′03.8″,,中國(具名)
HIP 111810,恆星,5.82,339.7189,+19.5218,22h38m52.5s,+19°31′18.6″,,中國(具名)
HIP 111841,恆星,4.88,339.8153,+39.0502,22h39m15.7s,+39°03′00.9″,,中國(具名)、阿拉伯・蘇菲、韓國
HIP 111843,恆星,6.95,339.8166,-10.0278,22h39m16.0s,-10°01′40.1″,,中國、中國(具名)
HIP 111884,恆星,6.32,339.9459,+19.6811,22h39m47.0s,+19°40′51.9″,,中國(具名)
HIP 111944,恆星,4.46,340.1292,+44.2764,22h40m31.0s,+44°16′34.9″,,中國、中國(具名)、埃及、阿拉伯・蘇菲、韓國
HIP 111954,恆星,4.18,340.1641,-27.0436,22h40m39.4s,-27°02′37.0″,,中國、中國(具名)、呂埃勒、西方/現代88星座、阿拉伯・蘇菲、韓國
HIP 112029,恆星,3.41,340.3659,+10.8313,22h41m27.8s,+10°49′52.7″,Homam,中國、中國(具名)、呂埃勒、埃及、羅馬尼亞(具名)、西方/現代88星座、阿拉伯・古代、阿拉伯・月站、阿拉伯・蘇菲、阿拉伯・蘇菲(星群)、韓國
HIP 112031,恆星,5.23,340.3694,+40.2254,22h41m28.6s,+40°13′31.5″,,中國(具名)、阿拉伯・蘇菲
HIP 112051,恆星,4.79,340.4392,+29.3075,22h41m45.4s,+29°18′27.0″,Sadalmatar,中國、中國(具名)、阿拉伯・古代、阿拉伯・月站、阿拉伯・蘇菲(星群)、韓國
HIP 112102,恆星,6.17,340.5921,-29.3611,22h42m22.1s,-29°21′40.1″,,中國、中國(具名)
HIP 112122,恆星,2.11,340.6678,-46.8846,22h42m40.3s,-46°53′04.5″,Tiaki,中國、中國(具名)、呂埃勒、西方/現代88星座、阿努塔、阿拉伯・古代、阿拉伯・古代(具名)、阿拉伯・月站、阿拉伯・月站(具名)
HIP 112158,恆星,2.95,340.7506,+30.2211,22h43m00.2s,+30°13′16.1″,Matar,中國、中國(具名)、呂埃勒、西方/現代(星群)、西方/現代88星座、阿拉伯・古代、阿拉伯・月站、阿拉伯・蘇菲、阿拉伯・蘇菲(星群)、韓國
HIP 112161,恆星,7.04,340.7550,-10.1026,22h43m01.2s,-10°06′09.5″,,中國、中國(具名)
HIP 112179,恆星,6.41,340.8095,-6.9630,22h43m14.3s,-06°57′46.7″,,中國(具名)
HIP 112203,恆星,4.83,340.8750,-41.4148,22h43m30.0s,-41°24′53.1″,,中國、中國(具名)
HIP 112211,恆星,4.69,340.8967,-18.8305,22h43m35.2s,-18°49′49.8″,,中國、中國(具名)、阿拉伯・蘇菲、韓國
HIP 112242,恆星,5.08,341.0228,+41.8192,22h44m05.5s,+41°49′09.3″,,中國(具名)、阿拉伯・蘇菲、韓國
HIP 112358,恆星,6.27,341.3673,+19.3668,22h45m28.1s,+19°22′00.5″,,中國(具名)
HIP 112362,恆星,6.53,341.3855,-25.2369,22h45m32.5s,-25°14′12.8″,,中國、中國(具名)
HIP 112374,恆星,4.85,341.4081,-53.5000,22h45m37.9s,-53°30′00.2″,,中國、中國(具名)
HIP 112405,恆星,4.13,341.5130,-81.3816,22h46m03.1s,-81°22′53.8″,,西方/現代88星座
HIP 112440,恆星,3.93,341.6331,+23.5656,22h46m31.9s,+23°33′56.2″,Sadalnazi,中國、中國(具名)、呂埃勒、西方/現代88星座、阿拉伯・古代、阿拉伯・月站、阿拉伯・蘇菲、阿拉伯・蘇菲(星群)、韓國
HIP 112447,恆星,4.20,341.6743,+12.1707,22h46m41.8s,+12°10′14.5″,Suudalnujum,中國、中國(具名)、埃及、西方/現代88星座、阿拉伯・古代、阿拉伯・月站、阿拉伯・蘇菲、阿拉伯・蘇菲(星群)、韓國
HIP 112519,恆星,4.78,341.8720,+83.1540,22h47m29.3s,+83°09′14.5″,,中國(具名)、韓國
HIP 112529,恆星,5.26,341.8875,-19.6143,22h47m33.0s,-19°36′51.5″,,中國、中國(具名)、阿拉伯・蘇菲、韓國
HIP 112542,恆星,5.68,341.9283,-14.0565,22h47m42.8s,-14°03′23.3″,,中國、中國(具名)
HIP 112615,恆星,6.18,342.1260,-10.5554,22h48m30.2s,-10°33′19.6″,,中國、中國(具名)
HIP 112623,恆星,3.47,342.1395,-51.3171,22h48m33.5s,-51°19′01.7″,,中國、中國(具名)、埃及、西方/現代88星座、阿努塔
HIP 112716,恆星,3.98,342.3979,-13.5928,22h49m35.5s,-13°35′34.1″,,中國、中國(具名)、羅馬尼亞、西方/現代88星座、阿拉伯・古代、阿拉伯・蘇菲、韓國
HIP 112724,恆星,3.54,342.4193,+66.1998,22h49m40.6s,+66°11′59.5″,,中國、中國(具名)、呂埃勒、圖皮-瓜拉尼、西方/現代88星座、阿拉伯・古代、阿拉伯・蘇菲、阿拉伯・蘇菲(星群)、韓國
HIP 112731,恆星,5.44,342.4436,+55.9029,22h49m46.5s,+55°54′10.6″,,夏威夷星線
HIP 112748,恆星,3.48,342.5015,+24.6014,22h50m00.4s,+24°36′05.0″,Sadalbari,中國、中國(具名)、呂埃勒、西方/現代88星座、阿拉伯・古代、阿拉伯・月站、阿拉伯・蘇菲、阿拉伯・蘇菲(星群)、韓國
HIP 112778,恆星,5.91,342.5908,+41.9534,22h50m21.8s,+41°57′12.2″,,中國(具名)
HIP 112862,恆星,5.99,342.8372,-29.5364,22h51m20.9s,-29°32′10.9″,,中國、中國(具名)
HIP 112917,恆星,4.94,343.0091,+43.3125,22h52m02.2s,+43°18′45.1″,,中國、中國(具名)、阿拉伯・蘇菲、韓國
HIP 112935,恆星,5.13,343.1027,+9.8359,22h52m24.6s,+09°50′09.1″,,中國、中國(具名)、韓國
HIP 112948,恆星,4.51,343.1312,-32.8756,22h52m31.5s,-32°52′32.2″,,中國、中國(具名)、阿拉伯・蘇菲
HIP 112961,恆星,3.79,343.1537,-7.5795,22h52m36.9s,-07°34′46.0″,Hydor,中國、中國(具名)、呂埃勒、羅馬尼亞、西方/現代88星座、阿拉伯・古代、阿拉伯・蘇菲、韓國
HIP 113031,恆星,5.78,343.3697,-11.6165,22h53m28.7s,-11°36′59.4″,,中國、中國(具名)
HIP 113116,恆星,4.68,343.6085,+84.3463,22h54m26.0s,+84°20′46.6″,,中國、中國(具名)、韓國
HIP 113127,恆星,6.18,343.6421,-7.2048,22h54m34.1s,-07°12′17.2″,,中國(具名)
HIP 113136,恆星,3.28,343.6624,-15.8209,22h54m39.0s,-15°49′15.4″,Skat,中國、中國(具名)、呂埃勒、羅馬尼亞、西方/現代88星座、阿拉伯・古代、阿拉伯・蘇菲
HIP 113148,恆星,5.56,343.6884,-16.2724,22h54m45.2s,-16°16′20.5″,,中國、中國(具名)
HIP 113186,恆星,4.90,343.8073,+8.8162,22h55m13.8s,+08°48′58.5″,,中國(具名)、阿拉伯・蘇菲、韓國
HIP 113189,恆星,6.41,343.8124,-36.3886,22h55m15.0s,-36°23′18.8″,,阿拉伯・蘇菲(星群)
HIP 113246,恆星,4.21,343.9871,-32.5395,22h55m56.9s,-32°32′22.1″,,中國、中國(具名)、西方/現代88星座、阿拉伯・古代、阿拉伯・蘇菲
HIP 113281,恆星,5.59,344.0984,+41.6039,22h56m23.6s,+41°36′13.9″,,中國(具名)、阿拉伯・蘇菲
HIP 113288,恆星,4.94,344.1083,+49.7335,22h56m26.0s,+49°44′00.7″,,韓國
HIP 113327,恆星,5.43,344.2688,+48.6840,22h57m04.5s,+48°41′02.6″,,韓國
HIP 113345,恆星,6.31,344.3216,-4.8101,22h57m17.2s,-04°48′36.4″,,中國、中國(具名)
HIP 113357,恆星,5.46,344.3676,+20.7691,22h57m28.2s,+20°46′08.8″,Helvetios,中國(具名)
HIP 113368,恆星,1.16,344.4144,-29.6230,22h57m39.4s,-29°37′22.7″,Fomalhaut,中國、中國(具名)、呂埃勒、夏威夷星線、夏威夷星線(具名)、西方/現代(星群)、西方/現代88星座、阿拉伯・古代、阿拉伯・古代(具名)、阿拉伯・月站、阿拉伯・月站(具名)、阿拉伯・蘇菲、阿拉伯・蘇菲(具名)、韓國
HIP 113503,恆星,6.00,344.7993,+11.7287,22h59m11.8s,+11°43′43.3″,,中國(具名)
HIP 113521,恆星,5.43,344.8648,+0.9626,22h59m27.5s,+00°57′45.4″,,中國(具名)
HIP 113561,恆星,5.13,345.0212,+56.9454,23h00m05.1s,+56°56′43.3″,,韓國
HIP 113610,恆星,6.22,345.1581,+0.1859,23h00m37.9s,+00°11′09.4″,,中國(具名)
HIP 113638,恆星,4.12,345.2196,-52.7542,23h00m52.7s,-52°45′15.1″,,中國、中國(具名)、西方/現代88星座
HIP 113726,恆星,3.62,345.4804,+42.3260,23h01m55.3s,+42°19′33.6″,,中國(具名)、呂埃勒、阿拉伯・蘇菲、韓國
HIP 113788,恆星,5.04,345.6519,+42.7578,23h02m36.5s,+42°45′28.1″,,中國(具名)、阿拉伯・蘇菲
HIP 113864,恆星,5.23,345.8873,+67.2093,23h03m32.9s,+67°12′33.3″,,韓國
HIP 113881,恆星,2.42,345.9445,+28.0834,23h03m46.7s,+28°05′00.2″,Scheat,中國、中國(具名)、印度(星群)、印度吠陀、呂埃勒、埃及、夏威夷星線、夏威夷星線(具名)、日本月站、納瓦荷、羅馬尼亞、西方/現代(星群)、西方/現代88星座、阿努塔、阿拉伯・古代、阿拉伯・古代(具名)、阿拉伯・月站、阿拉伯・月站(具名)、阿拉伯・蘇菲、阿拉伯・蘇菲(具名)、阿拉伯・蘇菲(星群)、阿拉伯・阿拉伯半島、阿拉伯・阿拉伯半島(具名)、韓國
HIP 113889,恆星,4.52,345.9693,+3.8200,23h03m52.6s,+03°49′12.0″,Fumalsamakah,中國、中國(具名)、羅馬尼亞、阿拉伯・古代、阿拉伯・蘇菲、韓國
HIP 113919,恆星,4.64,346.0469,+50.0528,23h04m11.3s,+50°03′10.2″,,中國、中國(具名)、韓國
HIP 113963,恆星,2.48,346.1905,+15.2051,23h04m45.7s,+15°12′18.3″,Markab,中國、中國(具名)、印度(星群)、印度吠陀、呂埃勒、埃及、夏威夷星線、夏威夷星線(具名)、日本月站、羅馬尼亞、西方/現代(星群)、西方/現代88星座、阿努塔、阿拉伯・古代、阿拉伯・古代(具名)、阿拉伯・月站、阿拉伯・月站(具名)、阿拉伯・蘇菲、阿拉伯・蘇菲(具名)、阿拉伯・蘇菲(星群)、阿拉伯・阿拉伯半島、阿拉伯・阿拉伯半島(具名)、韓國
HIP 113996,恆星,5.47,346.2913,-7.6938,23h05m09.9s,-07°41′37.6″,,中國、中國(具名)、阿拉伯・蘇菲、韓國
HIP 114054,恆星,6.69,346.4689,-7.9367,23h05m52.5s,-07°56′12.3″,,中國、中國(具名)
HIP 114104,恆星,4.84,346.6535,+59.4197,23h06m36.8s,+59°25′11.1″,,中國(具名)、圖皮-瓜拉尼、韓國
HIP 114119,恆星,4.47,346.6705,-23.7431,23h06m40.9s,-23°44′35.3″,,中國、中國(具名)、阿拉伯・古代、阿拉伯・蘇菲、韓國
HIP 114131,恆星,4.33,346.7194,-43.5204,23h06m52.7s,-43°31′13.5″,,中國、中國(具名)、西方/現代88星座
HIP 114144,恆星,4.52,346.7511,+9.4094,23h07m00.3s,+09°24′34.0″,,中國、中國(具名)、韓國
HIP 114155,恆星,4.74,346.7781,+25.4681,23h07m06.7s,+25°28′05.3″,,中國(具名)
HIP 114164,恆星,7.37,346.7988,-7.6948,23h07m11.7s,-07°41′41.3″,,中國、中國(具名)
HIP 114200,恆星,5.29,346.9135,+46.3871,23h07m39.2s,+46°23′13.5″,,中國(具名)
HIP 114210,恆星,5.66,346.9401,+49.2964,23h07m45.6s,+49°17′46.9″,,中國(具名)
HIP 114222,恆星,4.41,346.9745,+75.3874,23h07m53.9s,+75°23′14.5″,Al Aghnam II,中國、中國(具名)、西方/現代(星群)、阿拉伯・古代(具名)、韓國
HIP 114273,恆星,5.43,347.1712,+2.1283,23h08m41.1s,+02°07′42.0″,,中國(具名)、韓國
HIP 114341,恆星,3.64,347.3619,-21.1723,23h09m26.9s,-21°10′20.2″,,中國、中國(具名)、呂埃勒、西方/現代88星座、阿拉伯・古代、阿拉伯・蘇菲、韓國
HIP 114347,恆星,5.14,347.3811,+8.6772,23h09m31.5s,+08°40′37.8″,,中國(具名)
HIP 114365,恆星,5.68,347.4339,+59.3327,23h09m44.1s,+59°19′57.7″,,中國(具名)
HIP 114375,恆星,4.80,347.4789,-22.4577,23h09m54.9s,-22°27′27.6″,,中國、中國(具名)、阿拉伯・古代、阿拉伯・蘇菲、韓國
HIP 114389,恆星,5.39,347.5060,+9.8221,23h10m01.4s,+09°49′19.4″,,中國(具名)、韓國
HIP 114421,恆星,3.88,347.5906,-45.2468,23h10m21.7s,-45°14′48.6″,,中國、中國(具名)、西方/現代88星座、阿拉伯・古代
HIP 114430,恆星,5.89,347.6122,+43.5434,23h10m26.9s,+43°32′36.2″,,中國(具名)
HIP 114520,恆星,5.15,347.9341,+8.7201,23h11m44.2s,+08°43′12.3″,,中國(具名)、韓國
HIP 114526,恆星,6.21,347.9540,+26.8468,23h11m49.0s,+26°50′48.5″,,中國(具名)
HIP 114570,恆星,4.52,348.1381,+49.4066,23h12m33.2s,+49°24′23.9″,,中國、中國(具名)、韓國
HIP 114622,恆星,5.57,348.3377,+57.1697,23h13m21.1s,+57°10′10.8″,Bradley 3077,韓國
HIP 114724,恆星,4.22,348.5808,-6.0499,23h14m19.4s,-06°02′59.6″,,中國、中國(具名)、圖卡諾、阿拉伯・蘇菲、韓國
HIP 114844,恆星,6.50,348.9429,+28.2479,23h15m46.3s,+28°14′52.4″,,中國(具名)
HIP 114855,恆星,4.25,348.9746,-9.0878,23h15m53.9s,-09°05′16.1″,,中國、中國(具名)、圖卡諾、西方/現代88星座、阿拉伯・蘇菲、韓國
HIP 114924,恆星,5.57,349.1771,+53.2124,23h16m42.5s,+53°12′44.7″,,韓國
HIP 114939,恆星,5.06,349.2122,-7.7266,23h16m50.9s,-07°43′35.6″,,中國、中國(具名)、圖卡諾、羅馬尼亞、阿拉伯・蘇菲、韓國
HIP 114971,恆星,3.70,349.2948,+3.2824,23h17m10.7s,+03°16′56.5″,,中國、中國(具名)、羅馬尼亞、西方/現代(星群)、西方/現代88星座、阿拉伯・古代、阿拉伯・蘇菲、韓國
HIP 114996,恆星,3.98,349.3572,-58.2354,23h17m25.7s,-58°14′07.3″,,中國、中國(具名)、呂埃勒、西方/現代88星座
HIP 115022,恆星,4.86,349.4363,+49.0153,23h17m44.7s,+49°00′55.2″,,中國、中國(具名)、韓國
HIP 115033,恆星,4.40,349.4760,-9.1826,23h17m54.2s,-09°10′57.3″,,中國、中國(具名)、圖卡諾、羅馬尼亞、阿拉伯・蘇菲、韓國
HIP 115065,恆星,5.97,349.5971,+41.7736,23h18m23.3s,+41°46′25.0″,,中國(具名)
HIP 115088,恆星,4.87,349.6569,+68.1115,23h18m37.6s,+68°06′41.4″,,中國、中國(具名)、韓國
HIP 115102,恆星,4.41,349.7061,-32.5324,23h18m49.5s,-32°31′56.6″,,西方/現代88星座
HIP 115115,恆星,5.00,349.7405,-9.6108,23h18m57.7s,-09°36′38.8″,,中國、中國(具名)、圖卡諾、阿拉伯・蘇菲、韓國
HIP 115125,恆星,7.59,349.7787,-13.4557,23h19m06.9s,-13°27′20.6″,,中國、中國(具名)、韓國
HIP 115126,恆星,5.18,349.7792,-13.4591,23h19m07.0s,-13°27′32.8″,,韓國
HIP 115142,恆星,5.55,349.8508,-5.1244,23h19m24.2s,-05°07′28.0″,,韓國
HIP 115152,恆星,5.44,349.8743,+48.6256,23h19m29.8s,+48°37′32.0″,,中國(具名)
HIP 115171,恆星,6.30,349.9245,+48.3811,23h19m41.9s,+48°22′51.9″,,中國(具名)
HIP 115191,恆星,5.79,349.9687,+42.0781,23h19m52.5s,+42°04′41.2″,,中國(具名)
HIP 115227,恆星,5.07,350.0861,+5.3810,23h20m20.7s,+05°22′51.8″,,中國(具名)、西方/現代(星群)、阿拉伯・古代、阿拉伯・蘇菲
HIP 115250,恆星,4.58,350.1595,+23.7403,23h20m38.3s,+23°44′25.2″,Salm,中國、中國(具名)、阿拉伯・古代、阿拉伯・月站、阿拉伯・蘇菲(星群)、韓國
HIP 115271,恆星,5.56,350.2069,+30.4146,23h20m49.6s,+30°24′52.6″,,中國(具名)
HIP 115280,恆星,5.76,350.2227,+38.1821,23h20m53.4s,+38°10′55.4″,,中國(具名)
HIP 115355,恆星,5.35,350.4789,+31.8124,23h21m54.9s,+31°48′44.8″,,中國(具名)
HIP 115404,恆星,5.22,350.6637,-15.0393,23h22m39.3s,-15°02′21.4″,,中國、中國(具名)、阿拉伯・蘇菲、韓國
HIP 115407,恆星,6.27,350.6689,+20.8287,23h22m40.5s,+20°49′43.2″,,中國(具名)
HIP 115438,恆星,3.98,350.7420,-20.1010,23h22m58.1s,-20°06′03.7″,,中國、中國(具名)、圖卡諾、羅馬尼亞、西方/現代88星座、阿拉伯・古代、阿拉伯・蘇菲、韓國
HIP 115444,恆星,5.08,350.7691,+12.3138,23h23m04.6s,+12°18′49.7″,,中國、中國(具名)
HIP 115481,恆星,10.31,350.8990,+14.4801,23h23m35.8s,+14°28′48.5″,,中國(具名)
HIP 115590,恆星,4.96,351.2095,+62.2828,23h24m50.3s,+62°16′57.9″,,中國(具名)
HIP 115591,恆星,5.55,351.2119,+32.3849,23h24m50.9s,+32°23′05.6″,,中國(具名)
HIP 115623,恆星,4.40,351.3459,+23.4043,23h25m23.0s,+23°24′15.3″,Alkarab,中國、中國(具名)、埃及、阿拉伯・古代、阿拉伯・月站、阿拉伯・蘇菲(星群)、韓國
HIP 115669,恆星,4.39,351.5114,-20.6423,23h26m02.7s,-20°38′32.3″,,中國、中國(具名)、圖卡諾、阿拉伯・古代、阿拉伯・蘇菲、韓國
HIP 115738,恆星,4.94,351.7335,+1.2552,23h26m56.0s,+01°15′18.6″,,中國、中國(具名)、羅馬尼亞、西方/現代(星群)、西方/現代88星座、阿拉伯・古代、阿拉伯・蘇菲、韓國
HIP 115746,恆星,5.56,351.7610,+87.3076,23h27m02.6s,+87°18′27.3″,,中國(具名)
HIP 115755,恆星,5.74,351.7814,+42.9121,23h27m07.5s,+42°54′43.5″,,中國(具名)
HIP 115768,恆星,6.25,351.8118,+1.1225,23h27m14.8s,+01°07′20.9″,,中國(具名)
HIP 115806,恆星,5.98,351.9184,+25.1671,23h27m40.4s,+25°10′01.6″,,中國(具名)
HIP 115830,恆星,4.30,351.9915,+6.3788,23h27m58.0s,+06°22′43.7″,,中國、中國(具名)、羅馬尼亞、西方/現代(星群)、西方/現代88星座、阿拉伯・古代、阿拉伯・蘇菲、韓國
HIP 115919,恆星,4.56,352.2890,+12.7607,23h29m09.4s,+12°45′38.4″,,中國、中國(具名)
HIP 115945,恆星,6.34,352.3624,-1.7913,23h29m27.0s,-01°47′28.7″,,中國(具名)
HIP 115951,恆星,6.89,352.3763,-1.0360,23h29m30.3s,-01°02′09.6″,,中國、中國(具名)
HIP 115990,恆星,4.89,352.5082,+58.5489,23h30m02.0s,+58°32′56.2″,,中國、中國(具名)、韓國
HIP 116076,恆星,5.23,352.8242,+39.2358,23h31m17.8s,+39°14′09.0″,Veritate,中國(具名)
HIP 116118,恆星,6.24,352.9252,-21.3694,23h31m42.0s,-21°22′10.0″,,中國、中國(具名)、圖卡諾
HIP 116146,恆星,6.38,352.9899,-1.0858,23h31m57.6s,-01°05′08.9″,,中國(具名)
HIP 116231,恆星,4.37,353.2433,-37.8182,23h32m58.4s,-37°49′05.4″,,中國、中國(具名)、西方/現代88星座
HIP 116247,恆星,4.76,353.3193,-20.9145,23h33m16.6s,-20°54′52.1″,,中國、中國(具名)、圖卡諾、阿拉伯・古代、阿拉伯・蘇菲、韓國
HIP 116264,恆星,5.42,353.3671,+22.4987,23h33m28.1s,+22°29′55.3″,,中國(具名)
HIP 116310,恆星,5.01,353.4887,+31.3252,23h33m57.3s,+31°19′30.7″,,中國(具名)
HIP 116323,恆星,5.87,353.5380,-1.2476,23h34m09.1s,-01°14′51.4″,,中國(具名)
HIP 116354,恆星,5.56,353.6563,+40.2362,23h34m37.5s,+40°14′10.4″,,中國(具名)
HIP 116355,恆星,5.62,353.6592,+33.4974,23h34m38.2s,+33°29′50.7″,,中國(具名)
HIP 116368,恆星,5.94,353.7059,-15.2464,23h34m49.4s,-15°14′47.0″,,圖卡諾
HIP 116389,恆星,4.71,353.7693,-42.6151,23h35m04.6s,-42°36′54.4″,,中國、中國(具名)
HIP 116422,恆星,6.46,353.8689,+1.3130,23h35m28.5s,+01°18′46.9″,,中國(具名)、阿拉伯・古代
HIP 116482,恆星,6.57,354.0400,-26.8763,23h36m09.6s,-26°52′34.7″,,阿拉伯・蘇菲(星群)
HIP 116495,恆星,5.68,354.0966,+2.1025,23h36m23.2s,+02°06′09.0″,,中國(具名)
HIP 116584,恆星,3.82,354.3920,+46.4563,23h37m34.1s,+46°27′22.6″,,中國、中國(具名)、呂埃勒、圖皮-瓜拉尼、納瓦荷、西方/現代(星群)、阿拉伯・古代、阿拉伯・月站、阿拉伯・蘇菲、阿拉伯・蘇菲(星群)、韓國
HIP 116591,恆星,5.65,354.4150,-13.0601,23h37m39.6s,-13°03′36.4″,,圖卡諾、韓國
HIP 116602,恆星,4.74,354.4629,-45.4924,23h37m51.1s,-45°29′32.7″,,中國、中國(具名)、阿拉伯・古代
HIP 116611,恆星,5.48,354.4869,+18.4007,23h37m56.9s,+18°24′02.7″,,中國(具名)
HIP 116631,恆星,4.29,354.5343,+43.2681,23h38m08.2s,+43°16′05.0″,,中國、中國(具名)、呂埃勒、西方/現代(星群)、阿拉伯・古代、阿拉伯・月站、阿拉伯・蘇菲、阿拉伯・蘇菲(星群)、韓國
HIP 116687,恆星,6.61,354.7046,+62.1349,23h38m49.1s,+62°08′05.8″,,中國(具名)
HIP 116709,恆星,5.35,354.7846,+50.4717,23h39m08.3s,+50°28′18.2″,,中國(具名)
HIP 116727,恆星,3.26,354.8358,+77.6331,23h39m20.6s,+77°37′59.2″,Errai,中國(具名)、呂埃勒、羅馬尼亞、西方/現代(星群)、西方/現代88星座、阿拉伯・古代(具名)、阿拉伯・蘇菲、韓國
HIP 116758,恆星,4.98,354.9464,-14.2224,23h39m47.1s,-14°13′20.5″,,中國、中國(具名)、圖卡諾、阿拉伯・蘇菲
HIP 116771,恆星,4.12,354.9894,+5.6244,23h39m57.4s,+05°37′27.7″,,中國、中國(具名)、埃及、羅馬尼亞、西方/現代(星群)、西方/現代88星座、阿拉伯・古代、阿拉伯・蘇菲、韓國
HIP 116805,恆星,4.14,355.1026,+44.3338,23h40m24.6s,+44°20′01.9″,,中國、中國(具名)、呂埃勒、西方/現代(星群)、阿拉伯・古代、阿拉伯・月站、阿拉伯・蘇菲、阿拉伯・蘇菲(星群)、韓國
HIP 116853,恆星,5.92,355.2874,-11.6806,23h41m09.0s,-11°40′50.3″,,韓國
HIP 116889,恆星,5.34,355.3935,-18.0274,23h41m34.4s,-18°01′38.6″,,中國、中國(具名)
HIP 116901,恆星,4.83,355.4409,-17.8165,23h41m45.8s,-17°48′59.5″,,中國(具名)、圖卡諾、羅馬尼亞、阿拉伯・古代、阿拉伯・蘇菲、韓國
HIP 116928,恆星,4.51,355.5111,+1.7794,23h42m02.7s,+01°46′45.7″,,中國、中國(具名)、羅馬尼亞、西方/現代(星群)、西方/現代88星座、阿拉伯・古代、阿拉伯・蘇菲、韓國
HIP 116957,恆星,5.26,355.6160,-15.4481,23h42m27.8s,-15°26′53.2″,,圖卡諾、韓國
HIP 116962,恆星,6.39,355.6315,+61.6793,23h42m31.6s,+61°40′45.4″,,中國(具名)
HIP 116971,恆星,4.48,355.6811,-14.5452,23h42m43.5s,-14°32′42.7″,,中國、中國(具名)、圖卡諾、阿拉伯・古代、阿拉伯・蘇菲、韓國
HIP 116972,恆星,6.29,355.6832,+16.3358,23h42m44.0s,+16°20′08.8″,,中國(具名)
HIP 117020,恆星,5.07,355.8432,+10.3316,23h43m22.4s,+10°19′53.7″,,中國(具名)
HIP 117073,恆星,4.96,355.9982,+29.3613,23h43m59.6s,+29°21′40.6″,,中國(具名)
HIP 117089,恆星,5.24,356.0505,-18.2770,23h44m12.1s,-18°16′37.1″,,中國、中國(具名)、圖卡諾、阿拉伯・古代、阿拉伯・蘇菲
HIP 117218,恆星,5.62,356.5045,-18.6783,23h46m01.1s,-18°40′41.7″,,中國(具名)、圖卡諾、羅馬尼亞、韓國
HIP 117221,恆星,4.97,356.5086,+46.4202,23h46m02.1s,+46°25′12.9″,,中國、中國(具名)、圖皮-瓜拉尼、西方/現代(星群)、阿拉伯・古代、阿拉伯・月站、阿拉伯・蘇菲(星群)
HIP 117245,恆星,5.02,356.5978,+3.4867,23h46m23.5s,+03°29′12.1″,,中國(具名)、西方/現代(星群)、阿拉伯・古代、韓國
HIP 117301,恆星,4.87,356.7649,+58.6522,23h47m03.6s,+58°39′08.1″,,中國、中國(具名)、圖卡諾、韓國
HIP 117314,恆星,5.73,356.8161,-11.9115,23h47m15.9s,-11°54′41.6″,,韓國
HIP 117371,恆星,5.04,356.9784,+67.8068,23h47m54.8s,+67°48′24.5″,,中國、中國(具名)、阿拉伯・古代、阿拉伯・蘇菲(星群)
HIP 117375,恆星,5.49,356.9860,-2.7616,23h47m56.6s,-02°45′41.7″,,中國(具名)、阿拉伯・古代
HIP 117447,恆星,5.59,357.2090,+62.2145,23h48m50.2s,+62°12′52.2″,,中國(具名)
HIP 117472,恆星,6.36,357.3000,+58.9632,23h49m12.0s,+58°57′47.4″,,中國(具名)
HIP 117491,恆星,5.70,357.3645,+1.0760,23h49m27.5s,+01°04′33.6″,,中國、中國(具名)
HIP 117500,恆星,5.96,357.4145,+28.8425,23h49m39.5s,+28°50′33.0″,,中國(具名)
HIP 117541,恆星,5.94,357.5620,-9.9738,23h50m14.9s,-09°58′25.6″,,韓國
HIP 117567,恆星,5.69,357.6389,-14.4016,23h50m33.3s,-14°24′05.7″,,韓國
HIP 117628,恆星,5.78,357.8385,+9.3131,23h51m21.2s,+09°18′47.1″,,中國(具名)
HIP 117629,恆星,5.18,357.8390,-18.9092,23h51m21.4s,-18°54′33.1″,,中國、中國(具名)、圖卡諾、羅馬尼亞、阿拉伯・古代、阿拉伯・蘇菲、韓國
HIP 117683,恆星,5.55,357.9911,+2.9303,23h51m57.9s,+02°55′49.2″,,中國(具名)
HIP 117710,恆星,6.11,358.0972,+21.6711,23h52m23.3s,+21°40′15.9″,,中國(具名)
HIP 117718,恆星,5.08,358.1220,+19.1201,23h52m29.3s,+19°07′12.5″,,中國(具名)
HIP 117722,恆星,5.85,358.1245,-14.2512,23h52m29.9s,-14°15′04.4″,,羅馬尼亞
HIP 117730,恆星,5.30,358.1545,+10.9474,23h52m37.1s,+10°56′50.5″,,中國(具名)
HIP 117735,恆星,6.67,358.1674,+21.7424,23h52m40.2s,+21°44′32.8″,,中國(具名)
HIP 117756,恆星,5.75,358.2108,-8.9969,23h52m50.6s,-08°59′48.7″,,羅馬尼亞
HIP 117761,恆星,5.94,358.2318,-3.1557,23h52m55.6s,-03°09′20.4″,,中國(具名)
HIP 117774,恆星,6.28,358.2699,+2.0906,23h53m04.8s,+02°05′26.1″,,中國(具名)
HIP 117863,恆星,4.59,358.5959,+57.4994,23h54m23.0s,+57°29′57.7″,,中國、中國(具名)、圖卡諾、阿拉伯・蘇菲、韓國
HIP 117927,恆星,6.21,358.7826,+7.0709,23h55m07.8s,+07°04′15.2″,,中國(具名)
HIP 118077,恆星,5.56,359.2851,+55.7057,23h57m08.4s,+55°42′20.3″,,中國(具名)
HIP 118092,恆星,5.94,359.3337,-62.9565,23h57m20.1s,-62°57′23.3″,,中國、中國(具名)
HIP 118121,恆星,4.99,359.3970,-64.2985,23h57m35.3s,-64°17′54.6″,,中國(具名)、呂埃勒
HIP 118131,恆星,4.66,359.4395,+25.1413,23h57m45.5s,+25°08′28.5″,,中國(具名)
HIP 118178,恆星,6.28,359.5888,-15.8475,23h58m21.3s,-15°50′51.1″,,中國、中國(具名)
HIP 118209,恆星,4.89,359.6680,-3.5563,23h58m40.3s,-03°33′22.6″,,中國、中國(具名)、阿拉伯・古代、韓國
HIP 118243,恆星,5.01,359.7523,+55.7549,23h59m00.6s,+55°45′17.7″,,中國、中國(具名)、阿拉伯・蘇菲、韓國
HIP 118268,恆星,4.02,359.8285,+6.8628,23h59m18.9s,+06°51′46.2″,,中國、中國(具名)、羅馬尼亞、西方/現代88星座、阿拉伯・古代、阿拉伯・蘇菲、阿拉伯・蘇菲(星群)、韓國
HIP 118322,恆星,4.47,359.9796,-65.5772,23h59m55.1s,-65°34′38.1″,,中國、中國(具名)
NAME Sirius,其他,,,,,,,阿努塔(具名)
NAME Canopus,其他,,,,,,,阿努塔(具名)
NAME Procyon,其他,,,,,,,阿努塔(具名)
NAME Antares,其他,,,,,,,阿努塔(具名)
NAME Pleiades,深空天體/其他,1.6,56.7500,+24.1200,03h46m60.0s,+24°07′12.0″,昴宿星團,布吉斯(具名)、曼達爾(具名)、東加(具名)、西伯利亞(具名)、阿努塔(具名)、韓國(具名)、黑腳族(具名)
NAME Milky Way,其他,,,,,,Milky Way,布吉斯(具名)、曼達爾(具名)、東加(具名)、西伯利亞(具名)、阿努塔(具名)、黑腳族(具名)
NAME Large Magellanic Cloud,深空天體/其他,0.9,80.8900,-69.7600,05h23m33.6s,-69°45′36.0″,大麥哲倫雲,布吉斯(具名)、東加(具名)、阿努塔(具名)
NAME Small Magellanic Cloud,深空天體/其他,2.7,13.1600,-72.8000,00h52m38.4s,-72°47′60.0″,小麥哲倫雲,阿努塔(具名)
NAME Venus,其他,,,,,,,埃及(具名)、布吉斯(具名)、曼達爾(具名)、東加(具名)、阿努塔(具名)、阿拉伯・古代(具名)、阿拉伯・月站(具名)、阿拉伯・阿拉伯半島(具名)、黑腳族(具名)
NAME Mercury,其他,,,,,,,埃及(具名)、阿拉伯・古代(具名)、阿拉伯・月站(具名)
NAME Mars,其他,,,,,,,埃及(具名)、東加(具名)、阿拉伯・古代(具名)、阿拉伯・月站(具名)、黑腳族(具名)
NAME Jupiter,其他,,,,,,,埃及(具名)、阿拉伯・古代(具名)、阿拉伯・月站(具名)、黑腳族(具名)
NAME Saturn,其他,,,,,,,埃及(具名)、阿拉伯・古代(具名)、阿拉伯・月站(具名)
NAME Sun,其他,,,,,,,東加(具名)、阿拉伯・古代(具名)、阿拉伯・月站(具名)
NAME Moon,其他,,,,,,,東加(具名)、阿拉伯・古代(具名)、阿拉伯・月站(具名)
NGC 869,深空天體/其他,5.3,34.7500,+57.1300,02h19m00.0s,+57°07′48.0″,h Persei,阿拉伯・古代(具名)、阿拉伯・月站(具名)
NGC 884,深空天體/其他,6.1,35.6000,+57.1500,02h22m24.0s,+57°08′60.0″,χ Persei,阿拉伯・古代(具名)、阿拉伯・月站(具名)
M 45,深空天體/其他,1.6,56.7500,+24.1200,03h46m60.0s,+24°07′12.0″,Pleiades,阿拉伯・古代(具名)、阿拉伯・月站(具名)、阿拉伯・阿拉伯半島(具名)
M 44,深空天體/其他,3.7,130.1000,+19.6700,08h40m24.0s,+19°40′12.0″,Beehive Cluster,阿拉伯・古代(具名)、阿拉伯・月站(具名)
M 7,深空天體/其他,3.3,268.4500,-34.7900,17h53m48.0s,-34°47′24.0″,Ptolemy's Cluster,中國(具名)、阿拉伯・古代(具名)、阿拉伯・月站(具名)
NAME Orion Nebula,深空天體/其他,4.0,83.8200,-5.3900,05h35m16.8s,-05°23′24.0″,獵戶座大星雲 M42,因紐特(具名)、黑腳族(具名)
NAME Coalsack Nebula,深空天體/其他,,186.9000,-63.7000,12h27m36.0s,-63°42′00.0″,煤袋暗星雲,布吉斯(具名)
C 76,深空天體/其他,2.6,253.5400,-41.8300,16h54m09.6s,-41°49′48.0″,False Comet Nebula,中國(具名)
NAME Beehive Cluster,深空天體/其他,3.7,130.1000,+19.6700,08h40m24.0s,+19°40′12.0″,鬼宿星團,中國(具名)
NAME ω Cen Cluster,深空天體/其他,3.9,201.7000,-47.4800,13h26m48.0s,-47°28′48.0″,半人馬ω球狀星團,中國(具名)
NAME Andromeda Galaxy,深空天體/其他,3.4,10.6800,+41.2700,00h42m43.2s,+41°16′12.0″,仙女座星系 M31,中國(具名)
NAME Carina Nebula,深空天體/其他,3.0,161.2700,-59.8700,10h45m04.8s,-59°52′12.0″,船底座大星雲,中國(具名)
C 99,深空天體/其他,,186.9000,-63.7000,12h27m36.0s,-63°42′00.0″,Coalsack Nebula,東加(具名)
NGC 292,深空天體/其他,2.7,13.1600,-72.8000,00h52m38.4s,-72°47′60.0″,Small Magellanic Cloud,東加(具名)
C 41,深空天體/其他,0.5,66.7500,+15.8700,04h27m00.0s,+15°52′12.0″,Hyades,東加(具名)
