分類,Stellarium ID,英文名 English,原文名 Native,讀音 Pronounce,IPA,繁中譯名 zh_TW,星數,組成恆星 (HIP),對應國際星名,Stellarium 描述,社團清單,社團補充備註,參考文獻#
星座/星官,CON chinese 001,Net,毕宿,Bìxiù,,畢宿,9,20889 20648 20455 20205 21421 20885 20713 18724 21683,Ain、Secunda Hyadum、Prima Hyadum、Aldebaran、Hyadum III,,✓,,
星座/星官,CON chinese 002,Wall,壁宿,Bìxiù,,壁宿,2,1067 677,Algenib、Alpheratz,,✓,,
星座/星官,CON chinese 003,Three Stars,参宿,Shēnxiù,,參宿,7,27989 26727 26311 25930 24436 25336 27366,Betelgeuse、Alnitak、Alnilam、Mintaka、Rigel、Bellatrix、Saiph,,✓,,
星座/星官,CON chinese 004,Root,氐宿,Dīxiù,,氐宿,4,72622 74392 76333 74785,Zubenelgenubi II、Zubenelhakrabi、Zubeneschamali,,✓,,
星座/星官,CON chinese 005,Dipper,斗宿,Dǒuxiù,,斗宿,6,89341 90496 92041 92855 93864 93506,Polis、Kaus Borealis、Namalsadirah I、Nunki、Namalsadirah II、Ascella,,✓,,
星座/星官,CON chinese 006,Room,房宿,Fángxiù,,房宿,4,78820 78401 78265 78104,Acrab、Dschubba、Fang、Iklil,,✓,,
星座/星官,CON chinese 007,Ghosts,鬼宿,Guǐxiù,,鬼宿,4,41822 41909 42806 42911,Asellus Borealis、Asellus Australis,,,,
星座/星官,CON chinese 008,Winnowing Basket,箕宿,Jīxiù,,箕宿,4,88635 89931 90185 89642,Alnasl、Kaus Media、Kaus Australis、Hamalwarid,,✓,,
星座/星官,CON chinese 009,Horn,角宿,Jiǎoxiù,,角宿,2,65474 66249,Spica、Heze,,✓,,
星座/星官,CON chinese 010,Well,井宿,Jǐngxiù,,井宿,9,35350 34088 32921 32246 30883 30343 31681 32362 29655,Mekbuda、Mebsuta、Nucatai、Tejat、Alhena、Alzirr、Propus,,✓,,
星座/星官,CON chinese 011,Neck,亢宿,Kàngxiù,,亢宿,4,69427 69701 70755 69974,Kang、Syrma、Elgafar、Khambaliya,,,,
星座/星官,CON chinese 012,Legs,奎宿,Kuíxiù,,奎宿,16,4463 3693 3885 3031 3092 2912 3881 4436 5447 5175 5586 6315 6193 5742 5571 5131,Mirach,,✓,,
星座/星官,CON chinese 013,Willow,柳宿,Liǔxiù,,柳宿,8,42402 42799 43234 43109 42313 43813 44659 45336,Minchir、Minazal II、Minazal IV、Ashlesha、Minazal I、Minazal V,,✓,,
星座/星官,CON chinese 014,Bond,娄宿,Loúxiù,,婁宿,3,9884 8903 8832,Hamal、Sheratan、Mesarthim,,✓,,
星座/星官,CON chinese 015,Hairy Head,昴宿,Mǎoxiù,,昴宿,7,17499 17531 17579 17573 17608 17702 17847,Electra、Taygeta、Asterope、Maia、Merope、Alcyone、Atlas,,✓ 模糊對應（社團原文「Harry head」）,,
星座/星官,CON chinese 016,Ox,牛宿,Niúxiù,,牛宿,6,100345 100064 99572 100881 101123 101027,Dabih、Algedi,,✓,,
星座/星官,CON chinese 017,Girl,女宿,Nǚxiù,,女宿,4,102618 103045 102945 102624,Albali、Albulan I,,,,
星座/星官,CON chinese 018,Encampment,室宿,Shìxiù,,室宿,2,113963 113881,Markab、Scheat,,✓,,
星座/星官,CON chinese 019,Supreme Palace Right Wall,太微右垣,Tàiwēi Yòuyuán,,太微右垣,5,57757 55434 55642 54879 54872,Zavijava、Chertan、Zosma,,✓,,
星座/星官,CON chinese 020,Supreme Palace Left Wall,太微左垣,Tàiwēi Zuǒyuán,,太微左垣,5,60129 61941 63090 63608 64241,Zaniah、Porrima、Minelauva、Vindemiatrix、Diadem,,✓,,
星座/星官,CON chinese 021,Heavenly Market Right Wall,天市右垣,Tiānshì Yòuyuán,,天市右垣,11,80816 80170 79043 78072 77233 76276 77070 77622 79593 79882 81377,Kornephoros、Nasak Shamiya III、Marsic、Nasak Shamiya II、Nasak Shamiya I、Nasak Yamani I、Unukalhai、Nasak Yamani II、Yed Prior、Yed Posterior、Saik,,✓,,
星座/星官,CON chinese 022,Heavenly Market Left Wall,天市左垣,Tiānshì Zuǒyuán,,天市左垣,11,84379 85693 86974 88794 92614 93747 92946 89962 88048 86263 84012,Sarin、Maasym、Okab、Alya、Sabik,,✓,,
星座/星官,CON chinese 023,Rooftop,危宿,Wēixiù,,危宿,3,109074 109427 107315,Sadalmelik、Biham、Enif,,✓ 模糊對應（社團原文「Tooftop」）,,
星座/星官,CON chinese 024,Tail,尾宿,Wěixiù,,尾宿,10,82396 82514 82671 84143 86228 87073 86670 85927 85696 82545,Larawag、Xamidimura、Sargas、Girtab、Mula、Shaula、Lesath、Pipirima,,✓,,
星座/星官,CON chinese 025,Stomach,胃宿,Wèixiù,,胃宿,3,12719 13061 13209,Barani II、Lilii Borea、Bharani,,,,
星座/星官,CON chinese 026,Heart,心宿,Xīnxiù,,心宿,3,80112 80763 81266,Alniyat、Antares、Paikauhale,,✓,,
星座/星官,CON chinese 027,Star,,Xing Xiu,,星宿,7,46390 46509 46776 47431 45811 45751 46744,Alphard、Ukdah I、Ukdah II、Ukdah,,✓,,
星座/星官,CON chinese 028,Emptiness,虚宿,Xūxiù,,虛宿,2,106278 104987,Sadalsuud、Kitalpha,,✓,,
星座/星官,CON chinese 029,Wings,翼宿,Yìxiù,,翼宿,15,53740 55705 55598 52943 57283 58188 55282 56802 55874 55687 53975 56633 57587 54682 54204,Alkes、Al Sharasif,,✓,,
星座/星官,CON chinese 030,Extended Net,张宿,Zhāngxiù,,張宿,6,48356 49841 51069 49321 47452 52085,Zhang、Al Sharasif I,,,,
星座/星官,CON chinese 031,Chariot,轸宿,Zhěnxiù,,軫宿,7,61359 60965 59803 59316 60189 61174 59199,Kraz、Algorab、Gienah、Minkar、Alchiba,,✓,,
星座/星官,CON chinese 032,Purple Forbidden Right Wall,紫微右垣,Zǐwēi Yòuyuán,,紫微右垣,7,68756 61281 56211 46977 33104 22783 15520,Thuban、Giausar、Althiba VII,,,,
星座/星官,CON chinese 033,Purple Forbidden Left Wall,紫微左垣,Zǐwēi Zuǒyuán,,紫微左垣,8,75458 78527 80331 83895 92782 101260 114222 3721,Edasich、Athebyne、Aldhibah、Athafi I、Al Aghnam II,,✓,,
星座/星官,CON chinese 034,Turtle Beak,觜宿,Zīxiù,,觜宿,3,26207 26176 26366,Meissa、Heka,,,,
星座/星官,CON chinese 035,Eight Kinds of Crops,八谷,Bāgǔ,,八穀,8,28358 27949 27249 24348 23040 23783 23734 27971,,,,,
星座/星官,CON chinese 036,Net for Catching Birds,八魁,Bākuí,,八魁,6,910 301 118178 355 1803 1170,,,,,
星座/星官,CON chinese 037,Rotten Gourd,败瓜,Bàiguā,,敗瓜,5,101421 101483 101882 101800 101916,Aldulfin,,,,
星座/星官,CON chinese 038,Decayed Mortar,败臼,Bàijiù,,敗臼,4,108085 109111 112948 112102,Aldhanab,,✓,,
星座/星官,CON chinese 039,Northern Dipper,北斗,Běidǒu,,北斗,7,54061 53910 58001 59774 62956 65378 67301,Dubhe、Merak、Phecda、Megrez、Alioth、Mizar、Alkaid,,✓,,
星座/星官,CON chinese 040,North River,北河,Běihé,,北河,3,37826 36850 36366,Pollux、Castor,,✓,,
星座/星官,CON chinese 041,Northern Pole,北极,Běijí,,北極,5,75097 72607 70692 69112 62572,Pherkad、Kochab,,✓,,
星座/星官,CON chinese 042,North Gate of the Military Camp,北落师门,Běiluò Shīmén,,北落師門,1,113368,Fomalhaut,,✓,,
星座/星官,CON chinese 043,River Turtle,鳖,Biē,,鼈,11,90422 92308 93542 94005 94160 94114 93825 93174 92989 90968 90982,Meridiana,,,,
星座/星官,CON chinese 044,Persia,波斯,Bōsī,,波斯,1,101772,Persian,,✓,,
星座/星官,CON chinese 045,Textile Ruler,帛度,Bódù,,帛度,2,88267 88886,,,,,
星座/星官,CON chinese 046,Banner of Three Stars,参旗,Shēnqí,,參旗,9,22667 22957 22833 22845 22509 22449 22549 22797 23123,Al Kumm I、Al Kumm II、Manica、Al Taj IV、Al Taj I、Tabit、Al Taj II、Al Taj III、Al Taj V,,,,
星座/星官,CON chinese 047,Toilet,厕,Cé,,廁,4,25985 25606 27072 27654,Arneb、Nihal、Kursi al Jabbar、Arsh al Jauzah,,✓,,
星座/星官,CON chinese 048,Whip,策,Cè,,策,1,4427,Navi,,✓,,
星座/星官,CON chinese 049,Royal Guards,常陈,Chángchén,,常陳,7,63125 62207 61692 61317 60646 59831 58684,Cor Caroli、Chara,,✓,,
星座/星官,CON chinese 050,Big Yard for Chariots,车府,Chēfǔ,,車府,7,112917 111944 110351 106481 103632 104060 106711,,,,,
星座/星官,CON chinese 051,Chariots and Cavalry,车骑,Chēqí,,車騎,3,74395 71536 71121,,,,,
星座/星官,CON chinese 052,Commodity Market,车肆,Chēsì,,車肆,2,80628 82369,,,,,
星座/星官,CON chinese 053,Hay,刍藁,Chúhāo,,蒭藁,6,11345 12002 10642 11261 11029 12390,Sadr al Kaitos I、Sadr al Kaitos III,,,,
星座/星官,CON chinese 054,Pestle (In Winnowing Basket Mansion),杵 (箕宿),Chǔ (Jīxiù),,杵 (箕宿),3,86092 85792 85258,,,✓,(in winnowing basket mansion),
星座/星官,CON chinese 055,Pestle (In Rooftop Mansion),杵 (危宿),Chǔ (Wēixiù),,杵 (危宿),3,109937 109410 109056,,,,,
星座/星官,CON chinese 056,Changsha (Vassal of Chariot),长沙 (附轸宿),Chángshā,,長沙 (附軫宿),1,60189,,,,,
星座/星官,CON chinese 057,Guest House,传舍,Zhuànshè,,傳舍,9,117371 2707 4714 5589 10438 13665 16228 16281 16292,,,,,
星座/星官,CON chinese 058,Retinue (In Room Mansion),从官 (房宿),Cóngguān (Fángxiù),,從官 (房宿),2,77634 76945,,,,,
星座/星官,CON chinese 059,Retinue (In Supreme Palace Enclosure),从官 (太微垣),Cóngguān (Tàiwēiyuán),,從官 (太微垣),1,56975,,,,,
星座/星官,CON chinese 060,Great Horn,大角,Dàjiǎo,,大角,1,69673,Arcturus,,✓,,
星座/星官,CON chinese 061,Chief Judge,大理,Dàlǐ,,大理,1,59504,,,,,
星座/星官,CON chinese 062,Mausoleum,大陵,Dàlíng,,大陵,8,11060 13531 14632 14668 14576 14354 13254 12623,Misam、Algol、Gorgonea Tertia,,✓,,
星座/星官,CON chinese 063,Celestial Temple,天庙,Tiānmiào,,天廟,0,,,,,,
星座/星官,CON chinese 064,Mattress of the Emperor,帝席,Dìxí,,帝席,3,69226 68478 68103,,,,,
星座/星官,CON chinese 065,Emperor's Seat,帝座,Dì zuò,,帝座,1,84345,Rasalgethi,,✓,,
星座/星官,CON chinese 066,Eastern Door,东咸,Dōngxián,,東咸,4,80894 80569 80343 80975,,,,,
星座/星官,CON chinese 067,Dipper for Liquids,斗,Dǒu,,斗,5,80463 79492 79634 81008 81354,Cujam,,,,
星座/星官,CON chinese 068,Trials,顿顽,Dùnwán,,頓頑,2,74604 75177,,,,,
星座/星官,CON chinese 069,Send Armed Forces To Suppress (Vassal of Three Stars),伐 (附参宿),Fá,,伐 (附參宿),4,26237 26235 26241 26311,Mizan Batil I、Mizan Batil II、Hatysa、Alnilam,,✓,(Vassal of Three Stars),
星座/星官,CON chinese 070,Punishment,罚,Fá,,罰,3,79672 79005 78400,,,,,
星座/星官,CON chinese 071,Flying Fish,飞鱼,Fēiyú,,飛魚,6,44382 34481 41312 40817 35228 37504,,,,,
星座/星官,CON chinese 072,Tomb (Vassal of Rooftop),坟墓 (附危宿),Fénmù,,墳墓 (附危宿),5,110960 110395 111497 110672 109074,Sadaltager、Sadachbia、Seat、Sadalmelik,,✓,(vassal of the rooftop),
星座/星官,CON chinese 073,Axe,鈇钺,Fūyuè,,鈇鉞,3,116889 117089 117629,,,,,
星座/星官,CON chinese 074,Sickle,鈇锧,Fūzhì,,鈇鑕,3,6960 9347 9061,Al Naymat III,,,,
星座/星官,CON chinese 075,Basket for Mulberry Leaves,扶筐,Fúkuāng,,扶筐,7,91755 90905 90156 92512 92997 93340 93713,,,,,
星座/星官,CON chinese 076,White Patched Nearby,附白,Fùbái,,附白,2,17678 13244,,,,,
星座/星官,CON chinese 077,Auxiliary Road,附路,Fùlù,,附路,1,2920,Fulu,,,,
星座/星官,CON chinese 078,Fu Yue,傅说,Fù Yuè,,傅說,1,87261,Fuyue,,,,
星座/星官,CON chinese 079,Roofing,盖屋,Gàiwū,,葢屋,2,108874 108991,Sadalmulk,,,,
星座/星官,CON chinese 080,Canopy Support (Vassal of Canopy of the Emperor),杠 (附华盖),Gàng,,杠 (附華葢),9,17959 14862 9763 9802 9598 10031 9480 8016 7078,,,,,
星座/星官,CON chinese 081,Flying Corridor,阁道,Gédào,,閣道,6,11569 8886 6686 5542 3801 3504,Segin、Ruchbah、Marfak,,✓,,
星座/星官,CON chinese 082,Celestial Lance,梗河,Gěnghé,,梗河,3,72105 71284 71053,Izar,,✓,,
星座/星官,CON chinese 083,Curved Array,勾陈,Gōuchén,,勾陳,6,113116 5372 11767 85822 82080 77055,Polaris、Yildun、Circitores、Akfa Farkadain,,✓,,
星座/星官,CON chinese 084,Lock (Vassal of Room),钩钤 (附房宿),Gōuqián,,鈎鈴 (附房宿),3,78933 78990 78820,Jabhat Acrabi I、Jabhat Acrabi II、Acrab,,✓,(vassal of room),
星座/星官,CON chinese 085,Dog,狗,Gǒu,,狗,2,96465 95477,Namalsadirah III,,,,
星座/星官,CON chinese 086,Territory of Dog,狗国,Gǒuguó,,狗國,4,98066 98353 98688 98162,Terebellum、Terebellum III、Terebellum IV、Terebellum II,,,,
星座/星官,CON chinese 087,Coiled Thong,贯索,Guànsuǒ,,貫索,9,77048 76127 75695 76267 76952 77512 78159 78493 78459,Nusakan、Alphecca,,✓,,
星座/星官,CON chinese 088,Beacon Fire,爟,Guàn,,爟,4,40023 40881 41377 40240,Piautos,,,,
星座/星官,CON chinese 089,Tortoise,,Gui,,龜,5,83153 85267 85727 82363 83081,,,✓,,
星座/星官,CON chinese 090,Sea and Mountain,海山,Hǎishān,,海山,4,51232 52558 56561 57363,,,✓,,
星座/星官,CON chinese 091,Sea Rock,海石,Hǎishí,,海石,5,41037 45556 46974 47854 48002,Avior、Aspidiske,,✓,,
星座/星官,CON chinese 092,Military Gate,军门,Jūnmén,,軍門,0,,,,,,
星座/星官,CON chinese 093,Drum at the River,河鼓,Hégǔ,,河鼓,3,98036 97649 97278,Alshain、Altair、Tarazed,,✓,,
星座/星官,CON chinese 094,Crane,鹤,Hè,,鶴,12,109268 112122 112623 112374 114996 113638 114421 114131 112203 110936 111043 109908,Alnair、Tiaki,,✓,,
星座/星官,CON chinese 095,Railings,衡,Héng,,衡,4,67464 67472 68245 68862,,,,,
星座/星官,CON chinese 096,Astrologer,候,Hòu,,候,1,86032,Rasalhague,,✓,,
星座/星官,CON chinese 097,Bow and Arrow,弧矢,Húshǐ,,弧矢,9,34444 35904 37819 38901 38070 37229 33579 32759 35264,Wezen、Aludra、Adhara,,✓,,
星座/星官,CON chinese 098,Dipper for Solids,斛,Hú,,斛,4,82673 83000 82402 82073,,,,,
星座/星官,CON chinese 099,Emperor's Bodyguard,虎贲,Yézhě,,虎賁,1,54951,Zubrah,,,,
星座/星官,CON chinese 100,Good Gourd,瓠瓜,Hùguā,,瓠瓜,5,102532 101958 101769 102281 101589,Al Salib、Sualocin、Rotanev、Al Ukud,,,,
星座/星官,CON chinese 101,Canopy of the Emperor,华盖,Huágài,,華葢,7,7078 7650 5926 5518 6692 7965 9009,,,,,
星座/星官,CON chinese 102,Eunuch Official,宦者,Huàngzhě,,宦者,4,83430 83478 83613 84177,,,,,
星座/星官,CON chinese 103,Firebird,火鸟,Huǒniǎo,,火鳥,10,116231 116389 116602 765 2072 2081 3245 2472 5165 6867,Ankaa、Alrial II、Alrial III、Alrial V,,✓,,
星座/星官,CON chinese 104,Cumulative Corpses,积尸,Jīshī,,積尸,1,42673,,,,,
星座/星官,CON chinese 105,Heap of Corpses,积尸,JīShī,,積尸,1,13879,Gorgonea Secunda,,,,
星座/星官,CON chinese 106,Stored water,积水,Jīshuǐ,,積水,1,19167,,,,,
星座/星官,CON chinese 107,Pile of Firewood,积薪,Jīxīn,,積薪,1,37740,,,,,
星座/星官,CON chinese 108,Group of Soldiers,积卒,Jīzú,,積卒,2,78918 78384,,,,,
星座/星官,CON chinese 109,White Patches Attached,夹白,Jiābái,,夾白,2,24372 19780,,,,,
星座/星官,CON chinese 110,Establishment,建,Jiàn,,建,6,93085 93683 94141 94820 95168 95176,Albaldah,,✓,,
星座/星官,CON chinese 111,Clepsydra Terrace,渐台,Jiàntái,,漸臺,4,92791 92420 93194 93903,Sheliak、Sulafat,,,,
星座/星官,CON chinese 112,Door Bolt,键闭,Jiànbì,,鍵閉,1,79374,Jabbah,,,,
星座/星官,CON chinese 113,Goldfish,金鱼,Jīnyú,,金魚,5,19893 21281 26069 27100 29134,,,,,
星座/星官,CON chinese 114,Recommending Virtuous Men,进贤,Jìnxiǎn,,進賢,1,63414,,,,,
星座/星官,CON chinese 115,Accumulated Water,积水,Jīshuǐ,,積水,1,35710,,,,,
星座/星官,CON chinese 116,Nine Water Wells,九坎,Jiǔkǎn,,九坎,1,104680,,,,,
星座/星官,CON chinese 117,Nine Senior Officers,九卿,Jiǔqīng,,九卿,3,61960 62267 61579,,,,,
星座/星官,CON chinese 118,Imperial Military Flag,九斿,Jiǔyoú,,九斿,9,21515 22109 22701 23221 23231 22479 22263 21763 23474,,,,,
星座/星官,CON chinese 119,Interpreters of Nine Dialects,九州殊口,Jiǔzhōu Shūkǒu,,九州殊口,6,19777 19587 20507 21444 22024 21986,Beid,,,,
星座/星官,CON chinese 120,Banner of Wine Shop,酒旗,Jiǔqí,,酒旗,3,47723 46771 46454,,,,,
星座/星官,CON chinese 121,Mortar,臼,Jiù,,臼,4,110371 109176 107354 107310,,,,,
星座/星官,CON chinese 122,Rolled Tongue,卷舌,Juǎnshé,,卷舌,6,17529 18532 18614 18246 17448 17313,Menkib、Atik,,✓,,
星座/星官,CON chinese 123,Military Well,军井,Jūnjǐng,,軍井,4,24244 24327 24845 24873,,,,,
星座/星官,CON chinese 124,Southern Military Gate,军南门,Nánjūnmén,,軍南門,1,5434,,,,,
星座/星官,CON chinese 125,Market for Soldiers,军市,Jūnshì,,軍市,6,30324 31700 33092 33248 33152 31125,Mirzam、Udra,,✓,,
星座/星官,CON chinese 126,Chaff,糠,Kāng,,糠,1,85423,,,,,
星座/星官,CON chinese 127,Boats and Lake,亢池,Kàngchí,,亢池,4,70027 69260 69536 69989,,,,,
星座/星官,CON chinese 128,Peafowl,孔雀,Kǒngquè,,孔雀,11,86929 88866 90797 92609 93015 99240 102395 91792 98495 105858 100751,Peacock,,✓,,
星座/星官,CON chinese 129,Crying,哭,Kū,,哭,2,108036 109472,,,,,
星座/星官,CON chinese 130,Arsenal,库楼,Kùlóu,,庫樓,10,68002 71352 68933 67457 65936 63945 61932 61622 60517 60823,Alnair、Menkent、Muhlifain,,✓,,
星座/星官,CON chinese 131,Captain of the Bodyguards,郎将,Lángjiàng,,郎將,1,62763,Polaris Galacticus Borealis,,,,
星座/星官,CON chinese 132,Officers of the Imperial Guard,郎位,Lángwèi,,郎位,14,60742 60697 60746 60904 60514 60351 61071 60941 59847 61394 61724 60957 59501 58858,Al Dafirah、Kissin,,,,
星座/星官,CON chinese 133,Old Man,老人,Lǎorén,,老人,1,30438,Canopus,,✓,,
星座/星官,CON chinese 134,Thunder and Lightning,雷电,Léidiàn,,雷電,6,115919 115444 114144 112935 112447 112029,Suudalnujum、Homam,,,,
星座/星官,CON chinese 135,Line of Ramparts,垒壁阵,Lěibìzhèn,,壘壁陣,12,145 118209 154 443 114724 112961 111123 109139 107556 106985 106723 107188,Hydor、Deneb Algedi、Nashira,,✓,,
星座/星官,CON chinese 136,Resting Palace (Vassal of Encampment),离宫 (附室宿),Lígōng,,離宮 (附室宿),7,112440 112748 112051 112158 115250 115623 113881,Sadalnazi、Sadalbari、Sadalmatar、Matar、Salm、Alkarab、Scheat,,✓ 模糊對應（社團原文「Reasting palace (vassal of encampment)」）,(vassal of encampment),
星座/星官,CON chinese 137,Jade Ornament on Ladies' Wear,离瑜,Líyù,,離瑜,2,105140 106067,,,,,
星座/星官,CON chinese 138,Pearls on Ladies' Wear,离珠,Lízhū,,離珠,4,101936 101847 101692 101101,,,,,
星座/星官,CON chinese 139,Whetstone,砺石,Lìshí,,礪石,4,19205 19513 20430 20250,Alkalbain II、Alkalbain I,,,,
星座/星官,CON chinese 140,Jewel Market,列肆,Lièsì,,列肆,2,80179 80883,Marfik,,,,
星座/星官,CON chinese 141,Astronomical Observatory,灵台,Língtaí,,靈臺,3,54182 53824 53807,,,,,
星座/星官,CON chinese 142,Six Jia,六甲,Liùjiǎ,,六甲,6,32439 33694 39538 36547 23265 25110,,,,,
星座/星官,CON chinese 143,Network of Dykes,罗堰,Luóyàn,,羅堰,3,101923 101984 102487,,,,,
星座/星官,CON chinese 144,Horse's Abdomen,马腹,Mǎfù,,馬腹,1,68702,Hadar,,✓,,
星座/星官,CON chinese 145,Horse's Tail,马尾,Mǎwěi,,馬尾,3,60710 59449 59196,,,✓,,
星座/星官,CON chinese 146,Bee,蜜蜂,Mìfēng,,蜜蜂,2,62322 61585,,,✓,,
星座/星官,CON chinese 147,The Hall of Glory,明堂,Míngtáng,,明堂,3,55945 56647 56127,,,,,
星座/星官,CON chinese 148,Southern Boat,南船,Nánchuán,,南船,5,50371 51576 52419 50099 45238,Miaplacidus,,✓,,
星座/星官,CON chinese 149,South River,南河,Nánhé,,南河,3,36041 36188 37279,Gomeisa、Procyon,,✓,,
星座/星官,CON chinese 150,Dongou,东瓯,Dōngōu,,東甌,0,,,,,,
星座/星官,CON chinese 151,Southern Gate,南门,Nánmén,,南門,2,66657 71683,Alpha Centauri,,✓,,
星座/星官,CON chinese 152,Inner Kitchen,内厨,Nèichú,,內廚,2,62423 63076,Tianyi、Taiyi,,,,
星座/星官,CON chinese 153,Inner Steps,内阶,Nèijiē,,內階,6,41704 45333 43903 46733 43644 45455,Muscida、Alhaud IV,,,,
星座/星官,CON chinese 154,High Judge,内平,Nèipíng,,內平,4,50218 49593 47631 48742,,,,,
星座/星官,CON chinese 155,Inner Screen,内屏,Nèipíng,,內屏,4,57328 57380 58590 58948,,,,,
星座/星官,CON chinese 156,Imperial Passageway,辇道,Niǎndào,,輦道,5,92862 94481 94713 95556 97295,Aladfar,,,,
星座/星官,CON chinese 157,Bird's Beak,鸟喙,Niǎohuì,,鳥喙,7,110130 110838 118092 2484 3330 1599 118322,,,✓,,
星座/星官,CON chinese 158,Peasant,农丈人,Nóngzhàngrén,,農丈人,1,91918,,,,,
星座/星官,CON chinese 159,Woman's Bed,女床,Nǚchuáng,,女床,3,84380 84606 85112,,,✓,,
星座/星官,CON chinese 160,Female Protocol,女史,Nǚshǐ,,女史,1,87728,,,,,
星座/星官,CON chinese 161,Thunderbolt,霹雳,Pīlì,,霹靂,5,113889 114971 115830 116771 118268,Fumalsamakah,,,,
星座/星官,CON chinese 162,Judging,,Ping,,平,2,64962 68895,,,✓,,
星座/星官,CON chinese 163,Flat Road,平道,Píngdào,,平道,2,64238 66803,,,,,
星座/星官,CON chinese 164,Screen,屏,Píng,,屏,2,24305 23685,,,✓,,
星座/星官,CON chinese 165,Seven Excellencies,七公,Qīgōng,,七公,7,81497 79992 79101 77760 75973 75411 74666,Alkalurops、Thiba,,,,
星座/星官,CON chinese 166,House for Musical Instruments,器府,Qìfǔ,,器府,0,,,,,,
星座/星官,CON chinese 167,Imperial Guards,骑官,Qíguān,,騎官,10,76297 75141 73334 73273 74117 75264 74911 73807 72683 71860,,,✓,,
星座/星官,CON chinese 168,Chariots and Cavalry General,骑阵将军,Qízhèn Jiāngjūn,,騎鎮將軍,1,74376,,,,,
星座/星官,CON chinese 169,Weeping,泣,Qì,,泣,2,110273 110003,Ancha,,,,
星座/星官,CON chinese 170,Celestial Cereals,天稷,Tiānjì,,天稷,0,,,,,,
星座/星官,CON chinese 171,Green Hill,青丘,Qīngqiū,,青邱,7,57936 58158 56280 56332 56343 56452 56922,,,,,
星座/星官,CON chinese 172,Palace Gate,阙丘,Quèqiū,,闕丘,2,34724 32578,,,,,
星座/星官,CON chinese 173,Humans,人,Rén,,人,4,106140 105502 107348 107472,,,,,
星座/星官,CON chinese 174,Solar Star,日,Rì,,日,1,76880,,,,,
星座/星官,CON chinese 175,Three Excellencies (In Supreme Palace Enclosure),三公 (太微垣),Sāngōng(Tàiwēiyuán),,三公 (太微垣),2,61968 62443,,,,,
星座/星官,CON chinese 176,Three Excellencies (In Purple Forbidden Enclosure),三公 (紫微垣),Sāngōng(Zǐwēiyuán),,三公 (紫微垣),2,66234 64906,,,,,
星座/星官,CON chinese 177,Triangle,三角形,Sānjiǎoxíng,,三角形,3,74946 77952 82273,Atria,,✓,,
星座/星官,CON chinese 178,Three Top Instructors,三师,Sānshī,,三師,2,44390 44857,Althiba IV、Althiba V,,,,
星座/星官,CON chinese 179,Three Steps,三台,Sāntái,,三台,6,44127 44471 50372 50801 55219 55203,Talitha、Alkaphrah、Tania Borealis、Tania Australis、Alula Borealis、Alula Australis,,,,
星座/星官,CON chinese 180,Royal Secretary,尚书,Shàngshū,,尚書,5,85805 80650 81660 80161 82860,Adfar Aldib I,,,,
星座/星官,CON chinese 181,Junior Officers,少微,Shàowēi,,少微,4,54347 53417 52457 52686,,,,,
星座/星官,CON chinese 182,Snake's Abdomen,蛇腹,Shéfù,,蛇腹,4,12876 12394 11001 8928,,,,,
星座/星官,CON chinese 183,Snake's Head,蛇首,Shéshǒu,,蛇首,2,9236 17440,,,✓ 模糊對應（社團原文「Snakes’s head」）,,
星座/星官,CON chinese 184,Snake's Tail,蛇尾,Shéwěi,,蛇尾,4,2021 110078 107089 104043,,,✓,,
星座/星官,CON chinese 185,Changing Room (Vassal of Tail),神宫 (附尾宿),shéngōng,,神宮 (附尾宿),1,82676,,,,,
星座/星官,CON chinese 186,Twelve States,十二国,Shíèrguó,,十二國,8,104019 103703 104139 105143 105515 106568 104429 104452,,,,,
星座/星官,CON chinese 187,Cross,十字架,Shízìjià,,十字架,4,61084 60718 62434 59747,Gacrux、Acrux、Mimosa、Imai,,✓,,
星座/星官,CON chinese 188,Excrement,屎,Shǐ,,屎,1,27204,,,,,
星座/星官,CON chinese 189,Municipal Office,市楼,Shìlóu,,市樓,6,86284 86565 88404 84880 85397 86768,,,,,
星座/星官,CON chinese 190,Eunuch,势,Shì,,勢,4,51685 51556 52638 53229,Praecipua,,,,
星座/星官,CON chinese 191,Official for Irrigation,水府,Shuǐfǔ,,水府,4,29038 29426 29704 29434,,,,,
星座/星官,CON chinese 192,Crooked Running Water,水委,Shuǐweǐ,,水委,3,7588 5348 3405,Achernar、Wurren,,✓,,
星座/星官,CON chinese 193,Water Level,水位,Shuǐweì,,水位,4,36425 37921 39567 40167,Tegmine,,,,
星座/星官,CON chinese 194,Deified Judge of Right and Wrong,司非,Sīfēi,,司非,2,104521 104858,,,,,
星座/星官,CON chinese 195,Deity in Charge of Monsters,司怪,Sīguài,,司怪,4,28237 28734 28716 27913,,,,,
星座/星官,CON chinese 196,Deified Judge of Rank,司禄,Sīlù,,司祿,2,107575 106944,,,,,
星座/星官,CON chinese 197,Deified Judge of Life,司命,Sīmìng,,司命,2,106942 107144,,,,,
星座/星官,CON chinese 198,Deified Judge of Disaster and Good Fortune,司危,Sīwēi,,司危,2,105570 105413,,,,,
星座/星官,CON chinese 199,Four Channels,四渎,Sìdú,,四瀆,4,34033 32533 31216 30419,,,,,
星座/星官,CON chinese 200,Four Advisors,四辅,Sìfǔ,,四輔,2,51502 51384,,,,,
星座/星官,CON chinese 201,Grandson,孙,Sūn,,孫,2,29807 29034,Kurud II、Elkurud,,,,
星座/星官,CON chinese 202,Guard of the Sun,太阳守,Tàiyángshǒu,,太陽守,1,57399,Taiyangshou,,,,
星座/星官,CON chinese 203,First Great One,太乙,Tàiyǐ,,太乙,1,66798,,,,,
星座/星官,CON chinese 204,Crown Prince,太子,Tàizǐ,,太子,1,57565,,,,,
星座/星官,CON chinese 205,Royals,太尊,Tiānláo,,太尊,1,54539,,,✓,,
星座/星官,CON chinese 206,Flying Serpent,螣蛇,Téngshé,,螣蛇,20,111169 110609 107533 107136 106886 108165 109857 110538 118243 117863 117301 115990 111674 113919 114570 115022 116584 117221 116805 116631,Azelfafage,,,,
星座/星官,CON chinese 207,Celestial Concave,天阿,Tiānē,,天阿,1,15696,,,,,
星座/星官,CON chinese 208,Celestial Flail,天棓,Tiānbàng,,天棓,5,87585 85829 85670 87833 86414,Grumium、Rastaban、Eltanin,,✓,,
星座/星官,CON chinese 209,Market Officer,天弁,Tiānbiàn,,天弁,9,91117 91726 91845 92175 93026 93429 93805 93717 93526,Al Thalimain Prior,,,,
星座/星官,CON chinese 210,Square Celestial Granary,天仓,Tiāncāng,,天倉,6,1562 5364 6537 8645 8102 9326,Deneb Kaitos Shemali、Dheneb、Al Naymat I、Baten Kaitos、Al Naymat II,,,,
星座/星官,CON chinese 211,Celestial Slander,天谗,Tiānchán,,天讒,1,17886,,,,,
星座/星官,CON chinese 212,Celestial Kitchen,天厨,Tiānchú,,天廚,6,94376 96100 97433 98702 98583 95081,Altais、Alsafi、Tyl、Tais II、Tais I,,✓,,
星座/星官,CON chinese 213,Celestial Boat,天船,Tiānchuán,,天船,9,13268 14328 15863 16826 17358 19343 19812 20156 19949,Miram、Mirfak,,✓,,
星座/星官,CON chinese 214,Celestial Bed,天床,Tiānchuáng,,天床,6,69373 74605 77277 79414 73199 72181,,,,,
星座/星官,CON chinese 215,Great General of Heaven,天大将军,Tiāndàjiāngjūn,,天大將軍,11,9640 8068 7607 6999 7719 7513 7818 9021 10064 10670 10644,Almach、Nembus、Thail、Titawin、Mizan,,✓,,
星座/星官,CON chinese 216,Celestial Drumstick,天桴,Tiānfú,,天桴,4,99473 98844 97980 97804,Almizan III、Almizan II,,,,
星座/星官,CON chinese 217,Celestial Spokes,天辐,Tiānfú,,天輻,2,76470 76600,,,,,
星座/星官,CON chinese 218,Materials for Making Tents,天纲,Tiāngāng,,天綱,1,113246,,,,,
星座/星官,CON chinese 219,Celestial High Terrace,天高,Tiāngāo,,天高,4,23497 22565 23949 24822,,,,,
星座/星官,CON chinese 220,Celestial Hook,天钩,Tiāngōu,,天鉤,9,102253 99731 101093 102422 105199 108917 110817 112724 115088,Al Kidr、Kabalfird、Alderamin、Kurhah,,✓,,
星座/星官,CON chinese 221,Celestial Dog,天狗,Tiāngǒu,,天狗,6,42312 42884 42515 42828 43409 43825,,,,,
星座/星官,CON chinese 222,Celestial Pass,天关,Tiānguān,,天關,1,26451,Tianguan,,,,
星座/星官,CON chinese 223,Great Emperor of Heaven,天皇大帝,Tiānhuángdàdì,,天皇大帝,1,109693,,,,,
星座/星官,CON chinese 224,Celestial Pier,天潢,Tiānhua8ng,,天潢,5,24879 25541 25292 24340 24504,Alhiba III、Alhiba I,,,,
星座/星官,CON chinese 225,Celestial Pigsty,天溷,Tiānhùn,,天溷,4,4257 4371 3559 3455,Alnitham III、Alnitham I,,,,
星座/星官,CON chinese 226,Celestial Cock,天鸡,Tiānjī,,天雞,2,96950 97290,,,,,
星座/星官,CON chinese 227,Judge for Estimating the Age of Animals,天记,Tiānjì,,天記,1,44816,Suhail,,✓,,
星座/星官,CON chinese 228,Celestial Discipline,天纪,Tiānjì,,天紀,8,80181 81693 83207 83313 83462 84573 86178 87808,,,✓,,
星座/星官,CON chinese 229,Celestial River,天江,Tiānjiāng,,天江,4,84314 84405 84970 85340,Guniibuu、Garafsa,,,,
星座/星官,CON chinese 230,Celestial Street,天街,Tiānjiē,,天街,2,20641 19990,Alkalbain IV,,,,
星座/星官,CON chinese 231,Celestial Tally,天节,Tiānjié,,天節,8,20732 21273 20219 20901 21589 21735 21402 20522,,,,,
星座/星官,CON chinese 232,Celestial Ford,天津,Tiānjīn,,天津,9,104732 105138 104887 103413 102098 99639 97165 100453 102488,Fawaris III、Deneb、Fawaris、Sadr、Aljanah,,✓,,
星座/星官,CON chinese 233,Celestial Stable,天厩,Tiānjiù,,天廄,3,1366 1686 1473,,,,,
星座/星官,CON chinese 234,Celestial Wolf,天狼,Tiānláng,,天狼,1,32349,Sirius,,✓,,
星座/星官,CON chinese 235,Celestial Prison,天牢,Tàizūn,,天牢,6,53295 56034 53721 56148 53838 55560,Chalawan,,,,
星座/星官,CON chinese 236,Celestial Ramparts,天垒城,Tiānlěichéng,,天壘城,13,106786 107382 107487 107517 107527 105668 104974 103728 103640 104459 105019 105574 105761,Bunda、Albulan II,,,,
星座/星官,CON chinese 237,Judge for Nobility,天理,Tiānlǐ,,天理,4,55060 55797 58181 58259,,,,,
星座/星官,CON chinese 238,Celestial Foodstuff,天廪,Tiānlǐn,,天廩,4,16369 16322 16083 15900,,,,,
星座/星官,CON chinese 239,Celestial Gate,天门,Tiānmén,,天門,2,64407 65639,,,,,
星座/星官,CON chinese 240,Celestial Money,天钱,Tiānqián,,天錢,5,108952 107608 107380 109285 109422,,,,,
星座/星官,CON chinese 241,Celestial Spear,天枪,Tiānqiāng,,天槍,3,69481 69713 70497,Asellus Secundus、Asellus Primus,,,,
星座/星官,CON chinese 242,Circular Celestial Granary,天囷,Tiānqūn,,天囷,13,14135 15619 13954 12828 10324 11484 12093 12706 12387 11791 11046 10234 10305,Menkar、Al Kaff al Jidhmah I、Al Kaff al Jidhmah II、Kaffaljidhma、Al Kaff al Jidhmah III,,✓,,
星座/星官,CON chinese 243,Celestial Milk,天乳,Tiānrǔ,,天乳,1,77516,,,,,
星座/星官,CON chinese 244,Celestial Earth God's Temple,天社,Tiānshè,,天社,5,39953 42570 42913 45941 46701,Regor、Alsephina、Markeb,,✓,,
星座/星官,CON chinese 245,Celestial Farmland (In Horn Mansion),天田 (角宿),Tiāntián (Jiǎoxiù),,天田 (角宿),2,68520 66200,,,,,
星座/星官,CON chinese 246,Celestial Farmland (In Ox Mansion),天田 (牛宿),Tiāntián (Niúxiù),,天田 (牛宿),4,104750 102978 104234 102485,,,,,
星座/星官,CON chinese 247,Celestial Premier,天相,Tiānxiàng,,天相,2,49812 50414,,,,,
星座/星官,CON chinese 248,Celestial Great One,天乙,Tiānyǐ,,天乙,1,67627,,,,,
星座/星官,CON chinese 249,Celestial Yin Force,天阴,Tiānyīn,,天陰,3,15737 15110 14838,Al Butain IV、Botein,,,,
星座/星官,CON chinese 250,Ricks of Grain,天庾,Tiānyǔ,,天庾,1,11918,,,,,
星座/星官,CON chinese 251,Celestial Spring,天渊,Tiānyuān,,天淵,3,95294 95241 95347,Arkab Posterior、Arkab Prior、Rukbat,,,,
星座/星官,CON chinese 252,Celestial Orchard,天园,Tiānyuán,,天園,13,7083 9007 10602 11407 12413 13847 17351 17797 17874 20042 20535 21393 21248,Acamar、Beemim I、Beemim、Theemin,,✓,,
星座/星官,CON chinese 253,Celestial Meadows,天苑,Tiānyuàn,,天苑,16,18543 17593 17378 16537 15197 13701 12770 12843 13288 14146 15474 16611 17651 17717 18216 18673,Zaurak、Rana、Ran、Zibal、Azha、Sadr al Kaitos IV、Angetenar,,✓,,
星座/星官,CON chinese 254,Celestial Keyhole,天籥,Tiānyuè,,天籥,7,87706 86736 86352 86060 85755 85783 87072,,,,,
星座/星官,CON chinese 255,Celestial Pillar,天柱,Tiānzhù,,天柱,5,102208 104105 98401 94083 88127,,,,,
星座/星官,CON chinese 256,Celestial Wine Cup,天樽,Tiānzūn,,天罇,3,35846 35550 33927,Wasat,,,,
星座/星官,CON chinese 257,Butcher's Shops,屠肆,Túsì,,屠肆,2,90139 88657,,,,,
星座/星官,CON chinese 258,Official for Earthworks and Buildings,土公,Tǔgōng,,土公,2,194 2025,,,,,
星座/星官,CON chinese 259,Official for Materials Supply,土公吏,Tǔgōnglì,,土公吏,2,110386 110986,,,,,
星座/星官,CON chinese 260,Master of Constructions,土司空,Tǔsīkōng,,土司空,1,3419,Diphda,,✓ 模糊對應（社團原文「Master of construction」）,,
星座/星官,CON chinese 261,Outer Kitchen,外厨,Wàichú,,外廚,3,41375 42835 43305,,,,,
星座/星官,CON chinese 262,Outer Fence,外屏,Wàipíng,,外屏,7,9487 8833 7884 7007 5737 4906 3786,Alrescha、Revati、Kuton I,,,,
星座/星官,CON chinese 263,Wang Liang,王良,Wáng Liáng,,王良,5,746 2599 3821 3179 2505,Caph、Achird、Shedar,,✓,,
星座/星官,CON chinese 264,Master of Constructions (In Legs Mansion),王良 (土司空),Tǔsīkōng,,土司空 (奎宿),0,,,,,,
星座/星官,CON chinese 265,Administrative Center,文昌,Wénchāng,,文昌,5,48319 48402 46853 44901 45493,Alhaud VI、Alhaud VII、Alhaud V、Alhaud I、Alhaud III,,✓,,
星座/星官,CON chinese 266,Five Chariots,五车,Wǔchē,,五車,5,23015 24608 28360 28380 25428,Hassaleh、Capella、Menkalinan、Mahasim、Elnath,,✓,,
星座/星官,CON chinese 267,Interior Seats of the Five Emperors,五帝内座,Wǔdì NèiZuò,,五帝內座,5,14417 9727 13055 15547 19461,,,,,
星座/星官,CON chinese 268,Seats of the Five Emperors,五帝座,Wǔdì Zuò,,五帝座,5,57632 57646 57320 58159 57779,Denebola,,✓ 模糊對應（社團原文「Seats of the five emperor」）,,
星座/星官,CON chinese 269,Five Feudal Kings,五诸侯,Wǔ Zhūhóu,,五諸侯,5,33018 34693 36046 36962 38538,,,,,
星座/星官,CON chinese 270,Five Lords,五诸侯,Wǔ Zhūhóu,,五諸侯,4,63948 63355 62356 59819,,,,,
星座/星官,CON chinese 271,Western Door,西咸,Xīxián,,西咸,4,78727 78207 77853 77060,Grafias,,,,
星座/星官,CON chinese 272,Xi Zhong,奚仲,Xī Zhòng,,奚仲,4,94779 95853 96441 96895,Fawaris I,,,,
星座/星官,CON chinese 273,Pool of Harmony,咸池,Xiánchí,,咸池,3,25048 25810 24813,Alhiba II,,,,
星座/星官,CON chinese 274,Prime Minister,相,Xiàng,,相,1,60485,,,,,
星座/星官,CON chinese 275,Little Dipper,小斗,Xiǎodǒu,,小斗,9,60000 58484 51839 52633 46928 46107 43012 40888 36982,,,,,
星座/星官,CON chinese 276,Officer of Honour,幸臣,Xìngchén,,幸臣,1,58519,,,,,
星座/星官,CON chinese 277,Temple,虚梁,Xūliáng,,虛梁,4,110023 110578 111710 113345,Situla,,,,
星座/星官,CON chinese 278,Xuanyuan,轩辕,Xuānyuán,,軒轅,17,44248 44700 45688 45860 47617 47701 46146 46750 47908 48455 50335 50583 49583 49669 47508 51624 49637,Al Minlear al Asad、Alterf、Algenubi、Rasalas、Adhafera、Algieba、Al Jabhah、Regulus、Subra,,✓,,
星座/星官,CON chinese 279,Sombre Lance,玄戈,Xuángē,,元戈,1,69732,Xuange,,,,
星座/星官,CON chinese 280,Battle Axe (Vassal of Well),钺 (附井宿),Yué,,鉞 (附井宿),1,29655,Propus,,,,
星座/星官,CON chinese 281,Gate of Yang,阳门,Yángmén,,陽門,2,71865 72010,,,,,
星座/星官,CON chinese 282,Wild Cockerel,野鸡,Yějī,,野雞,1,31592,,,,,
星座/星官,CON chinese 283,Usher to the Court,谒者,Yézhě,,謁者,1,60172,,,,,
星座/星官,CON chinese 284,Exotic Bird,异雀,Yìquè,,異雀,9,84969 84979 81852 81065 70638 80047 69896 72370 70248,,,,,
星座/星官,CON chinese 285,Hidden Virtue,阴德,Yīndé,,陰德,2,51734 51808,,,,,
星座/星官,CON chinese 286,Official in Charge of Pasturing,右更,Yòugēng,,右更,5,6706 7097 7535 8198 7710,Alpherg、Torcular,,,,
星座/星官,CON chinese 287,Right Flag,右旗,Yòuqí,,右旗,9,96229 96665 95501 95585 96468 96392 96556 96483 97928,Almizan I、Al Thalimain Posterior,,,,
星座/星官,CON chinese 288,Right Conductor,右摄提,Yòushètí,,右攝提,3,67927 67275 67459,Muphrid,,✓,,
星座/星官,CON chinese 289,Fish,鱼,Yú,,魚,1,87616,,,,,
星座/星官,CON chinese 290,Palace Guard,羽林军,Yǔlínjūn,,羽林軍,45,108797 109332 109786 110391 110529 109789 110641 111954 112862 112362 111449 112529 112211 111539 110778 111086 110602 110179 111200 111843 112161 112615 113031 112716 112542 113136 113148 114341 114375 114119 116247 116118 115669 115438 115404 115125 115115 115033 114855 114164 114054 113996 114939 116758 116971,Skat,,,,
星座/星官,CON chinese 291,Jade Well,玉井,Yùjǐng,,玉井,4,23972 23364 23875 24674,Kursi al Jauzah II、Kursi al Jauzah I、Cursa,,✓,,
星座/星官,CON chinese 292,Maids-in-waiting,御女,Yùnǚ,,御女,4,94648 92112 85852 89937,Athafi II、Alahakan,,,,
星座/星官,CON chinese 293,Lunar Star,月,Yuè,,月,1,19038,,,,,
星座/星官,CON chinese 294,Whisper (Vassal of Net),附耳 (附毕宿),Fùěr,,附耳 (附畢宿),1,21683,,,,,
星座/星官,CON chinese 295,Cloud and Rain,云雨,Yúnyǔ,,雲雨,4,115738 115951 117491 116928,,,,,
星座/星官,CON chinese 296,Zaofu,造父,Zàofǔ,,造父,5,110991 109492 109556 107259 107418,The Garnet Star、Castula,,,,
星座/星官,CON chinese 297,Long Wall,长垣,Chángyuán,,長垣,4,51585 52689 52911 51775,,,,,
星座/星官,CON chinese 298,Grandfather,丈人,Zhàngrén,,丈人,2,26634 25859,Phact,,✓,,
星座/星官,CON chinese 299,Twinkling Indicator,招摇,Zhāoyáo,,招搖,1,71075,Seginus,,✓ 模糊對應（社團原文「Twinking indicator」）,,
星座/星官,CON chinese 300,Assistant (Vassal of Northern Dipper),辅 (附北斗),Fǔ,,輔 (附北斗),1,65477,Alcor,,,,
星座/星官,CON chinese 301,Executions,折威,Zhéwēi,,折威,5,69415 71652 71974 72929 73714,Brachium,,,,
星座/星官,CON chinese 302,Battle Chariots,阵车,Zhènchē,,陣車,3,72571 73566 74857,,,,,
星座/星官,CON chinese 303,Right linchpin (Vassal of Chariot),右辖 (附轸宿),Yoùxiá,,右轄 (附軫宿),1,59199,Alchiba,,,,
星座/星官,CON chinese 304,Weaving Girl,织女,Zhinǚ,,織女,3,91919 91262 91971,Double Double I、Vega、Nasr Alwaki I,,✓,,
星座/星官,CON chinese 305,Left linchpin (Vassal of Chariot),左辖 (附轸宿),Zuǒxiá,,左轄 (附軫宿),1,61174,,,,,
星座/星官,CON chinese 306,Tripod of the Zhou,周鼎,Zhōudǐng,,周鼎,3,64394 63462 64022,,,,,
星座/星官,CON chinese 307,Feudal Kings,诸王,Zhūwáng,,諸王,6,27830 26640 25695 23900 23068 21881,,,,,
星座/星官,CON chinese 308,Pillars (In Net Mansion),柱 (毕宿),Zhù (Bìxiù),,柱 (畢宿),8,23416 23453 23767 27639 27673 27483 25984 26536,Almaaz、Saclateni、Haedus,,✓,(in horn mansion) ｜ (in net mansion),
星座/星官,CON chinese 309,Pillars (In Horn Mansion),柱 (角宿),Zhù (Jiǎoxiù),,柱 (角宿),10,70300 70090 68523 68282 69996 70574 67786 67669 67153 65109,Bidelman's Helium Variable Star,,,,
星座/星官,CON chinese 310,Official of Royal Archives,柱史,Zhùshǐ,,柱史,1,89908,Aldhiba,,,,
星座/星官,CON chinese 311,Son,子,Zǐ,,子,2,27810 27628,Wazn,,✓,,
星座/星官,CON chinese 312,Patriarchal Clan,宗,Zōng,,宗,2,92043 92161,,,,,
星座/星官,CON chinese 313,Official of Religious Ceremonies,宗人,Zōngrén,,宗人,4,88149 88192 88290 88601,,,,,
星座/星官,CON chinese 314,Official for the Royal Clan,宗正,Zōngzhèng,,宗正,2,86742 87108,Cebalrai、Muliphen,,✓,,
星座/星官,CON chinese 315,Official in Charge of the Forest,左更,Zuǒgēng,,左更,5,12332 12640 12803 13327 13165,Koleon,,,,
星座/星官,CON chinese 316,Left Flag,左旗,Zuǒqí,,左旗,9,96757 96837 97365 97496 98337 98438 98234 98754 99742,Sham,,,,
星座/星官,CON chinese 317,Left Conductor,左摄提,Zuǒshètí,,左攝提,3,72125 71762 71795,,,,,
星座/星官,CON chinese 318,Seat Flags,座旗,Zuòqí,,座旗,9,32562 33485 32173 32480 31832 32844 31789 31771 33041,Dolones VI、Dolones X、Dolones IV、Dolones III、Dolones VII、Dolones II,,,,
具名恆星,HIP 75097,Northern Pole I / Crown Prince,,,,太子,,,Pherkad,,,,
具名恆星,HIP 72607,Northern Pole II / Emperor,,,,帝,,,Kochab,,,,
具名恆星,HIP 70692,Northern Pole III / Bastard,,,,庶子,,,HIP 70692,,,,
具名恆星,HIP 69112,Northern Pole IV / Harem,,,,后宮,,,HIP 69112,,,,
具名恆星,HIP 62572,Northern Pole V / The Celestial Pivot / Ancient Star,,,,天樞 / 紐星,,,HIP 62572,,,,
具名恆星,HIP 68956,Bastard Added II,,,,,,,HIP 68956,,,,
具名恆星,HIP 73808,Bastard Added III,,,,,,,HIP 73808,,,,
具名恆星,HIP 51384,Four Advisors II,,,,,,,HIP 51384,,,,
具名恆星,HIP 51502,Four Advisors III,,,,,,,HIP 51502,,,,
具名恆星,HIP 47193,Four Advisors Added I,,,,,,,HIP 47193,,,,
具名恆星,HIP 11767,Curved Array I / Northern Star,,,,北極星,,,Polaris,,,,
具名恆星,HIP 85822,Curved Array II,,,,,,,Yildun,,,,
具名恆星,HIP 82080,Curved Array III,,,,,,,Circitores,,,,
具名恆星,HIP 77055,Curved Array IV,,,,,,,Akfa Farkadain,,,,
具名恆星,HIP 5372,Curved Array V,,,,,,,HIP 5372,,,,
具名恆星,HIP 113116,Curved Array VI,,,,,,,HIP 113116,,,,
具名恆星,HIP 112519,Curved Array Added I,,,,,,,HIP 112519,,,,
具名恆星,HIP 115746,Curved Array Added II,,,,,,,HIP 115746,,,,
具名恆星,HIP 37391,Curved Array Added IV,,,,,,,HIP 37391,,,,
具名恆星,HIP 84535,Curved Array Added V,,,,,,,HIP 84535,,,,
具名恆星,HIP 85699,Curved Array Added VI,,,,,,,HIP 85699,,,,
具名恆星,HIP 76008,Curved Array Added VII,,,,,,,HIP 76008,,,,
具名恆星,HIP 79280,Curved Array Added VIII,,,,,,,HIP 79280,,,,
具名恆星,HIP 79822,Curved Array Added IX,,,,,,,HIP 79822,,,,
具名恆星,HIP 79420,Curved Array Added X,,,,,,,HIP 79420,,,,
具名恆星,HIP 109693,Great Emperor of Heaven,,,,天皇大帝,,,HIP 109693,,,,
具名恆星,HIP 102208,Celestial Pillar I,,,,,,,HIP 102208,,,,
具名恆星,HIP 104105,Celestial Pillar II,,,,,,,HIP 104105,,,,
具名恆星,HIP 98401,Celestial Pillar III,,,,,,,HIP 98401,,,,
具名恆星,HIP 94083,Celestial Pillar IV / Celestial Pillar Added I,,,,,,,HIP 94083,,,,
具名恆星,HIP 88127,Celestial Pillar V,,,,,,,HIP 88127,,,,
具名恆星,HIP 99255,Celestial Pillar Added II,,,,,,,Al Aghnam I,,,,
具名恆星,HIP 101082,Celestial Pillar Added III,,,,,,,HIP 101082,,,,
具名恆星,HIP 100965,Celestial Pillar Added IV,,,,,,,HIP 100965,,,,
具名恆星,HIP 88136,Celestial Pillar Added V,,,,,,,HIP 88136,,,,
具名恆星,HIP 87234,Celestial Pillar Added VI,,,,,,,HIP 87234,,,,
具名恆星,HIP 94648,Maids-in-waiting I,,,,,,,Athafi II,,,,
具名恆星,HIP 92112,Maids-in-waiting II,,,,,,,HIP 92112,,,,
具名恆星,HIP 85852,Maids-in-waiting III,,,,,,,HIP 85852,,,,
具名恆星,HIP 89937,Maids-in-waiting IV,,,,,,,Alahakan,,,,
具名恆星,HIP 87728,Female Protocol,,,,女史,,,HIP 87728,,,,
具名恆星,HIP 86614,Female Protocol Added I,,,,,,,Dziban,,,,
具名恆星,HIP 89908,Official of Royal Archives,,,,柱史,,,Aldhiba,,,,
具名恆星,HIP 89594,Official of Royal Archives Added I,,,,,,,HIP 89594,,,,
具名恆星,HIP 89448,Official of Royal Archives Added II,,,,,,,HIP 89448,,,,
具名恆星,HIP 85805,Royal Secretary I,,,,,,,Adfar Aldib I,,,,
具名恆星,HIP 80650,Royal Secretary II,,,,,,,HIP 80650,,,,
具名恆星,HIP 81660,Royal Secretary III,,,,,,,HIP 81660,,,,
具名恆星,HIP 80161,Royal Secretary IV,,,,,,,HIP 80161,,,,
具名恆星,HIP 82860,Royal Secretary V,,,,,,,HIP 82860,,,,
具名恆星,HIP 86201,Royal Secretary Added I,,,,,,,HIP 86201,,,,
具名恆星,HIP 82898,Royal Secretary Added II,,,,,,,HIP 82898,,,,
具名恆星,HIP 69373,Celestial Bed I,,,,,,,HIP 69373,,,,
具名恆星,HIP 74605,Celestial Bed II,,,,,,,HIP 74605,,,,
具名恆星,HIP 77277,Celestial Bed III,,,,,,,HIP 77277,,,,
具名恆星,HIP 79414,Celestial Bed IV,,,,,,,HIP 79414,,,,
具名恆星,HIP 73199,Celestial Bed V,,,,,,,HIP 73199,,,,
具名恆星,HIP 72181,Celestial Bed VI,,,,,,,HIP 72181,,,,
具名恆星,HIP 73440,Celestial Bed Added I,,,,,,,HIP 73440,,,,
具名恆星,HIP 74793,Celestial Bed Added II,,,,,,,Pherkad Minor,,,,
具名恆星,HIP 59504,Chief Judge I,,,,,,,HIP 59504,,,,
具名恆星,HIP 60044,Chief Judge Added I,,,,,,,HIP 60044,,,,
具名恆星,HIP 51808,Hidden Virtue I / Hidden Virtue Added I,,,,,,,HIP 51808,,,,
具名恆星,HIP 51734,Hidden Virtue II,,,,,,,HIP 51734,,,,
具名恆星,HIP 32439,Six Jia I,,,,,,,HIP 32439,,,,
具名恆星,HIP 33694,Six Jia II,,,,,,,HIP 33694,,,,
具名恆星,HIP 39538,Six Jia III,,,,,,,HIP 39538,,,,
具名恆星,HIP 36547,Six Jia IV,,,,,,,HIP 36547,,,,
具名恆星,HIP 23265,Six Jia V,,,,,,,HIP 23265,,,,
具名恆星,HIP 25110,Six Jia VI,,,,,,,HIP 25110,,,,
具名恆星,HIP 24254,Six Jia Added I,,,,,,,HIP 24254,,,,
具名恆星,HIP 14417,Interior Seats of the Five Emperors I,,,,,,,HIP 14417,,,,
具名恆星,HIP 9727,Interior Seats of the Five Emperors II / Interior Seats of the Five Emperors Added I,,,,,,,HIP 9727,,,,
具名恆星,HIP 13055,Interior Seats of the Five Emperors III,,,,,,,HIP 13055,,,,
具名恆星,HIP 15547,Interior Seats of the Five Emperors IV,,,,,,,HIP 15547,,,,
具名恆星,HIP 19461,Interior Seats of the Five Emperors V,,,,,,,HIP 19461,,,,
具名恆星,HIP 5626,Interior Seats of the Five Emperors Added II,,,,,,,HIP 5626,,,,
具名恆星,HIP 5947,Interior Seats of the Five Emperors Added III,,,,,,,HIP 5947,,,,
具名恆星,HIP 7650,Canopy of the Emperor II,,,,,,,HIP 7650,,,,
具名恆星,HIP 5926,Canopy of the Emperor III,,,,,,,HIP 5926,,,,
具名恆星,HIP 5518,Canopy of the Emperor IV,,,,,,,HIP 5518,,,,
具名恆星,HIP 6692,Canopy of the Emperor V,,,,,,,HIP 6692,,,,
具名恆星,HIP 7965,Canopy of the Emperor VI,,,,,,,HIP 7965,,,,
具名恆星,HIP 9009,Canopy of the Emperor VII,,,,,,,HIP 9009,,,,
具名恆星,HIP 17959,Canopy Support I,,,,,,,HIP 17959,,,,
具名恆星,HIP 14862,Canopy Support II,,,,,,,HIP 14862,,,,
具名恆星,HIP 9763,Canopy Support III,,,,,,,HIP 9763,,,,
具名恆星,HIP 9802,Canopy Support IV,,,,,,,HIP 9802,,,,
具名恆星,HIP 9598,Canopy Support V,,,,,,,HIP 9598,,,,
具名恆星,HIP 10031,Canopy Support VI,,,,,,,HIP 10031,,,,
具名恆星,HIP 9480,Canopy Support VII,,,,,,,HIP 9480,,,,
具名恆星,HIP 8016,Canopy Support VIII,,,,,,,HIP 8016,,,,
具名恆星,HIP 7078,Canopy Support IX,,,,,,,HIP 7078,,,,
具名恆星,HIP 12273,Canopy Support Added I,,,,,,,HIP 12273,,,,
具名恆星,HIP 68756,Purple Forbidden Right Wall I / Right Pivot,,,,右樞,,,Thuban,,,,
具名恆星,HIP 61281,Purple Forbidden Right Wall II / The Second Commandant,,,,少尉,,,HIP 61281,,,,
具名恆星,HIP 56211,Purple Forbidden Right Wall III / The Great Advisor,,,,上輔,,,Giausar,,,,
具名恆星,HIP 46977,Purple Forbidden Right Wall IV / The Second Advisor,,,,少輔,,,Althiba VII,,,,
具名恆星,HIP 33104,Purple Forbidden Right Wall V / The Great Imperial Guard,,,,上衛,,,HIP 33104,,,,
具名恆星,HIP 22783,Purple Forbidden Right Wall VI / The Second Imperial Guard,,,,少衛,,,HIP 22783,,,,
具名恆星,HIP 15520,Purple Forbidden Right Wall VII / The Great Imperial Minister,,,,上丞,,,HIP 15520,,,,
具名恆星,HIP 61384,The Second Commandant Added I,,,,,,,HIP 61384,,,,
具名恆星,HIP 60998,The Second Commandant Added II,,,,,,,HIP 60998,,,,
具名恆星,HIP 56583,The Great Advisor Added I,,,,,,,HIP 56583,,,,
具名恆星,HIP 57111,The Great Advisor Added II,,,,,,,HIP 57111,,,,
具名恆星,HIP 47654,The Second Advisor Added I,,,,,,,HIP 47654,,,,
具名恆星,HIP 29490,The Great Imperial Guard Added I,,,,,,,HIP 29490,,,,
具名恆星,HIP 29997,The Great Imperial Guard Added II,,,,,,,HIP 29997,,,,
具名恆星,HIP 32864,The Great Imperial Guard Added III,,,,,,,HIP 32864,,,,
具名恆星,HIP 20266,The Second Imperial Guard Added I,,,,,,,HIP 20266,,,,
具名恆星,HIP 17884,The Great Imperial Minister Added I,,,,,,,HIP 17884,,,,
具名恆星,HIP 17587,The Great Imperial Minister Added II,,,,,,,HIP 17587,,,,
具名恆星,HIP 18505,The Great Imperial Minister Added III,,,,,,,HIP 18505,,,,
具名恆星,HIP 75458,Purple Forbidden Left Wall I / Left Pivot,,,,左樞,,,Edasich,,,,
具名恆星,HIP 78527,Purple Forbidden Left Wall II / The Great Prime Minister,,,,上宰,,,HIP 78527,,,,
具名恆星,HIP 80331,Purple Forbidden Left Wall III / The Second Prime Minister,,,,少宰,,,Athebyne,,,,
具名恆星,HIP 83895,Purple Forbidden Left Wall IV / The Great Protector,,,,上弼,,,Aldhibah,,,,
具名恆星,HIP 92782,Purple Forbidden Left Wall V / The Second Protector,,,,少弼,,,Athafi I,,,,
具名恆星,HIP 101260,Purple Forbidden Left Wall VI / The Great Imperial Guard,,,,上衛,,,HIP 101260,,,,
具名恆星,HIP 114222,Purple Forbidden Left Wall VII / The Second Imperial Guard,,,,少衛,,,Al Aghnam II,,,,
具名恆星,HIP 3721,Purple Forbidden Left Wall VIII / The Second Imperial Minister,,,,少丞,,,HIP 3721,,,,
具名恆星,HIP 106032,The Great Imperial Guard Added I,,,,,,,Alfirk,,,,
具名恆星,HIP 107119,The Great Imperial Guard Added II,,,,,,,HIP 107119,,,,
具名恆星,HIP 107230,The Great Imperial Guard Added III,,,,,,,HIP 107230,,,,
具名恆星,HIP 107995,The Second Imperial Guard Added I,,,,,,,HIP 107995,,,,
具名恆星,HIP 108535,The Second Imperial Guard Added II,,,,,,,HIP 108535,,,,
具名恆星,HIP 109400,The Second Imperial Guard Added III,,,,,,,HIP 109400,,,,
具名恆星,HIP 109434,The Second Imperial Guard Added IV,,,,,,,HIP 109434,,,,
具名恆星,HIP 111532,The Second Imperial Guard Added V / The Second Imperial Guard Added VI,,,,,,,HIP 111532,,,,
具名恆星,HIP 111056,The Second Imperial Guard Added VII,,,,,,,Al Kalb al Rai,,,,
具名恆星,HIP 116727,The Second Imperial Guard Added VIII,,,,,,,Errai,,,,
具名恆星,HIP 3572,The Second Imperial Minister Added I,,,,,,,HIP 3572,,,,
具名恆星,HIP 67627,Celestial Great One,,,,天乙,,,HIP 67627,,,,
具名恆星,HIP 66798,First Great One,,,,太乙,,,HIP 66798,,,,
具名恆星,HIP 62423,Inner Kitchen I,,,,,,,Tianyi,,,,
具名恆星,HIP 63076,Inner Kitchen II,,,,,,,Taiyi,,,,
具名恆星,HIP 63432,Inner Kitchen Added I,,,,,,,HIP 63432,,,,
具名恆星,HIP 61936,Inner Kitchen Added II,,,,,,,HIP 61936,,,,
具名恆星,HIP 54061,Northern Dipper I / The Celestial Pivot,,,,天樞,,,Dubhe,,,,
具名恆星,HIP 53910,Northern Dipper II / The Celestial Rotating Jade,,,,天璇,,,Merak,,,,
具名恆星,HIP 58001,Northern Dipper III / The Celestial Shining Pearl,,,,天璣,,,Phecda,,,,
具名恆星,HIP 59774,Northern Dipper IV / The Celestial Balance,,,,天權,,,Megrez,,,,
具名恆星,HIP 62956,Northern Dipper V / The Jade Sighting-Tube,,,,玉衡,,,Alioth,,,,
具名恆星,HIP 65378,Northern Dipper VI / The Opener of Heat,,,,開陽,,,Mizar,,,,
具名恆星,HIP 67301,Northern Dipper VII / The Twinkling Brilliance,,,,搖光,,,Alkaid,,,,
具名恆星,HIP 50448,The Celestial Pivot Added I,,,,,,,HIP 50448,,,,
具名恆星,HIP 51401,The Celestial Pivot Added II,,,,,,,HIP 51401,,,,
具名恆星,HIP 52353,The Celestial Pivot Added III,,,,,,,HIP 52353,,,,
具名恆星,HIP 51459,The Celestial Rotating Jade Added I,,,,,,,HIP 51459,,,,
具名恆星,HIP 51814,The Celestial Rotating Jade Added II,,,,,,,HIP 51814,,,,
具名恆星,HIP 53064,The Celestial Rotating Jade Added III,,,,,,,HIP 53064,,,,
具名恆星,HIP 52685,The Celestial Rotating Jade Added IV,,,,,,,HIP 52685,,,,
具名恆星,HIP 52478,The Celestial Rotating Jade Added V,,,,,,,HIP 52478,,,,
具名恆星,HIP 52650,The Celestial Rotating Jade Added VI,,,,,,,HIP 52650,,,,
具名恆星,HIP 53043,The Celestial Rotating Jade Added VII,,,,,,,HIP 53043,,,,
具名恆星,HIP 53261,The Celestial Rotating Jade Added VIII,,,,,,,HIP 53261,,,,
具名恆星,HIP 60978,The Celestial Balance Added I,,,,,,,HIP 60978,,,,
具名恆星,HIP 60212,The Celestial Balance Added II,,,,,,,HIP 60212,,,,
具名恆星,HIP 60795,The Celestial Balance Added III,,,,,,,HIP 60795,,,,
具名恆星,HIP 66634,The Opener of Heat Added II,,,,,,,HIP 66634,,,,
具名恆星,HIP 65477,Assistant / The Opener of Heat Added I,,,,輔,,,Alcor,,,,
具名恆星,HIP 66738,Assistant Added I,,,,,,,HIP 66738,,,,
具名恆星,HIP 67231,Assistant Added II,,,,,,,HIP 67231,,,,
具名恆星,HIP 67848,Assistant Added III,,,,,,,HIP 67848,,,,
具名恆星,HIP 69481,Celestial Spear I,,,,,,,HIP 69481,,,,
具名恆星,HIP 69713,Celestial Spear II,,,,,,,Asellus Secundus,,,,
具名恆星,HIP 70497,Celestial Spear III,,,,,,,Asellus Primus,,,,
具名恆星,HIP 69068,Celestial Spear Added I,,,,,,,HIP 69068,,,,
具名恆星,HIP 70791,Celestial Spear Added II,,,,,,,HIP 70791,,,,
具名恆星,HIP 72524,Celestial Spear Added III,,,,,,,HIP 72524,,,,
具名恆星,HIP 73695,Celestial Spear Added IV,,,,,,,HIP 73695,,,,
具名恆星,HIP 69732,Sombre Lance,,,,元戈,,,Xuange,,,,
具名恆星,HIP 71618,Sombre Lance Added I,,,,,,,HIP 71618,,,,
具名恆星,HIP 72487,Sombre Lance Added II,,,,,,,Merga,,,,
具名恆星,HIP 66234,Three Excellencies (In Purple Forbidden Enclosure) II,,,,,,,HIP 66234,,,,
具名恆星,HIP 64906,Three Excellencies (In Purple Forbidden Enclosure) III,,,,,,,HIP 64906,,,,
具名恆星,HIP 60485,Prime Minister,,,,相,,,HIP 60485,,,,
具名恆星,HIP 59708,Prime Minister Added I,,,,,,,HIP 59708,,,,
具名恆星,HIP 60122,Prime Minister Added II,,,,,,,HIP 60122,,,,
具名恆星,HIP 62516,Prime Minister Added III,,,,,,,HIP 62516,,,,
具名恆星,HIP 55060,Judge for Nobility I,,,,,,,HIP 55060,,,,
具名恆星,HIP 55797,Judge for Nobility II,,,,,,,HIP 55797,,,,
具名恆星,HIP 58181,Judge for Nobility III,,,,,,,HIP 58181,,,,
具名恆星,HIP 58259,Judge for Nobility IV,,,,,,,HIP 58259,,,,
具名恆星,HIP 56035,Judge for Nobility Added I,,,,,,,HIP 56035,,,,
具名恆星,HIP 57399,Guard of the Sun,,,,太陽守,,,Taiyangshou,,,,
具名恆星,HIP 56789,Guard of the Sun Added I,,,,,,,HIP 56789,,,,
具名恆星,HIP 54539,Royals,,,,太尊,,,HIP 54539,,,,
具名恆星,HIP 53295,Celestial Prison I,,,,,,,HIP 53295,,,,
具名恆星,HIP 56034,Celestial Prison II,,,,,,,HIP 56034,,,,
具名恆星,HIP 53721,Celestial Prison III,,,,,,,Chalawan,,,,
具名恆星,HIP 56148,Celestial Prison IV,,,,,,,HIP 56148,,,,
具名恆星,HIP 53838,Celestial Prison V,,,,,,,HIP 53838,,,,
具名恆星,HIP 55560,Celestial Prison VI,,,,,,,HIP 55560,,,,
具名恆星,HIP 56770,Celestial Prison Added I,,,,,,,HIP 56770,,,,
具名恆星,HIP 55266,Celestial Prison Added II,,,,,,,HIP 55266,,,,
具名恆星,HIP 51685,Eunuch I,,,,,,,HIP 51685,,,,
具名恆星,HIP 51556,Eunuch II,,,,,,,HIP 51556,,,,
具名恆星,HIP 52638,Eunuch III,,,,,,,HIP 52638,,,,
具名恆星,HIP 53229,Eunuch IV,,,,,,,Praecipua,,,,
具名恆星,HIP 51914,Eunuch Added I,,,,,,,HIP 51914,,,,
具名恆星,HIP 52139,Eunuch Added II,,,,,,,HIP 52139,,,,
具名恆星,HIP 51420,Eunuch Added III,,,,,,,HIP 51420,,,,
具名恆星,HIP 51233,Eunuch Added IV,,,,,,,HIP 51233,,,,
具名恆星,HIP 51047,Eunuch Added V,,,,,,,HIP 51047,,,,
具名恆星,HIP 50857,Eunuch Added VI,,,,,,,HIP 50857,,,,
具名恆星,HIP 50860,Eunuch Added VII / Eunuch Added XVII,,,,,,,HIP 50860,,,,
具名恆星,HIP 50935,Eunuch Added VIII / Eunuch Added XVIII,,,,,,,HIP 50935,,,,
具名恆星,HIP 51056,Eunuch Added IX / Eunuch Added XIX,,,,,,,HIP 51056,,,,
具名恆星,HIP 52032,Eunuch Added X,,,,,,,HIP 52032,,,,
具名恆星,HIP 52098,Eunuch Added XI,,,,,,,HIP 52098,,,,
具名恆星,HIP 53377,Eunuch Added XII,,,,,,,HIP 53377,,,,
具名恆星,HIP 53426,Eunuch Added XIII,,,,,,,HIP 53426,,,,
具名恆星,HIP 52882,Eunuch Added XIV,,,,,,,HIP 52882,,,,
具名恆星,HIP 52959,Eunuch Added XV / Eunuch Added XVI,,,,,,,HIP 52959,,,,
具名恆星,HIP 48319,Administrative Center II,,,,,,,Alhaud VI,,,,
具名恆星,HIP 48402,Administrative Center III,,,,,,,Alhaud VII,,,,
具名恆星,HIP 46853,Administrative Center IV,,,,,,,Alhaud V,,,,
具名恆星,HIP 44901,Administrative Center V,,,,,,,Alhaud I,,,,
具名恆星,HIP 45493,Administrative Center VI,,,,,,,Alhaud III,,,,
具名恆星,HIP 47911,Administrative Center Added I,,,,,,,HIP 47911,,,,
具名恆星,HIP 47965,Administrative Center Added II,,,,,,,HIP 47965,,,,
具名恆星,HIP 46239,Administrative Center Added III,,,,,,,HIP 46239,,,,
具名恆星,HIP 47006,Administrative Center Added IV,,,,,,,HIP 47006,,,,
具名恆星,HIP 45836,Administrative Center Added V,,,,,,,HIP 45836,,,,
具名恆星,HIP 45974,Administrative Center Added VI,,,,,,,HIP 45974,,,,
具名恆星,HIP 48682,Administrative Center Added VII,,,,,,,HIP 48682,,,,
具名恆星,HIP 41704,Inner Steps I,,,,,,,Muscida,,,,
具名恆星,HIP 45333,Inner Steps II,,,,,,,HIP 45333,,,,
具名恆星,HIP 43903,Inner Steps III,,,,,,,HIP 43903,,,,
具名恆星,HIP 46733,Inner Steps IV,,,,,,,Alhaud IV,,,,
具名恆星,HIP 43644,Inner Steps V,,,,,,,HIP 43644,,,,
具名恆星,HIP 45455,Inner Steps VI,,,,,,,HIP 45455,,,,
具名恆星,HIP 35785,Inner Steps Added I,,,,,,,HIP 35785,,,,
具名恆星,HIP 35146,Inner Steps Added II,,,,,,,HIP 35146,,,,
具名恆星,HIP 37609,Inner Steps Added III,,,,,,,HIP 37609,,,,
具名恆星,HIP 40875,Inner Steps Added IV,,,,,,,HIP 40875,,,,
具名恆星,HIP 40646,Inner Steps Added V,,,,,,,HIP 40646,,,,
具名恆星,HIP 42527,Inner Steps Added VII,,,,,,,Althiba III,,,,
具名恆星,HIP 42080,Inner Steps Added VIII,,,,,,,HIP 42080,,,,
具名恆星,HIP 42438,Inner Steps Added IX,,,,,,,Althiba II,,,,
具名恆星,HIP 45075,Inner Steps Added X,,,,,,,Alhaud II,,,,
具名恆星,HIP 44390,Three Top Instructors I,,,,,,,Althiba IV,,,,
具名恆星,HIP 44857,Three Top Instructors III,,,,,,,Althiba V,,,,
具名恆星,HIP 45038,Three Top Instructors Added I,,,,,,,Althiba VI,,,,
具名恆星,HIP 28358,Eight Kinds of Crops I,,,,,,,HIP 28358,,,,
具名恆星,HIP 27949,Eight Kinds of Crops II / Eight Kinds of Crops Added VI,,,,,,,HIP 27949,,,,
具名恆星,HIP 27249,Eight Kinds of Crops III,,,,,,,HIP 27249,,,,
具名恆星,HIP 24348,Eight Kinds of Crops IV,,,,,,,HIP 24348,,,,
具名恆星,HIP 23040,Eight Kinds of Crops V,,,,,,,HIP 23040,,,,
具名恆星,HIP 23783,Eight Kinds of Crops VI / Eight Kinds of Crops Added IV,,,,,,,HIP 23783,,,,
具名恆星,HIP 23734,Eight Kinds of Crops VII,,,,,,,HIP 23734,,,,
具名恆星,HIP 27971,Eight Kinds of Crops VIII,,,,,,,HIP 27971,,,,
具名恆星,HIP 22287,Eight Kinds of Crops Added I,,,,,,,HIP 22287,,,,
具名恆星,HIP 22994,Eight Kinds of Crops Added II,,,,,,,HIP 22994,,,,
具名恆星,HIP 22854,Eight Kinds of Crops Added III,,,,,,,HIP 22854,,,,
具名恆星,HIP 28385,Eight Kinds of Crops Added V,,,,,,,HIP 28385,,,,
具名恆星,HIP 27592,Eight Kinds of Crops Added VII,,,,,,,HIP 27592,,,,
具名恆星,HIP 27283,Eight Kinds of Crops Added VIII,,,,,,,HIP 27283,,,,
具名恆星,HIP 26942,Eight Kinds of Crops Added IX,,,,,,,HIP 26942,,,,
具名恆星,HIP 25973,Eight Kinds of Crops Added X,,,,,,,HIP 25973,,,,
具名恆星,HIP 25197,Eight Kinds of Crops Added XI,,,,,,,HIP 25197,,,,
具名恆星,HIP 24836,Eight Kinds of Crops Added XII,,,,,,,HIP 24836,,,,
具名恆星,HIP 23743,Eight Kinds of Crops Added XIII,,,,,,,HIP 23743,,,,
具名恆星,HIP 23522,Eight Kinds of Crops Added XIV,,,,,,,HIP 23522,,,,
具名恆星,HIP 26408,Eight Kinds of Crops Added XV,,,,,,,HIP 26408,,,,
具名恆星,HIP 26700,Eight Kinds of Crops Added XVI,,,,,,,HIP 26700,,,,
具名恆星,HIP 27046,Eight Kinds of Crops Added XVII,,,,,,,HIP 27046,,,,
具名恆星,HIP 27731,Eight Kinds of Crops Added XVIII,,,,,,,HIP 27731,,,,
具名恆星,HIP 29246,Eight Kinds of Crops Added XIX,,,,,,,HIP 29246,,,,
具名恆星,HIP 29730,Eight Kinds of Crops Added XX,,,,,,,HIP 29730,,,,
具名恆星,HIP 29919,Eight Kinds of Crops Added XXI,,,,,,,HIP 29919,,,,
具名恆星,HIP 30278,Eight Kinds of Crops Added XXII,,,,,,,HIP 30278,,,,
具名恆星,HIP 31676,Eight Kinds of Crops Added XXIII,,,,,,,HIP 31676,,,,
具名恆星,HIP 31763,Eight Kinds of Crops Added XXIV,,,,,,,HIP 31763,,,,
具名恆星,HIP 30272,Eight Kinds of Crops Added XXV,,,,,,,HIP 30272,,,,
具名恆星,HIP 30060,Eight Kinds of Crops Added XXVI,,,,,,,HIP 30060,,,,
具名恆星,HIP 30679,Eight Kinds of Crops Added XXVII,,,,,,,HIP 30679,,,,
具名恆星,HIP 31039,Eight Kinds of Crops Added XXVIII,,,,,,,HIP 31039,,,,
具名恆星,HIP 33048,Eight Kinds of Crops Added XXIX,,,,,,,HIP 33048,,,,
具名恆星,HIP 33449,Eight Kinds of Crops Added XXX,,,,,,,HIP 33449,,,,
具名恆星,HIP 32489,Eight Kinds of Crops Added XXXI,,,,,,,HIP 32489,,,,
具名恆星,HIP 31665,Eight Kinds of Crops Added XXXII,,,,,,,HIP 31665,,,,
具名恆星,HIP 31526,Eight Kinds of Crops Added XXXIII,,,,,,,HIP 31526,,,,
具名恆星,HIP 30247,Eight Kinds of Crops Added XXXIV,,,,,,,HIP 30247,,,,
具名恆星,HIP 117371,Guest House I,,,,,,,HIP 117371,,,,
具名恆星,HIP 2707,Guest House II,,,,,,,HIP 2707,,,,
具名恆星,HIP 4714,Guest House III,,,,,,,HIP 4714,,,,
具名恆星,HIP 5589,Guest House IV,,,,,,,HIP 5589,,,,
具名恆星,HIP 10438,Guest House V,,,,,,,HIP 10438,,,,
具名恆星,HIP 13665,Guest House VI,,,,,,,HIP 13665,,,,
具名恆星,HIP 16228,Guest House VII,,,,,,,HIP 16228,,,,
具名恆星,HIP 16281,Guest House VIII,,,,,,,HIP 16281,,,,
具名恆星,HIP 16292,Guest House IX,,,,,,,HIP 16292,,,,
具名恆星,HIP 2474,Guest House Added I,,,,,,,HIP 2474,,,,
具名恆星,HIP 18488,Guest House Added II,,,,,,,HIP 18488,,,,
具名恆星,HIP 19968,Guest House Added III,,,,,,,HIP 19968,,,,
具名恆星,HIP 19018,Guest House Added IV,,,,,,,HIP 19018,,,,
具名恆星,HIP 94376,Celestial Kitchen I,,,,,,,Altais,,,,
具名恆星,HIP 96100,Celestial Kitchen II,,,,,,,Alsafi,,,,
具名恆星,HIP 97433,Celestial Kitchen III,,,,,,,Tyl,,,,
具名恆星,HIP 98702,Celestial Kitchen IV,,,,,,,Tais II,,,,
具名恆星,HIP 98583,Celestial Kitchen V,,,,,,,HIP 98583,,,,
具名恆星,HIP 95081,Celestial Kitchen VI,,,,,,,Tais I,,,,
具名恆星,HIP 94140,Celestial Kitchen Added I,,,,,,,HIP 94140,,,,
具名恆星,HIP 98658,Celestial Kitchen Added II,,,,,,,HIP 98658,,,,
具名恆星,HIP 87585,Celestial Flail I,,,,,,,Grumium,,,,
具名恆星,HIP 85829,Celestial Flail II,,,,,,,HIP 85829,,,,
具名恆星,HIP 85670,Celestial Flail III,,,,,,,Rastaban,,,,
具名恆星,HIP 87833,Celestial Flail IV,,,,,,,Eltanin,,,,
具名恆星,HIP 86414,Celestial Flail V,,,,,,,HIP 86414,,,,
具名恆星,HIP 85819,Celestial Flail Added I,,,,,,,HIP 85819,,,,
具名恆星,HIP 87212,Celestial Flail Added II,,,,,,,HIP 87212,,,,
具名恆星,HIP 87280,Celestial Flail Added III,,,,,,,HIP 87280,,,,
具名恆星,HIP 86182,Celestial Flail Added IV,,,,,,,HIP 86182,,,,
具名恆星,HIP 84835,Celestial Flail Added VII,,,,,,,HIP 84835,,,,
具名恆星,HIP 85379,Celestial Flail Added VIII,,,,,,,HIP 85379,,,,
具名恆星,HIP 83608,Celestial Flail Added IX,,,,,,,Alrakis,,,,
具名恆星,HIP 86036,Celestial Flail Added X,,,,,,,HIP 86036,,,,
具名恆星,HIP 57632,Seats of the Five Emperors I,,,,,,,Denebola,,,,
具名恆星,HIP 57646,Seats of the Five Emperors II,,,,,,,HIP 57646,,,,
具名恆星,HIP 57320,Seats of the Five Emperors III / Seats of the Five Emperors Added IV,,,,,,,HIP 57320,,,,
具名恆星,HIP 58159,Seats of the Five Emperors IV,,,,,,,HIP 58159,,,,
具名恆星,HIP 57779,Seats of the Five Emperors V,,,,,,,HIP 57779,,,,
具名恆星,HIP 56473,Seats of the Five Emperors Added I,,,,,,,HIP 56473,,,,
具名恆星,HIP 56080,Seats of the Five Emperors Added II,,,,,,,HIP 56080,,,,
具名恆星,HIP 56242,Seats of the Five Emperors Added III,,,,,,,HIP 56242,,,,
具名恆星,HIP 57565,Crown Prince,,,,太子,,,HIP 57565,,,,
具名恆星,HIP 56975,Retinue (In Supreme Palace Enclosure),,,,從官 (太微垣),,,HIP 56975,,,,
具名恆星,HIP 58519,Officer of Honour,,,,幸臣,,,HIP 58519,,,,
具名恆星,HIP 63948,Five Lords I,,,,,,,HIP 63948,,,,
具名恆星,HIP 63355,Five Lords II,,,,,,,HIP 63355,,,,
具名恆星,HIP 62356,Five Lords III,,,,,,,HIP 62356,,,,
具名恆星,HIP 59819,Five Lords V,,,,,,,HIP 59819,,,,
具名恆星,HIP 63950,Five Lords Added I,,,,,,,HIP 63950,,,,
具名恆星,HIP 62886,Five Lords Added II,,,,,,,HIP 62886,,,,
具名恆星,HIP 63533,Five Lords Added III,,,,,,,HIP 63533,,,,
具名恆星,HIP 61571,Five Lords Added IV,,,,,,,HIP 61571,,,,
具名恆星,HIP 61415,Five Lords Added V,,,,,,,HIP 61415,,,,
具名恆星,HIP 60202,Five Lords Added VI,,,,,,,HIP 60202,,,,
具名恆星,HIP 59352,Five Lords Added VII,,,,,,,HIP 59352,,,,
具名恆星,HIP 61960,Nine Senior Officers I,,,,,,,HIP 61960,,,,
具名恆星,HIP 62267,Nine Senior Officers II,,,,,,,HIP 62267,,,,
具名恆星,HIP 61579,Nine Senior Officers III / Nine Senior Officers Added VII,,,,,,,HIP 61579,,,,
具名恆星,HIP 62541,Nine Senior Officers Added I / Nine Senior Officers Added II,,,,,,,HIP 62541,,,,
具名恆星,HIP 62478,Nine Senior Officers Added III,,,,,,,HIP 62478,,,,
具名恆星,HIP 62394,Nine Senior Officers Added IV,,,,,,,HIP 62394,,,,
具名恆星,HIP 61937,Nine Senior Officers Added V,,,,,,,HIP 61937,,,,
具名恆星,HIP 62325,Nine Senior Officers Added VI,,,,,,,HIP 62325,,,,
具名恆星,HIP 61246,Nine Senior Officers Added VIII / Nine Senior Officers Added IX,,,,,,,HIP 61246,,,,
具名恆星,HIP 61968,Three Excellencies (In Supreme Palace Enclosure) II,,,,,,,HIP 61968,,,,
具名恆星,HIP 62443,Three Excellencies (In Supreme Palace Enclosure) III,,,,,,,HIP 62443,,,,
具名恆星,HIP 57328,Inner Screen I,,,,,,,HIP 57328,,,,
具名恆星,HIP 57380,Inner Screen II,,,,,,,HIP 57380,,,,
具名恆星,HIP 58590,Inner Screen III,,,,,,,HIP 58590,,,,
具名恆星,HIP 58948,Inner Screen IV,,,,,,,HIP 58948,,,,
具名恆星,HIP 56779,Inner Screen Added I,,,,,,,HIP 56779,,,,
具名恆星,HIP 57562,Inner Screen Added II,,,,,,,HIP 57562,,,,
具名恆星,HIP 58110,Inner Screen Added III,,,,,,,HIP 58110,,,,
具名恆星,HIP 59608,Inner Screen Added IV,,,,,,,HIP 59608,,,,
具名恆星,HIP 59309,Inner Screen Added V,,,,,,,HIP 59309,,,,
具名恆星,HIP 58510,Inner Screen Added VI,,,,,,,HIP 58510,,,,
具名恆星,HIP 57757,Supreme Palace Right Wall I / Right Law Administrator,,,,右執法,,,Zavijava,,,,
具名恆星,HIP 55434,Supreme Palace Right Wall II / The Great Western General,,,,西上將,,,HIP 55434,,,,
具名恆星,HIP 55642,Supreme Palace Right Wall III / The Second Western General,,,,西次將,,,HIP 55642,,,,
具名恆星,HIP 54879,Supreme Palace Right Wall IV / The Second Western Premier,,,,西次相,,,Chertan,,,,
具名恆星,HIP 54872,Supreme Palace Right Wall V / The Great Western Premier,,,,西上相,,,Zosma,,,,
具名恆星,HIP 55765,The Second Western Premier Added II,,,,,,,HIP 55765,,,,
具名恆星,HIP 55016,The Second Western Premier Added III,,,,,,,HIP 55016,,,,
具名恆星,HIP 53954,The Great Western Premier Added I,,,,,,,HIP 53954,,,,
具名恆星,HIP 56146,The Great Western Premier Added II,,,,,,,HIP 56146,,,,
具名恆星,HIP 60129,Supreme Palace Left Wall I / Left Law Administrator,,,,左執法,,,Zaniah,,,,
具名恆星,HIP 61941,Supreme Palace Left Wall II / The Great Eastern Premier,,,,東上相,,,Porrima,,,,
具名恆星,HIP 63090,Supreme Palace Left Wall III / The Second Eastern Premier,,,,東次相,,,Minelauva,,,,
具名恆星,HIP 63608,Supreme Palace Left Wall IV / The Second Eastern General,,,,東次將,,,Vindemiatrix,,,,
具名恆星,HIP 64241,Supreme Palace Left Wall V / The Great Eastern General,,,,東上將,,,Diadem,,,,
具名恆星,HIP 60030,Left Law Administrator Added I,,,,,,,HIP 60030,,,,
具名恆星,HIP 62757,The Second Eastern Premier Added I,,,,,,,HIP 62757,,,,
具名恆星,HIP 62933,The Second Eastern General Added I,,,,,,,HIP 62933,,,,
具名恆星,HIP 64792,The Second Eastern General Added III,,,,,,,HIP 64792,,,,
具名恆星,HIP 65721,The Great Eastern General Added I,,,,,,,HIP 65721,,,,
具名恆星,HIP 65790,The Great Eastern General Added II,,,,,,,HIP 65790,,,,
具名恆星,HIP 66610,The Great Eastern General Added III,,,,,,,HIP 66610,,,,
具名恆星,HIP 66640,The Great Eastern General Added IV,,,,,,,HIP 66640,,,,
具名恆星,HIP 62763,Captain of the Bodyguards,,,,郎將,,,Polaris Galacticus Borealis,,,,
具名恆星,HIP 62576,Captain of the Bodyguards Added I,,,,,,,HIP 62576,,,,
具名恆星,HIP 62857,Captain of the Bodyguards Added II,,,,,,,HIP 62857,,,,
具名恆星,HIP 60742,Officers of the Imperial Guard I,,,,,,,Al Dafirah,,,,
具名恆星,HIP 60697,Officers of the Imperial Guard III,,,,,,,HIP 60697,,,,
具名恆星,HIP 60746,Officers of the Imperial Guard IV,,,,,,,HIP 60746,,,,
具名恆星,HIP 60904,Officers of the Imperial Guard V,,,,,,,HIP 60904,,,,
具名恆星,HIP 60514,Officers of the Imperial Guard VI,,,,,,,HIP 60514,,,,
具名恆星,HIP 60351,Officers of the Imperial Guard VII,,,,,,,HIP 60351,,,,
具名恆星,HIP 61071,Officers of the Imperial Guard VIII,,,,,,,Kissin,,,,
具名恆星,HIP 60941,Officers of the Imperial Guard IX,,,,,,,HIP 60941,,,,
具名恆星,HIP 59847,Officers of the Imperial Guard X,,,,,,,HIP 59847,,,,
具名恆星,HIP 61394,Officers of the Imperial Guard XI,,,,,,,HIP 61394,,,,
具名恆星,HIP 61724,Officers of the Imperial Guard XII,,,,,,,HIP 61724,,,,
具名恆星,HIP 60957,Officers of the Imperial Guard XIII,,,,,,,HIP 60957,,,,
具名恆星,HIP 59501,Officers of the Imperial Guard XIV,,,,,,,HIP 59501,,,,
具名恆星,HIP 58858,Officers of the Imperial Guard XV,,,,,,,HIP 58858,,,,
具名恆星,HIP 60123,Officers of the Imperial Guard Added I,,,,,,,HIP 60123,,,,
具名恆星,HIP 60098,Officers of the Imperial Guard Added II,,,,,,,HIP 60098,,,,
具名恆星,HIP 59468,Officers of the Imperial Guard Added III,,,,,,,HIP 59468,,,,
具名恆星,HIP 63125,Royal Guards I,,,,,,,Cor Caroli,,,,
具名恆星,HIP 62207,Royal Guards II,,,,,,,HIP 62207,,,,
具名恆星,HIP 61692,Royal Guards III,,,,,,,HIP 61692,,,,
具名恆星,HIP 61317,Royal Guards IV,,,,,,,Chara,,,,
具名恆星,HIP 60646,Royal Guards V,,,,,,,HIP 60646,,,,
具名恆星,HIP 59831,Royal Guards VI,,,,,,,HIP 59831,,,,
具名恆星,HIP 58684,Royal Guards VII,,,,,,,HIP 58684,,,,
具名恆星,HIP 60467,Royal Guards Added I,,,,,,,HIP 60467,,,,
具名恆星,HIP 64355,Royal Guards Added II,,,,,,,HIP 64355,,,,
具名恆星,HIP 64844,Royal Guards Added III,,,,,,,HIP 64844,,,,
具名恆星,HIP 64244,Royal Guards Added IV,,,,,,,HIP 64244,,,,
具名恆星,HIP 64217,Royal Guards Added V,,,,,,,HIP 64217,,,,
具名恆星,HIP 64246,Royal Guards Added VI,,,,,,,HIP 64246,,,,
具名恆星,HIP 64212,Royal Guards Added VII,,,,,,,HIP 64212,,,,
具名恆星,HIP 44127,Three Steps I / Upper Steps I,,,,,,,Talitha,,,,
具名恆星,HIP 44471,Three Steps II / Upper Steps II,,,,,,,Alkaphrah,,,,
具名恆星,HIP 50372,Three Steps III / Middle Steps I,,,,,,,Tania Borealis,,,,
具名恆星,HIP 50801,Three Steps IV / Middle Steps II,,,,,,,Tania Australis,,,,
具名恆星,HIP 55219,Three Steps V / Lower Steps I,,,,,,,Alula Borealis,,,,
具名恆星,HIP 55203,Three Steps VI / Lower Steps II,,,,,,,Alula Australis,,,,
具名恆星,HIP 39847,Upper Steps Added I,,,,,,,HIP 39847,,,,
具名恆星,HIP 38639,Upper Steps Added II,,,,,,,HIP 38639,,,,
具名恆星,HIP 38623,Upper Steps Added III,,,,,,,HIP 38623,,,,
具名恆星,HIP 41075,Upper Steps Added IV,,,,,,,Alsciaukat,,,,
具名恆星,HIP 43531,Upper Steps Added V,,,,,,,HIP 43531,,,,
具名恆星,HIP 45290,Upper Steps Added VI,,,,,,,HIP 45290,,,,
具名恆星,HIP 46471,Upper Steps Added VII,,,,,,,Intercrus,,,,
具名恆星,HIP 48833,Middle Steps Added II,,,,,,,HIP 48833,,,,
具名恆星,HIP 50687,Middle Steps Added III,,,,,,,HIP 50687,,,,
具名恆星,HIP 50485,Middle Steps Added IV,,,,,,,HIP 50485,,,,
具名恆星,HIP 56997,Lower Steps Added I,,,,,,,HIP 56997,,,,
具名恆星,HIP 57029,Lower Steps Added II,,,,,,,HIP 57029,,,,
具名恆星,HIP 54951,Emperor's Bodyguard,,,,虎賁,,,Zubrah,,,,
具名恆星,HIP 54347,Junior Officers I,,,,,,,HIP 54347,,,,
具名恆星,HIP 53417,Junior Officers II / Junior Officers Added IX,,,,,,,HIP 53417,,,,
具名恆星,HIP 52457,Junior Officers III,,,,,,,HIP 52457,,,,
具名恆星,HIP 52686,Junior Officers IV,,,,,,,HIP 52686,,,,
具名恆星,HIP 52240,Junior Officers Added I,,,,,,,HIP 52240,,,,
具名恆星,HIP 52422,Junior Officers Added II,,,,,,,HIP 52422,,,,
具名恆星,HIP 53355,Junior Officers Added III,,,,,,,HIP 53355,,,,
具名恆星,HIP 53492,Junior Officers Added IV,,,,,,,HIP 53492,,,,
具名恆星,HIP 54196,Junior Officers Added V,,,,,,,HIP 54196,,,,
具名恆星,HIP 54487,Junior Officers Added VI,,,,,,,HIP 54487,,,,
具名恆星,HIP 54388,Junior Officers Added VII,,,,,,,HIP 54388,,,,
具名恆星,HIP 53439,Junior Officers Added VIII,,,,,,,HIP 53439,,,,
具名恆星,HIP 51585,Long Wall I,,,,,,,HIP 51585,,,,
具名恆星,HIP 52689,Long Wall II,,,,,,,HIP 52689,,,,
具名恆星,HIP 52911,Long Wall III,,,,,,,HIP 52911,,,,
具名恆星,HIP 51775,Long Wall IV,,,,,,,HIP 51775,,,,
具名恆星,HIP 52120,Long Wall Added I,,,,,,,HIP 52120,,,,
具名恆星,HIP 51802,Long Wall Added II,,,,,,,HIP 51802,,,,
具名恆星,HIP 51592,Long Wall Added III,,,,,,,HIP 51592,,,,
具名恆星,HIP 50684,Long Wall Added IV,,,,,,,HIP 50684,,,,
具名恆星,HIP 51451,Long Wall Added V,,,,,,,HIP 51451,,,,
具名恆星,HIP 52401,Long Wall Added VI,,,,,,,HIP 52401,,,,
具名恆星,HIP 52452,Long Wall Added VII,,,,,,,HIP 52452,,,,
具名恆星,HIP 52660,Long Wall Added VIII,,,,,,,HIP 52660,,,,
具名恆星,HIP 52763,Long Wall Added IX,,,,,,,HIP 52763,,,,
具名恆星,HIP 54182,Astronomical Observatory I,,,,,,,HIP 54182,,,,
具名恆星,HIP 53824,Astronomical Observatory II,,,,,,,HIP 53824,,,,
具名恆星,HIP 53807,Astronomical Observatory III,,,,,,,HIP 53807,,,,
具名恆星,HIP 53449,Astronomical Observatory Added I,,,,,,,HIP 53449,,,,
具名恆星,HIP 52584,Astronomical Observatory Added II,,,,,,,HIP 52584,,,,
具名恆星,HIP 53423,Astronomical Observatory Added III,,,,,,,HIP 53423,,,,
具名恆星,HIP 53460,Astronomical Observatory Added IV,,,,,,,HIP 53460,,,,
具名恆星,HIP 53907,Astronomical Observatory Added V,,,,,,,HIP 53907,,,,
具名恆星,HIP 54515,Astronomical Observatory Added VI,,,,,,,HIP 54515,,,,
具名恆星,HIP 54049,Astronomical Observatory Added VII,,,,,,,HIP 54049,,,,
具名恆星,HIP 54336,Astronomical Observatory Added VIII,,,,,,,HIP 54336,,,,
具名恆星,HIP 55945,The Hall of Glory I,,,,,,,HIP 55945,,,,
具名恆星,HIP 56647,The Hall of Glory II,,,,,,,HIP 56647,,,,
具名恆星,HIP 56127,The Hall of Glory III / The Hall of Glory Added VII,,,,,,,HIP 56127,,,,
具名恆星,HIP 56445,The Hall of Glory Added I,,,,,,,HIP 56445,,,,
具名恆星,HIP 55791,The Hall of Glory Added II,,,,,,,HIP 55791,,,,
具名恆星,HIP 55650,The Hall of Glory Added III,,,,,,,HIP 55650,,,,
具名恆星,HIP 55137,The Hall of Glory Added IV,,,,,,,HIP 55137,,,,
具名恆星,HIP 54849,The Hall of Glory Added V,,,,,,,HIP 54849,,,,
具名恆星,HIP 55084,The Hall of Glory Added VI,,,,,,,HIP 55084,,,,
具名恆星,HIP 60172,Usher to the Court,,,,謁者,,,HIP 60172,,,,
具名恆星,HIP 59285,Usher to the Court Added I,,,,,,,HIP 59285,,,,
具名恆星,HIP 60353,Usher to the Court Added II,,,,,,,HIP 60353,,,,
具名恆星,HIP 84345,Emperor's Seat,,,,帝座,,,Rasalgethi,,,,
具名恆星,HIP 86032,Astrologer,,,,候,,,Rasalhague,,,,
具名恆星,HIP 85979,Astrologer Added III,,,,,,,HIP 85979,,,,
具名恆星,HIP 86041,Astrologer Added IV,,,,,,,HIP 86041,,,,
具名恆星,HIP 85998,Astrologer Added V,,,,,,,HIP 85998,,,,
具名恆星,HIP 83430,Eunuch Official I,,,,,,,HIP 83430,,,,
具名恆星,HIP 83478,Eunuch Official II,,,,,,,HIP 83478,,,,
具名恆星,HIP 83613,Eunuch Official III,,,,,,,HIP 83613,,,,
具名恆星,HIP 84177,Eunuch Official IV,,,,,,,HIP 84177,,,,
具名恆星,HIP 82802,Eunuch Official Added I / Eunuch Official Added II,,,,,,,HIP 82802,,,,
具名恆星,HIP 82526,Eunuch Official Added III,,,,,,,HIP 82526,,,,
具名恆星,HIP 83504,Eunuch Official Added IV,,,,,,,HIP 83504,,,,
具名恆星,HIP 84671,Eunuch Official Added V,,,,,,,HIP 84671,,,,
具名恆星,HIP 80463,Dipper for Liquids I / Dipper for Liquids Added I,,,,,,,Cujam,,,,
具名恆星,HIP 79492,Dipper for Liquids II,,,,,,,HIP 79492,,,,
具名恆星,HIP 79634,Dipper for Liquids III,,,,,,,HIP 79634,,,,
具名恆星,HIP 81008,Dipper for Liquids IV,,,,,,,HIP 81008,,,,
具名恆星,HIP 81354,Dipper for Liquids V,,,,,,,HIP 81354,,,,
具名恆星,HIP 79704,Dipper for Liquids Added II,,,,,,,HIP 79704,,,,
具名恆星,HIP 79047,Dipper for Liquids Added III,,,,,,,HIP 79047,,,,
具名恆星,HIP 79007,Dipper for Liquids Added IV,,,,,,,HIP 79007,,,,
具名恆星,HIP 79072,Dipper for Liquids Added V,,,,,,,HIP 79072,,,,
具名恆星,HIP 79608,Dipper for Liquids Added VI,,,,,,,HIP 79608,,,,
具名恆星,HIP 79488,Dipper for Liquids Added VII,,,,,,,HIP 79488,,,,
具名恆星,HIP 80351,Dipper for Liquids Added IX,,,,,,,HIP 80351,,,,
具名恆星,HIP 81007,Dipper for Liquids Added X / Dipper for Liquids Added XI,,,,,,,HIP 81007,,,,
具名恆星,HIP 82673,Dipper for Solids I,,,,,,,HIP 82673,,,,
具名恆星,HIP 83000,Dipper for Solids II,,,,,,,HIP 83000,,,,
具名恆星,HIP 82402,Dipper for Solids III,,,,,,,HIP 82402,,,,
具名恆星,HIP 82073,Dipper for Solids IV / Dipper for Solids Added I,,,,,,,HIP 82073,,,,
具名恆星,HIP 81991,Dipper for Solids Added II,,,,,,,HIP 81991,,,,
具名恆星,HIP 82216,Dipper for Solids Added III,,,,,,,HIP 82216,,,,
具名恆星,HIP 81717,Dipper for Solids Added IV,,,,,,,HIP 81717,,,,
具名恆星,HIP 81634,Dipper for Solids Added V,,,,,,,HIP 81634,,,,
具名恆星,HIP 81641,Dipper for Solids Added VI,,,,,,,HIP 81641,,,,
具名恆星,HIP 80179,Jewel Market I,,,,,,,HIP 80179,,,,
具名恆星,HIP 80883,Jewel Market II,,,,,,,Marfik,,,,
具名恆星,HIP 82480,Jewel Market Added I,,,,,,,HIP 82480,,,,
具名恆星,HIP 82037,Jewel Market Added II,,,,,,,HIP 82037,,,,
具名恆星,HIP 81734,Jewel Market Added III,,,,,,,HIP 81734,,,,
具名恆星,HIP 81300,Jewel Market Added IV,,,,,,,HIP 81300,,,,
具名恆星,HIP 80628,Commodity Market I,,,,,,,HIP 80628,,,,
具名恆星,HIP 82369,Commodity Market II,,,,,,,HIP 82369,,,,
具名恆星,HIP 82730,Commodity Market Added I,,,,,,,HIP 82730,,,,
具名恆星,HIP 83262,Commodity Market Added II,,,,,,,HIP 83262,,,,
具名恆星,HIP 86284,Municipal Office I,,,,,,,HIP 86284,,,,
具名恆星,HIP 86565,Municipal Office II,,,,,,,HIP 86565,,,,
具名恆星,HIP 88404,Municipal Office III,,,,,,,HIP 88404,,,,
具名恆星,HIP 84880,Municipal Office IV / Municipal Office Added I,,,,,,,HIP 84880,,,,
具名恆星,HIP 85397,Municipal Office V,,,,,,,HIP 85397,,,,
具名恆星,HIP 86768,Municipal Office VI,,,,,,,HIP 86768,,,,
具名恆星,HIP 86742,Official for the Royal Clan I,,,,,,,Cebalrai,,,,
具名恆星,HIP 87108,Official for the Royal Clan II,,,,,,,Muliphen,,,,
具名恆星,HIP 86831,Official for the Royal Clan Added I,,,,,,,HIP 86831,,,,
具名恆星,HIP 85355,Official for the Royal Clan Added II,,,,,,,HIP 85355,,,,
具名恆星,HIP 84514,Official for the Royal Clan Added III,,,,,,,HIP 84514,,,,
具名恆星,HIP 88149,Official of Religious Ceremonies I,,,,,,,HIP 88149,,,,
具名恆星,HIP 88192,Official of Religious Ceremonies II,,,,,,,HIP 88192,,,,
具名恆星,HIP 88290,Official of Religious Ceremonies III,,,,,,,HIP 88290,,,,
具名恆星,HIP 88601,Official of Religious Ceremonies IV,,,,,,,HIP 88601,,,,
具名恆星,HIP 88771,Official of Religious Ceremonies Added I,,,,,,,HIP 88771,,,,
具名恆星,HIP 88765,Official of Religious Ceremonies Added II,,,,,,,HIP 88765,,,,
具名恆星,HIP 88964,Official of Religious Ceremonies Added III,,,,,,,HIP 88964,,,,
具名恆星,HIP 89918,Official of Religious Ceremonies Added IV,,,,,,,HIP 89918,,,,
具名恆星,HIP 92043,Patriarchal Clan I,,,,,,,HIP 92043,,,,
具名恆星,HIP 92161,Patriarchal Clan II,,,,,,,HIP 92161,,,,
具名恆星,HIP 88267,Textile Ruler I,,,,,,,HIP 88267,,,,
具名恆星,HIP 88886,Textile Ruler II,,,,,,,HIP 88886,,,,
具名恆星,HIP 88331,Textile Ruler Added I,,,,,,,HIP 88331,,,,
具名恆星,HIP 88899,Textile Ruler Added II,,,,,,,HIP 88899,,,,
具名恆星,HIP 88128,Textile Ruler Added III,,,,,,,HIP 88128,,,,
具名恆星,HIP 90139,Butcher's Shops I,,,,,,,HIP 90139,,,,
具名恆星,HIP 88657,Butcher's Shops II,,,,,,,HIP 88657,,,,
具名恆星,HIP 88346,Butcher's Shops Added I,,,,,,,HIP 88346,,,,
具名恆星,HIP 89773,Butcher's Shops Added II,,,,,,,HIP 89773,,,,
具名恆星,HIP 89861,Butcher's Shops Added III,,,,,,,HIP 89861,,,,
具名恆星,HIP 80816,Heavenly Market Right Wall I / Hezhong,,,,河中,,,Kornephoros,,,,
具名恆星,HIP 80170,Heavenly Market Right Wall II / Hejian,,,,河間,,,Nasak Shamiya III,,,,
具名恆星,HIP 79043,Heavenly Market Right Wall III / Jin,,,,晉,,,Marsic,,,,
具名恆星,HIP 78072,Heavenly Market Right Wall IV / Zheng,,,,鄭,,,Nasak Shamiya II,,,,
具名恆星,HIP 77233,Heavenly Market Right Wall V / Zhou,,,,周,,,Nasak Shamiya I,,,,
具名恆星,HIP 76276,Heavenly Market Right Wall VI / Qin,,,,秦,,,Nasak Yamani I,,,,
具名恆星,HIP 77070,Heavenly Market Right Wall VII / Shu,,,,蜀,,,Unukalhai,,,,
具名恆星,HIP 77622,Heavenly Market Right Wall VIII / Ba,,,,巴,,,Nasak Yamani II,,,,
具名恆星,HIP 79593,Heavenly Market Right Wall IX / Liang,,,,梁,,,Yed Prior,,,,
具名恆星,HIP 79882,Heavenly Market Right Wall X / Chu,,,,楚,,,Yed Posterior,,,,
具名恆星,HIP 81377,Heavenly Market Right Wall XI / Han,,,,韓,,,Saik,,,,
具名恆星,HIP 79666,Hejian Added I,,,,,,,HIP 79666,,,,
具名恆星,HIP 78481,Jin Added I,,,,,,,HIP 78481,,,,
具名恆星,HIP 79102,Jin Added II / Jin Added IV,,,,,,,HIP 79102,,,,
具名恆星,HIP 79332,Jin Added III,,,,,,,HIP 79332,,,,
具名恆星,HIP 79045,Jin Added V,,,,,,,HIP 79045,,,,
具名恆星,HIP 75530,Zhou Added I,,,,,,,HIP 75530,,,,
具名恆星,HIP 76423,Zhou Added II,,,,,,,HIP 76423,,,,
具名恆星,HIP 76424,Zhou Added III,,,,,,,HIP 76424,,,,
具名恆星,HIP 76810,Zhou Added IV,,,,,,,HIP 76810,,,,
具名恆星,HIP 76337,Zhou Added V,,,,,,,HIP 76337,,,,
具名恆星,HIP 76878,Zhou Added VI,,,,,,,HIP 76878,,,,
具名恆星,HIP 76852,Zhou Added VII,,,,,,,HIP 76852,,,,
具名恆星,HIP 77450,Zhou Added VIII,,,,,,,Gudja,,,,
具名恆星,HIP 77111,Zhou Added IX,,,,,,,HIP 77111,,,,
具名恆星,HIP 77249,Zhou Added XI,,,,,,,HIP 77249,,,,
具名恆星,HIP 77336,Zhou Added XII / Zhou Added XV,,,,,,,HIP 77336,,,,
具名恆星,HIP 77801,Zhou Added XIII,,,,,,,HIP 77801,,,,
具名恆星,HIP 76866,Zhou Added XIV,,,,,,,HIP 76866,,,,
具名恆星,HIP 77412,Zhou Added XVI,,,,,,,HIP 77412,,,,
具名恆星,HIP 76425,Qin Added II,,,,,,,HIP 76425,,,,
具名恆星,HIP 77257,Shu Added I,,,,,,,HIP 77257,,,,
具名恆星,HIP 74649,Shu Added II,,,,,,,HIP 74649,,,,
具名恆星,HIP 77163,Shu Added III,,,,,,,HIP 77163,,,,
具名恆星,HIP 77052,Ba Added I,,,,,,,HIP 77052,,,,
具名恆星,HIP 77578,Ba Added II,,,,,,,HIP 77578,,,,
具名恆星,HIP 78442,Ba Added III,,,,,,,HIP 78442,,,,
具名恆星,HIP 78685,Ba Added IV,,,,,,,HIP 78685,,,,
具名恆星,HIP 77660,Ba Added V / Celestial Milk Added II,,,,,,,HIP 77660,,,,
具名恆星,HIP 84379,Heavenly Market Left Wall I / Wei,,,,魏,,,Sarin,,,,
具名恆星,HIP 85693,Heavenly Market Left Wall II / Zhao,,,,趙,,,Maasym,,,,
具名恆星,HIP 86974,Heavenly Market Left Wall III / Jiuhe,,,,九河,,,HIP 86974,,,,
具名恆星,HIP 88794,Heavenly Market Left Wall IV / Zhongshan,,,,中山,,,HIP 88794,,,,
具名恆星,HIP 92614,Heavenly Market Left Wall V / Qi,,,,齊,,,HIP 92614,,,,
具名恆星,HIP 93747,Heavenly Market Left Wall VI / Wuyue,,,,吳越,,,Okab,,,,
具名恆星,HIP 92946,Heavenly Market Left Wall VII / Xu,,,,徐,,,Alya,,,,
具名恆星,HIP 89962,Heavenly Market Left Wall VIII / Donghai,,,,東海,,,HIP 89962,,,,
具名恆星,HIP 88048,Heavenly Market Left Wall IX / Yan,,,,燕,,,HIP 88048,,,,
具名恆星,HIP 86263,Heavenly Market Left Wall X / Nanhai,,,,南海,,,HIP 86263,,,,
具名恆星,HIP 84012,Heavenly Market Left Wall XI / Song,,,,宋,,,Sabik,,,,
具名恆星,HIP 82504,Wei Added I,,,,,,,HIP 82504,,,,
具名恆星,HIP 82780,Wei Added II,,,,,,,HIP 82780,,,,
具名恆星,HIP 82987,Wei Added III,,,,,,,HIP 82987,,,,
具名恆星,HIP 83830,Wei Added IV,,,,,,,HIP 83830,,,,
具名恆星,HIP 83876,Wei Added V,,,,,,,HIP 83876,,,,
具名恆星,HIP 84887,Wei Added VI / Wei Added VII,,,,,,,HIP 84887,,,,
具名恆星,HIP 85157,Wei Added VIII,,,,,,,HIP 85157,,,,
具名恆星,HIP 85790,Zhao Added I,,,,,,,HIP 85790,,,,
具名恆星,HIP 86254,Zhao Added II,,,,,,,HIP 86254,,,,
具名恆星,HIP 86731,Zhao Added III,,,,,,,HIP 86731,,,,
具名恆星,HIP 87194,Jiuhe Added I,,,,,,,HIP 87194,,,,
具名恆星,HIP 87933,Zhongshan Added I,,,,,,,HIP 87933,,,,
具名恆星,HIP 87998,Zhongshan Added II,,,,,,,HIP 87998,,,,
具名恆星,HIP 88745,Zhongshan Added III,,,,,,,HIP 88745,,,,
具名恆星,HIP 89172,Zhongshan Added IV,,,,,,,HIP 89172,,,,
具名恆星,HIP 89925,Zhongshan Added V,,,,,,,HIP 89925,,,,
具名恆星,HIP 89935,Zhongshan Added VI,,,,,,,HIP 89935,,,,
具名恆星,HIP 88817,Zhongshan Added VII,,,,,,,HIP 88817,,,,
具名恆星,HIP 92818,Qi Added I,,,,,,,HIP 92818,,,,
具名恆星,HIP 94620,Qi Added II,,,,,,,HIP 94620,,,,
具名恆星,HIP 94703,Qi Added III,,,,,,,HIP 94703,,,,
具名恆星,HIP 94827,Qi Added IV,,,,,,,HIP 94827,,,,
具名恆星,HIP 95771,Qi Added V,,,,,,,Anser,,,,
具名恆星,HIP 95744,Qi Added VI,,,,,,,HIP 95744,,,,
具名恆星,HIP 95492,Qi Added VII,,,,,,,HIP 95492,,,,
具名恆星,HIP 95260,Qi Added VIII,,,,,,,HIP 95260,,,,
具名恆星,HIP 93975,Qi Added IX,,,,,,,HIP 93975,,,,
具名恆星,HIP 94382,Qi Added X,,,,,,,HIP 94382,,,,
具名恆星,HIP 95785,Qi Added XI,,,,,,,HIP 95785,,,,
具名恆星,HIP 96081,Qi Added XII,,,,,,,HIP 96081,,,,
具名恆星,HIP 93244,Wuyue Added I,,,,,,,Deneb al Okab Borealis,,,,
具名恆星,HIP 93179,Wuyue Added II,,,,,,,HIP 93179,,,,
具名恆星,HIP 93203,Wuyue Added III,,,,,,,HIP 93203,,,,
具名恆星,HIP 93867,Wuyue Added IV,,,,,,,HIP 93867,,,,
具名恆星,HIP 94834,Wuyue Added V,,,,,,,HIP 94834,,,,
具名恆星,HIP 94982,Wuyue Added VI,,,,,,,HIP 94982,,,,
具名恆星,HIP 95447,Wuyue Added VII,,,,,,,HIP 95447,,,,
具名恆星,HIP 91975,Xu Added I,,,,,,,HIP 91975,,,,
具名恆星,HIP 92872,Xu Added II,,,,,,,HIP 92872,,,,
具名恆星,HIP 94068,Xu Added III,,,,,,,HIP 94068,,,,
具名恆星,HIP 93051,Xu Added IV,,,,,,,HIP 93051,,,,
具名恆星,HIP 88175,Donghai Added I,,,,,,,HIP 88175,,,,
具名恆星,HIP 90441,Donghai Added II,,,,,,,HIP 90441,,,,
具名恆星,HIP 90844,Donghai Added III,,,,,,,HIP 90844,,,,
具名恆星,HIP 90642,Donghai Added IV,,,,,,,HIP 90642,,,,
具名恆星,HIP 83331,Song Added II,,,,,,,HIP 83331,,,,
具名恆星,HIP 80181,Celestial Discipline I,,,,,,,HIP 80181,,,,
具名恆星,HIP 81693,Celestial Discipline II,,,,,,,HIP 81693,,,,
具名恆星,HIP 83207,Celestial Discipline III,,,,,,,HIP 83207,,,,
具名恆星,HIP 83313,Celestial Discipline IV,,,,,,,HIP 83313,,,,
具名恆星,HIP 83462,Celestial Discipline V,,,,,,,HIP 83462,,,,
具名恆星,HIP 84573,Celestial Discipline VI,,,,,,,HIP 84573,,,,
具名恆星,HIP 86178,Celestial Discipline VII,,,,,,,HIP 86178,,,,
具名恆星,HIP 87808,Celestial Discipline IX,,,,,,,HIP 87808,,,,
具名恆星,HIP 81833,Celestial Discipline Added I,,,,,,,HIP 81833,,,,
具名恆星,HIP 80460,Celestial Discipline Added II,,,,,,,HIP 80460,,,,
具名恆星,HIP 80214,Celestial Discipline Added III,,,,,,,HIP 80214,,,,
具名恆星,HIP 80247,Celestial Discipline Added IV,,,,,,,HIP 80247,,,,
具名恆星,HIP 80648,Celestial Discipline Added V,,,,,,,HIP 80648,,,,
具名恆星,HIP 81066,Celestial Discipline Added VI,,,,,,,HIP 81066,,,,
具名恆星,HIP 81729,Celestial Discipline Added VII,,,,,,,HIP 81729,,,,
具名恆星,HIP 82000,Celestial Discipline Added VIII,,,,,,,HIP 82000,,,,
具名恆星,HIP 82422,Celestial Discipline Added IX,,,,,,,HIP 82422,,,,
具名恆星,HIP 82324,Celestial Discipline Added X,,,,,,,HIP 82324,,,,
具名恆星,HIP 82587,Celestial Discipline Added XI,,,,,,,HIP 82587,,,,
具名恆星,HIP 84862,Celestial Discipline Added XIII,,,,,,,HIP 84862,,,,
具名恆星,HIP 87563,Celestial Discipline Added XIV,,,,,,,HIP 87563,,,,
具名恆星,HIP 85181,Celestial Discipline Added XV,,,,,,,HIP 85181,,,,
具名恆星,HIP 84380,Woman's Bed I,,,,,,,HIP 84380,,,,
具名恆星,HIP 84606,Woman's Bed II,,,,,,,HIP 84606,,,,
具名恆星,HIP 85112,Woman's Bed III,,,,,,,HIP 85112,,,,
具名恆星,HIP 77048,Coiled Thong I,,,,,,,HIP 77048,,,,
具名恆星,HIP 76127,Coiled Thong II,,,,,,,HIP 76127,,,,
具名恆星,HIP 75695,Coiled Thong III,,,,,,,Nusakan,,,,
具名恆星,HIP 76267,Coiled Thong IV,,,,,,,Alphecca,,,,
具名恆星,HIP 76952,Coiled Thong V,,,,,,,HIP 76952,,,,
具名恆星,HIP 77512,Coiled Thong VI,,,,,,,HIP 77512,,,,
具名恆星,HIP 78159,Coiled Thong VII,,,,,,,HIP 78159,,,,
具名恆星,HIP 78493,Coiled Thong VIII,,,,,,,HIP 78493,,,,
具名恆星,HIP 78459,Coiled Thong IX,,,,,,,HIP 78459,,,,
具名恆星,HIP 74596,Coiled Thong Added I,,,,,,,HIP 74596,,,,
具名恆星,HIP 75049,Coiled Thong Added II,,,,,,,HIP 75049,,,,
具名恆星,HIP 75312,Coiled Thong Added III,,,,,,,HIP 75312,,,,
具名恆星,HIP 77655,Coiled Thong Added IV,,,,,,,HIP 77655,,,,
具名恆星,HIP 78012,Coiled Thong Added V,,,,,,,HIP 78012,,,,
具名恆星,HIP 79119,Coiled Thong Added VI,,,,,,,HIP 79119,,,,
具名恆星,HIP 79607,Coiled Thong Added VII,,,,,,,HIP 79607,,,,
具名恆星,HIP 79757,Coiled Thong Added VIII,,,,,,,HIP 79757,,,,
具名恆星,HIP 79889,Coiled Thong Added IX,,,,,,,HIP 79889,,,,
具名恆星,HIP 79724,Coiled Thong Added X,,,,,,,HIP 79724,,,,
具名恆星,HIP 79349,Coiled Thong Added XI,,,,,,,HIP 79349,,,,
具名恆星,HIP 78554,Coiled Thong Added XII,,,,,,,HIP 78554,,,,
具名恆星,HIP 77661,Coiled Thong Added XIII,,,,,,,HIP 77661,,,,
具名恆星,HIP 81497,Seven Excellencies I,,,,,,,HIP 81497,,,,
具名恆星,HIP 79992,Seven Excellencies II,,,,,,,HIP 79992,,,,
具名恆星,HIP 79101,Seven Excellencies III,,,,,,,HIP 79101,,,,
具名恆星,HIP 77760,Seven Excellencies IV,,,,,,,HIP 77760,,,,
具名恆星,HIP 75973,Seven Excellencies V,,,,,,,HIP 75973,,,,
具名恆星,HIP 75411,Seven Excellencies VI,,,,,,,Alkalurops,,,,
具名恆星,HIP 74666,Seven Excellencies VII,,,,,,,Thiba,,,,
具名恆星,HIP 81292,Seven Excellencies Added I,,,,,,,HIP 81292,,,,
具名恆星,HIP 81290,Seven Excellencies Added II,,,,,,,HIP 81290,,,,
具名恆星,HIP 80809,Seven Excellencies Added III,,,,,,,HIP 80809,,,,
具名恆星,HIP 78592,Seven Excellencies Added IV,,,,,,,HIP 78592,,,,
具名恆星,HIP 73555,Seven Excellencies Added V,,,,,,,Nekkar,,,,
具名恆星,HIP 73369,Seven Excellencies Added VI,,,,,,,HIP 73369,,,,
具名恆星,HIP 76669,Seven Excellencies Added VII,,,,,,,HIP 76669,,,,
具名恆星,HIP 76307,Seven Excellencies Added VIII,,,,,,,HIP 76307,,,,
具名恆星,HIP 76041,Seven Excellencies Added IX,,,,,,,HIP 76041,,,,
具名恆星,HIP 76534,Seven Excellencies Added X,,,,,,,Ceginus,,,,
具名恆星,HIP 77986,Seven Excellencies Added XI,,,,,,,HIP 77986,,,,
具名恆星,HIP 77907,Seven Excellencies Added XII,,,,,,,HIP 77907,,,,
具名恆星,HIP 79248,Seven Excellencies Added XIII,,,,,,,HIP 79248,,,,
具名恆星,HIP 80704,Seven Excellencies Added XIV,,,,,,,HIP 80704,,,,
具名恆星,HIP 81126,Seven Excellencies Added XV,,,,,,,HIP 81126,,,,
具名恆星,HIP 82321,Seven Excellencies Added XVI,,,,,,,HIP 82321,,,,
具名恆星,HIP 65474,Horn I,,,,,,,Spica,,,,
具名恆星,HIP 66249,Horn II,,,,,,,Heze,,,,
具名恆星,HIP 65323,Horn Added I,,,,,,,HIP 65323,,,,
具名恆星,HIP 65892,Horn Added II,,,,,,,HIP 65892,,,,
具名恆星,HIP 66006,Horn Added III,,,,,,,HIP 66006,,,,
具名恆星,HIP 66320,Horn Added IV,,,,,,,HIP 66320,,,,
具名恆星,HIP 66465,Horn Added V,,,,,,,HIP 66465,,,,
具名恆星,HIP 67355,Horn Added VI,,,,,,,HIP 67355,,,,
具名恆星,HIP 67172,Horn Added VII,,,,,,,HIP 67172,,,,
具名恆星,HIP 66098,Horn Added VIII,,,,,,,HIP 66098,,,,
具名恆星,HIP 65581,Horn Added IX,,,,,,,HIP 65581,,,,
具名恆星,HIP 65074,Horn Added X,,,,,,,HIP 65074,,,,
具名恆星,HIP 64834,Horn Added XI,,,,,,,HIP 64834,,,,
具名恆星,HIP 64625,Horn Added XII / Horn Added XIII,,,,,,,HIP 64625,,,,
具名恆星,HIP 64224,Horn Added XIV,,,,,,,HIP 64224,,,,
具名恆星,HIP 64078,Horn Added XV,,,,,,,HIP 64078,,,,
具名恆星,HIP 65420,Horn Added XVI,,,,,,,HIP 65420,,,,
具名恆星,HIP 64238,Flat Road I,,,,,,,HIP 64238,,,,
具名恆星,HIP 66803,Flat Road II,,,,,,,HIP 66803,,,,
具名恆星,HIP 66200,Celestial Farmland (In Horn Mansion) I,,,,,,,HIP 66200,,,,
具名恆星,HIP 68520,Celestial Farmland (In Horn Mansion) II / Celestial Farmland (In Horn Mansion) Added VII,,,,,,,HIP 68520,,,,
具名恆星,HIP 64852,Celestial Farmland (In Horn Mansion) Added I,,,,,,,HIP 64852,,,,
具名恆星,HIP 65241,Celestial Farmland (In Horn Mansion) Added II,,,,,,,HIP 65241,,,,
具名恆星,HIP 66936,Celestial Farmland (In Horn Mansion) Added III,,,,,,,HIP 66936,,,,
具名恆星,HIP 68092,Celestial Farmland (In Horn Mansion) Added IV / Celestial Farmland (In Horn Mansion) Added V,,,,,,,HIP 68092,,,,
具名恆星,HIP 67929,Celestial Farmland (In Horn Mansion) Added VI,,,,,,,HIP 67929,,,,
具名恆星,HIP 64394,Tripod of the Zhou I,,,,,,,HIP 64394,,,,
具名恆星,HIP 63462,Tripod of the Zhou II,,,,,,,HIP 63462,,,,
具名恆星,HIP 64022,Tripod of the Zhou III,,,,,,,HIP 64022,,,,
具名恆星,HIP 63414,Recommending Virtuous Men / Recommending Virtuous Men Added II,,,,進賢,,,HIP 63414,,,,
具名恆星,HIP 62875,Recommending Virtuous Men Added I,,,,,,,HIP 62875,,,,
具名恆星,HIP 63494,Recommending Virtuous Men Added III,,,,,,,HIP 63494,,,,
具名恆星,HIP 63750,Recommending Virtuous Men Added IV,,,,,,,HIP 63750,,,,
具名恆星,HIP 62985,Recommending Virtuous Men Added V,,,,,,,HIP 62985,,,,
具名恆星,HIP 61969,Recommending Virtuous Men Added VII,,,,,,,HIP 61969,,,,
具名恆星,HIP 61740,Recommending Virtuous Men Added VIII,,,,,,,HIP 61740,,,,
具名恆星,HIP 61558,Recommending Virtuous Men Added IX,,,,,,,HIP 61558,,,,
具名恆星,HIP 64407,Celestial Gate I,,,,,,,HIP 64407,,,,
具名恆星,HIP 65639,Celestial Gate II,,,,,,,HIP 65639,,,,
具名恆星,HIP 64725,Celestial Gate Added I,,,,,,,HIP 64725,,,,
具名恆星,HIP 64577,Celestial Gate Added II,,,,,,,HIP 64577,,,,
具名恆星,HIP 64520,Celestial Gate Added III,,,,,,,HIP 64520,,,,
具名恆星,HIP 64924,Celestial Gate Added IV,,,,,,,HIP 64924,,,,
具名恆星,HIP 65301,Celestial Gate Added V,,,,,,,HIP 65301,,,,
具名恆星,HIP 66091,Celestial Gate Added VI,,,,,,,HIP 66091,,,,
具名恆星,HIP 67057,Celestial Gate Added VII,,,,,,,HIP 67057,,,,
具名恆星,HIP 67139,Celestial Gate Added VIII,,,,,,,HIP 67139,,,,
具名恆星,HIP 67494,Celestial Gate Added IX,,,,,,,HIP 67494,,,,
具名恆星,HIP 67288,Celestial Gate Added X,,,,,,,HIP 67288,,,,
具名恆星,HIP 66015,Celestial Gate Added XI,,,,,,,HIP 66015,,,,
具名恆星,HIP 64962,Judging I,,,,,,,HIP 64962,,,,
具名恆星,HIP 68895,Judging II,,,,,,,HIP 68895,,,,
具名恆星,HIP 64166,Judging Added I,,,,,,,HIP 64166,,,,
具名恆星,HIP 68269,Judging Added II / Judging Added IV,,,,,,,HIP 68269,,,,
具名恆星,HIP 68390,Judging Added III,,,,,,,HIP 68390,,,,
具名恆星,HIP 68002,Arsenal I,,,,,,,Alnair,,,,
具名恆星,HIP 71352,Arsenal II,,,,,,,HIP 71352,,,,
具名恆星,HIP 68933,Arsenal III,,,,,,,Menkent,,,,
具名恆星,HIP 67457,Arsenal IV,,,,,,,HIP 67457,,,,
具名恆星,HIP 65936,Arsenal V,,,,,,,HIP 65936,,,,
具名恆星,HIP 63945,Arsenal VI,,,,,,,HIP 63945,,,,
具名恆星,HIP 61932,Arsenal VII,,,,,,,Muhlifain,,,,
具名恆星,HIP 61622,Arsenal VIII,,,,,,,HIP 61622,,,,
具名恆星,HIP 60517,Arsenal IX,,,,,,,HIP 60517,,,,
具名恆星,HIP 60823,Arsenal X,,,,,,,HIP 60823,,,,
具名恆星,HIP 68523,Pillars (In Horn Mansion) I,,,,,,,HIP 68523,,,,
具名恆星,HIP 68282,Pillars (In Horn Mansion) II,,,,,,,HIP 68282,,,,
具名恆星,HIP 69996,Pillars (In Horn Mansion) III,,,,,,,HIP 69996,,,,
具名恆星,HIP 70574,Pillars (In Horn Mansion) IV,,,,,,,HIP 70574,,,,
具名恆星,HIP 70300,Pillars (In Horn Mansion) V,,,,,,,Bidelman's Helium Variable Star,,,,
具名恆星,HIP 70090,Pillars (In Horn Mansion) VI,,,,,,,HIP 70090,,,,
具名恆星,HIP 67786,Pillars (In Horn Mansion) VII,,,,,,,HIP 67786,,,,
具名恆星,HIP 67669,Pillars (In Horn Mansion) VIII,,,,,,,HIP 67669,,,,
具名恆星,HIP 67153,Pillars (In Horn Mansion) IX,,,,,,,HIP 67153,,,,
具名恆星,HIP 65109,Pillars (In Horn Mansion) XI,,,,,,,HIP 65109,,,,
具名恆星,HIP 67464,Railings I,,,,,,,HIP 67464,,,,
具名恆星,HIP 67472,Railings II,,,,,,,HIP 67472,,,,
具名恆星,HIP 68245,Railings III,,,,,,,HIP 68245,,,,
具名恆星,HIP 68862,Railings IV,,,,,,,HIP 68862,,,,
具名恆星,HIP 66657,Southern Gate I,,,,,,,HIP 66657,,,,
具名恆星,HIP 71683,Southern Gate II,,,,,,,Alpha Centauri,,,,
具名恆星,HIP 69754,Southern Gate Added I,,,,,,,HIP 69754,,,,
具名恆星,HIP 71908,Southern Gate Added II,,,,,,,HIP 71908,,,,
具名恆星,HIP 69427,Neck I,,,,,,,Kang,,,,
具名恆星,HIP 69701,Neck II,,,,,,,Syrma,,,,
具名恆星,HIP 70755,Neck III,,,,,,,Elgafar,,,,
具名恆星,HIP 69974,Neck IV,,,,,,,Khambaliya,,,,
具名恆星,HIP 68888,Neck Added I,,,,,,,HIP 68888,,,,
具名恆星,HIP 68940,Neck Added II,,,,,,,HIP 68940,,,,
具名恆星,HIP 69127,Neck Added III,,,,,,,HIP 69127,,,,
具名恆星,HIP 69403,Neck Added IV,,,,,,,HIP 69403,,,,
具名恆星,HIP 70794,Neck Added V,,,,,,,HIP 70794,,,,
具名恆星,HIP 70680,Neck Added VI,,,,,,,HIP 70680,,,,
具名恆星,HIP 71957,Neck Added VII,,,,,,,Rijl al Awwa,,,,
具名恆星,HIP 72631,Neck Added VIII,,,,,,,HIP 72631,,,,
具名恆星,HIP 72154,Neck Added IX,,,,,,,HIP 72154,,,,
具名恆星,HIP 72220,Neck Added X,,,,,,,HIP 72220,,,,
具名恆星,HIP 70220,Neck Added XI,,,,,,,HIP 70220,,,,
具名恆星,HIP 70012,Neck Added XII,,,,,,,HIP 70012,,,,
具名恆星,HIP 69673,Great Horn,,,,大角,,,Arcturus,,,,
具名恆星,HIP 70602,Great Horn Added I,,,,,,,HIP 70602,,,,
具名恆星,HIP 67927,Right Conductor I,,,,,,,Muphrid,,,,
具名恆星,HIP 67275,Right Conductor II / Right Conductor Added V,,,,,,,HIP 67275,,,,
具名恆星,HIP 67459,Right Conductor III,,,,,,,HIP 67459,,,,
具名恆星,HIP 67480,Right Conductor Added I,,,,,,,HIP 67480,,,,
具名恆星,HIP 66763,Right Conductor Added II,,,,,,,HIP 66763,,,,
具名恆星,HIP 66727,Right Conductor Added III,,,,,,,HIP 66727,,,,
具名恆星,HIP 66992,Right Conductor Added IV,,,,,,,HIP 66992,,,,
具名恆星,HIP 67787,Right Conductor Added VI,,,,,,,HIP 67787,,,,
具名恆星,HIP 72125,Left Conductor I,,,,,,,HIP 72125,,,,
具名恆星,HIP 71762,Left Conductor II,,,,,,,HIP 71762,,,,
具名恆星,HIP 71795,Left Conductor III,,,,,,,HIP 71795,,,,
具名恆星,HIP 72659,Left Conductor Added I,,,,,,,HIP 72659,,,,
具名恆星,HIP 71837,Left Conductor Added II,,,,,,,HIP 71837,,,,
具名恆星,HIP 71832,Left Conductor Added III,,,,,,,HIP 71832,,,,
具名恆星,HIP 72848,Left Conductor Added IV,,,,,,,HIP 72848,,,,
具名恆星,HIP 69415,Executions I / Executions Added I,,,,,,,HIP 69415,,,,
具名恆星,HIP 71652,Executions III,,,,,,,HIP 71652,,,,
具名恆星,HIP 71974,Executions IV / Executions V,,,,,,,HIP 71974,,,,
具名恆星,HIP 72929,Executions VI,,,,,,,HIP 72929,,,,
具名恆星,HIP 73714,Executions VII,,,,,,,Brachium,,,,
具名恆星,HIP 70306,Executions Added II,,,,,,,HIP 70306,,,,
具名恆星,HIP 72197,Executions Added III,,,,,,,HIP 72197,,,,
具名恆星,HIP 72323,Executions Added IV,,,,,,,HIP 72323,,,,
具名恆星,HIP 72357,Executions Added V,,,,,,,HIP 72357,,,,
具名恆星,HIP 73189,Executions Added VI,,,,,,,HIP 73189,,,,
具名恆星,HIP 72378,Executions Added VII,,,,,,,HIP 72378,,,,
具名恆星,HIP 75177,Trials I,,,,,,,HIP 75177,,,,
具名恆星,HIP 74604,Trials II,,,,,,,HIP 74604,,,,
具名恆星,HIP 75304,Trials Added I,,,,,,,HIP 75304,,,,
具名恆星,HIP 71865,Gate of Yang I,,,,,,,HIP 71865,,,,
具名恆星,HIP 72010,Gate of Yang II,,,,,,,HIP 72010,,,,
具名恆星,HIP 72622,Root I,,,,,,,Zubenelgenubi II,,,,
具名恆星,HIP 74392,Root II,,,,,,,HIP 74392,,,,
具名恆星,HIP 76333,Root III,,,,,,,Zubenelhakrabi,,,,
具名恆星,HIP 74785,Root IV,,,,,,,Zubeneschamali,,,,
具名恆星,HIP 73473,Root Added I,,,,,,,Zuben Elakribi,,,,
具名恆星,HIP 73310,Root Added II,,,,,,,HIP 73310,,,,
具名恆星,HIP 73133,Root Added III,,,,,,,HIP 73133,,,,
具名恆星,HIP 72934,Root Added IV,,,,,,,HIP 72934,,,,
具名恆星,HIP 72489,Root Added V,,,,,,,HIP 72489,,,,
具名恆星,HIP 72194,Root Added VI,,,,,,,HIP 72194,,,,
具名恆星,HIP 72603,Root Added VII,,,,,,,Zubenelgenubi I,,,,
具名恆星,HIP 72702,Root Added VIII,,,,,,,HIP 72702,,,,
具名恆星,HIP 73953,Root Added IX,,,,,,,HIP 73953,,,,
具名恆星,HIP 73945,Root Added X,,,,,,,Zuben Hakrabi,,,,
具名恆星,HIP 74493,Root Added XI,,,,,,,HIP 74493,,,,
具名恆星,HIP 74600,Root Added XII,,,,,,,HIP 74600,,,,
具名恆星,HIP 75110,Root Added XIII,,,,,,,HIP 75110,,,,
具名恆星,HIP 76126,Root Added XIV,,,,,,,HIP 76126,,,,
具名恆星,HIP 75944,Root Added XV,,,,,,,HIP 75944,,,,
具名恆星,HIP 75730,Root Added XVI,,,,,,,HIP 75730,,,,
具名恆星,HIP 75118,Root Added XVII,,,,,,,HIP 75118,,,,
具名恆星,HIP 75294,Root Added XVIII,,,,,,,HIP 75294,,,,
具名恆星,HIP 76219,Root Added XIX,,,,,,,HIP 76219,,,,
具名恆星,HIP 75379,Root Added XX,,,,,,,HIP 75379,,,,
具名恆星,HIP 76133,Root Added XXI,,,,,,,HIP 76133,,,,
具名恆星,HIP 76427,Root Added XXII,,,,,,,HIP 76427,,,,
具名恆星,HIP 75761,Root Added XXIII,,,,,,,HIP 75761,,,,
具名恆星,HIP 74975,Root Added XXIV,,,,,,,HIP 74975,,,,
具名恆星,HIP 75119,Root Added XXV,,,,,,,HIP 75119,,,,
具名恆星,HIP 74689,Root Added XXVI,,,,,,,HIP 74689,,,,
具名恆星,HIP 73620,Root Added XXVII,,,,,,,HIP 73620,,,,
具名恆星,HIP 73536,Root Added XXVIII,,,,,,,HIP 73536,,,,
具名恆星,HIP 73165,Root Added XXIX,,,,,,,HIP 73165,,,,
具名恆星,HIP 73249,Root Added XXX,,,,,,,HIP 73249,,,,
具名恆星,HIP 70027,Boats and Lake I,,,,,,,HIP 70027,,,,
具名恆星,HIP 69260,Boats and Lake II,,,,,,,HIP 69260,,,,
具名恆星,HIP 69536,Boats and Lake III,,,,,,,HIP 69536,,,,
具名恆星,HIP 69989,Boats and Lake IV,,,,,,,HIP 69989,,,,
具名恆星,HIP 69226,Mattress of the Emperor I,,,,,,,HIP 69226,,,,
具名恆星,HIP 68478,Mattress of the Emperor II,,,,,,,HIP 68478,,,,
具名恆星,HIP 68103,Mattress of the Emperor III,,,,,,,HIP 68103,,,,
具名恆星,HIP 67239,Mattress of the Emperor Added I,,,,,,,HIP 67239,,,,
具名恆星,HIP 72105,Celestial Lance I,,,,,,,Izar,,,,
具名恆星,HIP 71284,Celestial Lance II,,,,,,,HIP 71284,,,,
具名恆星,HIP 71053,Celestial Lance III,,,,,,,HIP 71053,,,,
具名恆星,HIP 73745,Celestial Lance Added I,,,,,,,Aulad Alnathlat,,,,
具名恆星,HIP 74087,Celestial Lance Added II,,,,,,,HIP 74087,,,,
具名恆星,HIP 73996,Celestial Lance Added III,,,,,,,HIP 73996,,,,
具名恆星,HIP 73568,Celestial Lance Added IV,,,,,,,HIP 73568,,,,
具名恆星,HIP 71995,Celestial Lance Added V,,,,,,,HIP 71995,,,,
具名恆星,HIP 71075,Twinkling Indicator,,,,招搖,,,Seginus,,,,
具名恆星,HIP 77516,Celestial Milk,,,,天乳,,,HIP 77516,,,,
具名恆星,HIP 77227,Celestial Milk Added I,,,,,,,HIP 77227,,,,
具名恆星,HIP 77464,Celestial Milk Added III / Celestial Milk Added IV,,,,,,,HIP 77464,,,,
具名恆星,HIP 76470,Celestial Spokes I,,,,,,,HIP 76470,,,,
具名恆星,HIP 76600,Celestial Spokes II,,,,,,,HIP 76600,,,,
具名恆星,HIP 76259,Celestial Spokes Added I,,,,,,,HIP 76259,,,,
具名恆星,HIP 72571,Battle Chariots I / Battle Chariots Added I,,,,,,,HIP 72571,,,,
具名恆星,HIP 73566,Battle Chariots II,,,,,,,HIP 73566,,,,
具名恆星,HIP 74857,Battle Chariots III,,,,,,,HIP 74857,,,,
具名恆星,HIP 73284,Battle Chariots Added II,,,,,,,HIP 73284,,,,
具名恆星,HIP 76297,Imperial Guards I,,,,,,,HIP 76297,,,,
具名恆星,HIP 75141,Imperial Guards II,,,,,,,HIP 75141,,,,
具名恆星,HIP 73334,Imperial Guards III,,,,,,,HIP 73334,,,,
具名恆星,HIP 73273,Imperial Guards IV,,,,,,,HIP 73273,,,,
具名恆星,HIP 74117,Imperial Guards V,,,,,,,HIP 74117,,,,
具名恆星,HIP 75264,Imperial Guards VI,,,,,,,HIP 75264,,,,
具名恆星,HIP 74911,Imperial Guards VII,,,,,,,HIP 74911,,,,
具名恆星,HIP 73807,Imperial Guards VIII,,,,,,,HIP 73807,,,,
具名恆星,HIP 72683,Imperial Guards IX,,,,,,,HIP 72683,,,,
具名恆星,HIP 71860,Imperial Guards X,,,,,,,HIP 71860,,,,
具名恆星,HIP 74395,Chariots and Cavalry I,,,,,,,HIP 74395,,,,
具名恆星,HIP 71536,Chariots and Cavalry II,,,,,,,HIP 71536,,,,
具名恆星,HIP 71121,Chariots and Cavalry III,,,,,,,HIP 71121,,,,
具名恆星,HIP 74376,Chariots and Cavalry General,,,,騎鎮將軍,,,HIP 74376,,,,
具名恆星,HIP 78265,Room I,,,,,,,Fang,,,,
具名恆星,HIP 78104,Room II,,,,,,,Iklil,,,,
具名恆星,HIP 78401,Room III,,,,,,,Dschubba,,,,
具名恆星,HIP 78820,Room IV,,,,,,,Acrab,,,,
具名恆星,HIP 77811,Room Added I / Room Added II,,,,,,,HIP 77811,,,,
具名恆星,HIP 76742,Room Added III,,,,,,,HIP 76742,,,,
具名恆星,HIP 77635,Room Added IV,,,,,,,HIP 77635,,,,
具名恆星,HIP 77840,Room Added V,,,,,,,HIP 77840,,,,
具名恆星,HIP 77984,Room Added VI,,,,,,,HIP 77984,,,,
具名恆星,HIP 78933,Lock I,,,,,,,Jabhat Acrabi I,,,,
具名恆星,HIP 78990,Lock II,,,,,,,Jabhat Acrabi II,,,,
具名恆星,HIP 79374,Door Bolt,,,,鍵閉,,,Jabbah,,,,
具名恆星,HIP 79672,Punishment I,,,,,,,HIP 79672,,,,
具名恆星,HIP 79005,Punishment II,,,,,,,HIP 79005,,,,
具名恆星,HIP 78400,Punishment III,,,,,,,HIP 78400,,,,
具名恆星,HIP 79387,Punishment Added I,,,,,,,HIP 79387,,,,
具名恆星,HIP 79375,Punishment Added II,,,,,,,HIP 79375,,,,
具名恆星,HIP 79540,Punishment Added III,,,,,,,HIP 79540,,,,
具名恆星,HIP 78727,Western Door I,,,,,,,Grafias,,,,
具名恆星,HIP 78207,Western Door II,,,,,,,HIP 78207,,,,
具名恆星,HIP 77853,Western Door III,,,,,,,HIP 77853,,,,
具名恆星,HIP 77060,Western Door IV,,,,,,,HIP 77060,,,,
具名恆星,HIP 78436,Western Door Added I,,,,,,,HIP 78436,,,,
具名恆星,HIP 80894,Eastern Door I,,,,,,,HIP 80894,,,,
具名恆星,HIP 80569,Eastern Door II,,,,,,,HIP 80569,,,,
具名恆星,HIP 80343,Eastern Door III,,,,,,,HIP 80343,,,,
具名恆星,HIP 80975,Eastern Door IV / Eastern Door Added II,,,,,,,HIP 80975,,,,
具名恆星,HIP 81724,Eastern Door Added I,,,,,,,HIP 81724,,,,
具名恆星,HIP 76880,Solar Star,,,,日,,,HIP 76880,,,,
具名恆星,HIP 76628,Solar Star Added I,,,,,,,HIP 76628,,,,
具名恆星,HIP 76945,Retinue (In Room Mansion) I,,,,,,,HIP 76945,,,,
具名恆星,HIP 77634,Retinue (In Room Mansion) II,,,,,,,HIP 77634,,,,
具名恆星,HIP 76705,Retinue (In Room Mansion) Added I,,,,,,,HIP 76705,,,,
具名恆星,HIP 80112,Heart I,,,,,,,Alniyat,,,,
具名恆星,HIP 80763,Heart II / Great Fire,,,,大火,,,Antares,,,,
具名恆星,HIP 81266,Heart III,,,,,,,Paikauhale,,,,
具名恆星,HIP 79399,Heart Added I,,,,,,,HIP 79399,,,,
具名恆星,HIP 79404,Heart Added II,,,,,,,HIP 79404,,,,
具名恆星,HIP 80079,Heart Added III,,,,,,,HIP 80079,,,,
具名恆星,HIP 80473,Heart Added IV / Heart Added IX,,,,,,,HIP 80473,,,,
具名恆星,HIP 80815,Heart Added V,,,,,,,HIP 80815,,,,
具名恆星,HIP 82007,Heart Added VI,,,,,,,HIP 82007,,,,
具名恆星,HIP 82245,Heart Added VII,,,,,,,HIP 82245,,,,
具名恆星,HIP 82140,Heart Added VIII,,,,,,,HIP 82140,,,,
具名恆星,HIP 78918,Group of Soldiers I,,,,,,,HIP 78918,,,,
具名恆星,HIP 78384,Group of Soldiers II / Group of Soldiers Added I,,,,,,,HIP 78384,,,,
具名恆星,HIP 78970,Group of Soldiers Added II,,,,,,,HIP 78970,,,,
具名恆星,HIP 82514,Tail I,,,,,,,Xamidimura,,,,
具名恆星,HIP 82396,Tail II,,,,,,,Larawag,,,,
具名恆星,HIP 82671,Tail III,,,,,,,HIP 82671,,,,
具名恆星,HIP 84143,Tail IV,,,,,,,HIP 84143,,,,
具名恆星,HIP 86228,Tail V,,,,,,,Sargas,,,,
具名恆星,HIP 87073,Tail VI,,,,,,,Girtab,,,,
具名恆星,HIP 86670,Tail VII,,,,,,,Mula,,,,
具名恆星,HIP 85927,Tail VIII,,,,,,,Shaula,,,,
具名恆星,HIP 85696,Tail IX,,,,,,,Lesath,,,,
具名恆星,HIP 82960,Tail Added I,,,,,,,HIP 82960,,,,
具名恆星,HIP 82545,Tail Added II,,,,,,,Pipirima,,,,
具名恆星,HIP 86170,Tail Added III,,,,,,,HIP 86170,,,,
具名恆星,HIP 87472,Tail Added IV,,,,,,,HIP 87472,,,,
具名恆星,HIP 84314,Celestial River I,,,,,,,HIP 84314,,,,
具名恆星,HIP 84405,Celestial River II,,,,,,,Guniibuu,,,,
具名恆星,HIP 84970,Celestial River III,,,,,,,Garafsa,,,,
具名恆星,HIP 85340,Celestial River IV,,,,,,,HIP 85340,,,,
具名恆星,HIP 85084,Celestial River Added I,,,,,,,HIP 85084,,,,
具名恆星,HIP 84605,Celestial River Added II,,,,,,,HIP 84605,,,,
具名恆星,HIP 84478,Celestial River Added III,,,,,,,HIP 84478,,,,
具名恆星,HIP 84947,Celestial River Added IV,,,,,,,HIP 84947,,,,
具名恆星,HIP 85242,Celestial River Added V,,,,,,,HIP 85242,,,,
具名恆星,HIP 84626,Celestial River Added VI,,,,,,,HIP 84626,,,,
具名恆星,HIP 84893,Celestial River Added VII,,,,,,,Aggia,,,,
具名恆星,HIP 83684,Celestial River Added VIII,,,,,,,HIP 83684,,,,
具名恆星,HIP 83196,Celestial River Added IX,,,,,,,HIP 83196,,,,
具名恆星,HIP 83508,Celestial River Added X,,,,,,,HIP 83508,,,,
具名恆星,HIP 83566,Celestial River Added XI,,,,,,,HIP 83566,,,,
具名恆星,HIP 87261,Fu Yue,,,,傅說,,,Fuyue,,,,
具名恆星,HIP 83153,Tortoise I,,,,,,,HIP 83153,,,,
具名恆星,HIP 85267,Tortoise II,,,,,,,HIP 85267,,,,
具名恆星,HIP 85727,Tortoise III,,,,,,,HIP 85727,,,,
具名恆星,HIP 82363,Tortoise IV,,,,,,,HIP 82363,,,,
具名恆星,HIP 83081,Tortoise V,,,,,,,HIP 83081,,,,
具名恆星,HIP 88635,Winnowing Basket I,,,,,,,Alnasl,,,,
具名恆星,HIP 89931,Winnowing Basket II,,,,,,,Kaus Media,,,,
具名恆星,HIP 90185,Winnowing Basket III,,,,,,,Kaus Australis,,,,
具名恆星,HIP 89642,Winnowing Basket IV,,,,,,,Hamalwarid,,,,
具名恆星,HIP 85423,Chaff,,,,糠,,,HIP 85423,,,,
具名恆星,HIP 85442,Chaff Added I,,,,,,,HIP 85442,,,,
具名恆星,HIP 86092,Pestle (In Winnowing Basket Mansion) I,,,,,,,HIP 86092,,,,
具名恆星,HIP 85792,Pestle (In Winnowing Basket Mansion) II,,,,,,,HIP 85792,,,,
具名恆星,HIP 85258,Pestle (In Winnowing Basket Mansion) III,,,,,,,HIP 85258,,,,
具名恆星,HIP 88714,Pestle (In Winnowing Basket Mansion) Added I,,,,,,,HIP 88714,,,,
具名恆星,HIP 92041,Dipper I,,,,,,,Namalsadirah I,,,,
具名恆星,HIP 90496,Dipper II,,,,,,,Kaus Borealis,,,,
具名恆星,HIP 89341,Dipper III,,,,,,,Polis,,,,
具名恆星,HIP 92855,Dipper IV,,,,,,,Nunki,,,,
具名恆星,HIP 93864,Dipper V,,,,,,,Namalsadirah II,,,,
具名恆星,HIP 93506,Dipper VI,,,,,,,Ascella,,,,
具名恆星,HIP 88258,Dipper Added I,,,,,,,HIP 88258,,,,
具名恆星,HIP 89439,Dipper Added II / Dipper Added V,,,,,,,HIP 89439,,,,
具名恆星,HIP 90289,Dipper Added III,,,,,,,HIP 90289,,,,
具名恆星,HIP 91689,Dipper Added IV,,,,,,,HIP 91689,,,,
具名恆星,HIP 87706,Celestial Keyhole I,,,,,,,HIP 87706,,,,
具名恆星,HIP 86736,Celestial Keyhole III,,,,,,,HIP 86736,,,,
具名恆星,HIP 86352,Celestial Keyhole IV,,,,,,,HIP 86352,,,,
具名恆星,HIP 86060,Celestial Keyhole V,,,,,,,HIP 86060,,,,
具名恆星,HIP 85755,Celestial Keyhole VI,,,,,,,HIP 85755,,,,
具名恆星,HIP 85783,Celestial Keyhole VII,,,,,,,HIP 85783,,,,
具名恆星,HIP 87072,Celestial Keyhole VIII,,,,,,,HIP 87072,,,,
具名恆星,HIP 85703,Celestial Keyhole Added I,,,,,,,HIP 85703,,,,
具名恆星,HIP 88116,Celestial Keyhole Added II,,,,,,,HIP 88116,,,,
具名恆星,HIP 88142,Celestial Keyhole Added III,,,,,,,HIP 88142,,,,
具名恆星,HIP 88380,Celestial Keyhole Added IV,,,,,,,HIP 88380,,,,
具名恆星,HIP 91117,Market Officer I,,,,,,,HIP 91117,,,,
具名恆星,HIP 91726,Market Officer II,,,,,,,HIP 91726,,,,
具名恆星,HIP 91845,Market Officer III,,,,,,,HIP 91845,,,,
具名恆星,HIP 92175,Market Officer IV,,,,,,,HIP 92175,,,,
具名恆星,HIP 93026,Market Officer V,,,,,,,HIP 93026,,,,
具名恆星,HIP 93429,Market Officer VI,,,,,,,HIP 93429,,,,
具名恆星,HIP 93805,Market Officer VII,,,,,,,Al Thalimain Prior,,,,
具名恆星,HIP 93717,Market Officer VIII,,,,,,,HIP 93717,,,,
具名恆星,HIP 93526,Market Officer IX,,,,,,,HIP 93526,,,,
具名恆星,HIP 92117,Market Officer Added I,,,,,,,HIP 92117,,,,
具名恆星,HIP 92501,Market Officer Added II,,,,,,,HIP 92501,,,,
具名恆星,HIP 92524,Market Officer Added III,,,,,,,HIP 92524,,,,
具名恆星,HIP 94385,Market Officer Added IV,,,,,,,HIP 94385,,,,
具名恆星,HIP 95066,Market Officer Added V,,,,,,,HIP 95066,,,,
具名恆星,HIP 92488,Market Officer Added VI,,,,,,,HIP 92488,,,,
具名恆星,HIP 93085,Establishment I,,,,,,,HIP 93085,,,,
具名恆星,HIP 93683,Establishment II,,,,,,,HIP 93683,,,,
具名恆星,HIP 94141,Establishment III,,,,,,,Albaldah,,,,
具名恆星,HIP 94820,Establishment IV,,,,,,,HIP 94820,,,,
具名恆星,HIP 95168,Establishment V,,,,,,,HIP 95168,,,,
具名恆星,HIP 95176,Establishment VI,,,,,,,HIP 95176,,,,
具名恆星,HIP 92390,Establishment Added I,,,,,,,HIP 92390,,,,
具名恆星,HIP 93057,Establishment Added II,,,,,,,HIP 93057,,,,
具名恆星,HIP 92747,Establishment Added III,,,,,,,HIP 92747,,,,
具名恆星,HIP 92602,Establishment Added IV,,,,,,,HIP 92602,,,,
具名恆星,HIP 92480,Establishment Added V,,,,,,,HIP 92480,,,,
具名恆星,HIP 92761,Establishment Added VI,,,,,,,Ainalrami,,,,
具名恆星,HIP 92845,Establishment Added VII,,,,,,,Ain al Rami II,,,,
具名恆星,HIP 95188,Establishment Added VIII,,,,,,,HIP 95188,,,,
具名恆星,HIP 94823,Establishment Added IX,,,,,,,HIP 94823,,,,
具名恆星,HIP 94859,Establishment Added X,,,,,,,HIP 94859,,,,
具名恆星,HIP 96950,Celestial Cock I,,,,,,,HIP 96950,,,,
具名恆星,HIP 97290,Celestial Cock II,,,,,,,HIP 97290,,,,
具名恆星,HIP 96808,Celestial Cock Added I,,,,,,,HIP 96808,,,,
具名恆星,HIP 97783,Celestial Cock Added II,,,,,,,HIP 97783,,,,
具名恆星,HIP 98258,Celestial Cock Added III,,,,,,,HIP 98258,,,,
具名恆星,HIP 96465,Dog I,,,,,,,HIP 96465,,,,
具名恆星,HIP 95477,Dog II,,,,,,,Namalsadirah III,,,,
具名恆星,HIP 96406,Dog Added I,,,,,,,HIP 96406,,,,
具名恆星,HIP 96729,Dog Added II,,,,,,,HIP 96729,,,,
具名恆星,HIP 95564,Dog Added III,,,,,,,HIP 95564,,,,
具名恆星,HIP 95503,Dog Added IV / Dog Added VII,,,,,,,Namalsadirah IV,,,,
具名恆星,HIP 95486,Dog Added V,,,,,,,HIP 95486,,,,
具名恆星,HIP 94643,Dog Added VI,,,,,,,Al Kiladah,,,,
具名恆星,HIP 98066,Territory of Dog I,,,,,,,Terebellum,,,,
具名恆星,HIP 98353,Territory of Dog II,,,,,,,Terebellum III,,,,
具名恆星,HIP 98688,Territory of Dog III,,,,,,,Terebellum IV,,,,
具名恆星,HIP 98162,Territory of Dog IV,,,,,,,Terebellum II,,,,
具名恆星,HIP 98842,Territory of Dog Added I,,,,,,,HIP 98842,,,,
具名恆星,HIP 98421,Territory of Dog Added II,,,,,,,HIP 98421,,,,
具名恆星,HIP 99461,Territory of Dog Added III,,,,,,,HIP 99461,,,,
具名恆星,HIP 95294,Celestial Spring I,,,,,,,Arkab Posterior,,,,
具名恆星,HIP 95241,Celestial Spring II,,,,,,,Arkab Prior,,,,
具名恆星,HIP 95347,Celestial Spring III,,,,,,,Rukbat,,,,
具名恆星,HIP 98032,Celestial Spring Added I,,,,,,,HIP 98032,,,,
具名恆星,HIP 98412,Celestial Spring Added II,,,,,,,HIP 98412,,,,
具名恆星,HIP 98761,Celestial Spring Added III,,,,,,,HIP 98761,,,,
具名恆星,HIP 91918,Peasant,,,,農丈人,,,HIP 91918,,,,
具名恆星,HIP 90422,River Turtle I,,,,,,,HIP 90422,,,,
具名恆星,HIP 92308,River Turtle II,,,,,,,HIP 92308,,,,
具名恆星,HIP 93542,River Turtle III,,,,,,,HIP 93542,,,,
具名恆星,HIP 94005,River Turtle IV,,,,,,,HIP 94005,,,,
具名恆星,HIP 94160,River Turtle V,,,,,,,HIP 94160,,,,
具名恆星,HIP 94114,River Turtle VI,,,,,,,Meridiana,,,,
具名恆星,HIP 93825,River Turtle VII,,,,,,,HIP 93825,,,,
具名恆星,HIP 93174,River Turtle VIII,,,,,,,HIP 93174,,,,
具名恆星,HIP 92989,River Turtle IX,,,,,,,HIP 92989,,,,
具名恆星,HIP 90968,River Turtle X,,,,,,,HIP 90968,,,,
具名恆星,HIP 90982,River Turtle XI,,,,,,,HIP 90982,,,,
具名恆星,HIP 100345,Ox I,,,,,,,Dabih,,,,
具名恆星,HIP 100064,Ox II,,,,,,,Algedi,,,,
具名恆星,HIP 99572,Ox III,,,,,,,HIP 99572,,,,
具名恆星,HIP 100881,Ox IV / Ox Added XIII,,,,,,,HIP 100881,,,,
具名恆星,HIP 101123,Ox V,,,,,,,HIP 101123,,,,
具名恆星,HIP 101027,Ox VI,,,,,,,HIP 101027,,,,
具名恆星,HIP 98633,Ox Added I,,,,,,,HIP 98633,,,,
具名恆星,HIP 98953,Ox Added II,,,,,,,HIP 98953,,,,
具名恆星,HIP 98910,Ox Added III,,,,,,,HIP 98910,,,,
具名恆星,HIP 99529,Ox Added IV,,,,,,,HIP 99529,,,,
具名恆星,HIP 99918,Ox Added V,,,,,,,HIP 99918,,,,
具名恆星,HIP 100027,Ox Added VI,,,,,,,Prima Giedi,,,,
具名恆星,HIP 100310,Ox Added VII / Ox Added XI,,,,,,,Alshat,,,,
具名恆星,HIP 100195,Ox Added VIII,,,,,,,HIP 100195,,,,
具名恆星,HIP 100062,Ox Added IX,,,,,,,HIP 100062,,,,
具名恆星,HIP 99825,Ox Added X,,,,,,,HIP 99825,,,,
具名恆星,HIP 100325,Ox Added XII,,,,,,,Dabih Minor,,,,
具名恆星,HIP 101040,Ox Added XIV,,,,,,,HIP 101040,,,,
具名恆星,HIP 99473,Celestial Drumstick I,,,,,,,Almizan III,,,,
具名恆星,HIP 98844,Celestial Drumstick II,,,,,,,HIP 98844,,,,
具名恆星,HIP 97980,Celestial Drumstick III,,,,,,,HIP 97980,,,,
具名恆星,HIP 97804,Celestial Drumstick IV,,,,,,,Almizan II,,,,
具名恆星,HIP 99171,Celestial Drumstick Added I,,,,,,,HIP 99171,,,,
具名恆星,HIP 99631,Celestial Drumstick Added II,,,,,,,HIP 99631,,,,
具名恆星,HIP 98036,Drum at the River I,,,,,,,Alshain,,,,
具名恆星,HIP 97649,Drum at the River II / Cowboy,,,,牛郎,,,Altair,,,,
具名恆星,HIP 97278,Drum at the River III,,,,,,,Tarazed,,,,
具名恆星,HIP 97139,Drum at the River Added I,,,,,,,HIP 97139,,,,
具名恆星,HIP 96931,Drum at the River Added II,,,,,,,HIP 96931,,,,
具名恆星,HIP 96957,Drum at the River Added III,,,,,,,HIP 96957,,,,
具名恆星,HIP 97473,Drum at the River Added IV,,,,,,,HIP 97473,,,,
具名恆星,HIP 97675,Drum at the River Added V,,,,,,,HIP 97675,,,,
具名恆星,HIP 98103,Drum at the River Added VI,,,,,,,HIP 98103,,,,
具名恆星,HIP 98823,Drum at the River Added VII,,,,,,,HIP 98823,,,,
具名恆星,HIP 97938,Drum at the River Added VIII,,,,,,,Libertas,,,,
具名恆星,HIP 97229,Drum at the River Added IX,,,,,,,HIP 97229,,,,
具名恆星,HIP 96229,Right Flag I,,,,,,,HIP 96229,,,,
具名恆星,HIP 96665,Right Flag II,,,,,,,HIP 96665,,,,
具名恆星,HIP 95501,Right Flag III,,,,,,,Almizan I,,,,
具名恆星,HIP 95585,Right Flag IV,,,,,,,HIP 95585,,,,
具名恆星,HIP 96468,Right Flag V / Right Flag Added VI,,,,,,,Al Thalimain Posterior,,,,
具名恆星,HIP 96392,Right Flag VI,,,,,,,HIP 96392,,,,
具名恆星,HIP 96556,Right Flag VII,,,,,,,HIP 96556,,,,
具名恆星,HIP 96483,Right Flag VIII,,,,,,,HIP 96483,,,,
具名恆星,HIP 97928,Right Flag IX,,,,,,,HIP 97928,,,,
具名恆星,HIP 94727,Right Flag Added I,,,,,,,HIP 94727,,,,
具名恆星,HIP 94477,Right Flag Added II,,,,,,,HIP 94477,,,,
具名恆星,HIP 95073,Right Flag Added III,,,,,,,HIP 95073,,,,
具名恆星,HIP 95793,Right Flag Added IV,,,,,,,HIP 95793,,,,
具名恆星,HIP 96807,Right Flag Added V,,,,,,,HIP 96807,,,,
具名恆星,HIP 95937,Right Flag Added VII / Right Flag Added VIII,,,,,,,HIP 95937,,,,
具名恆星,HIP 96327,Right Flag Added X,,,,,,,HIP 96327,,,,
具名恆星,HIP 97650,Right Flag Added XI,,,,,,,HIP 97650,,,,
具名恆星,HIP 97966,Right Flag Added XII,,,,,,,HIP 97966,,,,
具名恆星,HIP 96757,Left Flag I,,,,,,,Sham,,,,
具名恆星,HIP 96837,Left Flag II,,,,,,,HIP 96837,,,,
具名恆星,HIP 97365,Left Flag III,,,,,,,HIP 97365,,,,
具名恆星,HIP 97496,Left Flag IV,,,,,,,HIP 97496,,,,
具名恆星,HIP 98337,Left Flag V,,,,,,,HIP 98337,,,,
具名恆星,HIP 98438,Left Flag VI,,,,,,,HIP 98438,,,,
具名恆星,HIP 98234,Left Flag VII,,,,,,,HIP 98234,,,,
具名恆星,HIP 98754,Left Flag VIII,,,,,,,HIP 98754,,,,
具名恆星,HIP 99742,Left Flag IX,,,,,,,HIP 99742,,,,
具名恆星,HIP 96516,Left Flag Added I,,,,,,,HIP 96516,,,,
具名恆星,HIP 95435,Left Flag Added II,,,,,,,HIP 95435,,,,
具名恆星,HIP 95398,Left Flag Added III,,,,,,,HIP 95398,,,,
具名恆星,HIP 95498,Left Flag Added IV,,,,,,,HIP 95498,,,,
具名恆星,HIP 95560,Left Flag Added V,,,,,,,HIP 95560,,,,
具名恆星,HIP 95818,Left Flag Added VI,,,,,,,HIP 95818,,,,
具名恆星,HIP 96275,Left Flag Added VII,,,,,,,HIP 96275,,,,
具名恆星,HIP 97077,Left Flag Added VIII,,,,,,,HIP 97077,,,,
具名恆星,HIP 98543,Left Flag Added X,,,,,,,HIP 98543,,,,
具名恆星,HIP 99738,Left Flag Added XI,,,,,,,HIP 99738,,,,
具名恆星,HIP 99874,Left Flag Added XII,,,,,,,HIP 99874,,,,
具名恆星,HIP 99404,Left Flag Added XIII,,,,,,,HIP 99404,,,,
具名恆星,HIP 99518,Left Flag Added XIV,,,,,,,HIP 99518,,,,
具名恆星,HIP 99531,Left Flag Added XV,,,,,,,HIP 99531,,,,
具名恆星,HIP 98636,Left Flag Added XVI,,,,,,,HIP 98636,,,,
具名恆星,HIP 97886,Left Flag Added XVII,,,,,,,HIP 97886,,,,
具名恆星,HIP 97679,Left Flag Added XVIII,,,,,,,HIP 97679,,,,
具名恆星,HIP 98375,Left Flag Added XIX,,,,,,,HIP 98375,,,,
具名恆星,HIP 99080,Left Flag Added XX,,,,,,,HIP 99080,,,,
具名恆星,HIP 99951,Left Flag Added XXI,,,,,,,HIP 99951,,,,
具名恆星,HIP 100435,Left Flag Added XXII,,,,,,,HIP 100435,,,,
具名恆星,HIP 99853,Left Flag Added XXIII,,,,,,,HIP 99853,,,,
具名恆星,HIP 99913,Left Flag Added XXIV,,,,,,,HIP 99913,,,,
具名恆星,HIP 99352,Left Flag Added XXV,,,,,,,HIP 99352,,,,
具名恆星,HIP 98920,Left Flag Added XXVI,,,,,,,HIP 98920,,,,
具名恆星,HIP 98819,Left Flag Added XXVII,,,,,,,HIP 98819,,,,
具名恆星,HIP 98085,Left Flag Added XXVIII,,,,,,,HIP 98085,,,,
具名恆星,HIP 97796,Left Flag Added XXIX,,,,,,,HIP 97796,,,,
具名恆星,HIP 98609,Left Flag Added XXX,,,,,,,HIP 98609,,,,
具名恆星,HIP 91262,Weaving Girl I / Weaving Girl,,,,織女,,,Vega,,,,
具名恆星,HIP 91919,Weaving Girl II,,,,,,,Double Double I,,,,
具名恆星,HIP 91971,Weaving Girl III,,,,,,,Nasr Alwaki I,,,,
具名恆星,HIP 91973,Weaving Girl Added I,,,,,,,Nasr Alwaki II,,,,
具名恆星,HIP 91926,Weaving Girl Added II,,,,,,,Double Double II,,,,
具名恆星,HIP 90191,Weaving Girl Added III,,,,,,,Al Athfar,,,,
具名恆星,HIP 89826,Weaving Girl Added IV,,,,,,,HIP 89826,,,,
具名恆星,HIP 92791,Clepsydra Terrace I,,,,,,,HIP 92791,,,,
具名恆星,HIP 92420,Clepsydra Terrace II,,,,,,,Sheliak,,,,
具名恆星,HIP 93194,Clepsydra Terrace III,,,,,,,Sulafat,,,,
具名恆星,HIP 93903,Clepsydra Terrace IV,,,,,,,HIP 93903,,,,
具名恆星,HIP 92728,Clepsydra Terrace Added I,,,,,,,HIP 92728,,,,
具名恆星,HIP 93917,Clepsydra Terrace Added III,,,,,,,HIP 93917,,,,
具名恆星,HIP 93279,Clepsydra Terrace Added IV,,,,,,,HIP 93279,,,,
具名恆星,HIP 92405,Clepsydra Terrace Added V,,,,,,,HIP 92405,,,,
具名恆星,HIP 92398,Clepsydra Terrace Added VI,,,,,,,HIP 92398,,,,
具名恆星,HIP 94484,Clepsydra Terrace Added VII,,,,,,,HIP 94484,,,,
具名恆星,HIP 92862,Imperial Passageway I,,,,,,,HIP 92862,,,,
具名恆星,HIP 94481,Imperial Passageway II / Imperial Passageway Added II,,,,,,,Aladfar,,,,
具名恆星,HIP 94713,Imperial Passageway III,,,,,,,HIP 94713,,,,
具名恆星,HIP 95556,Imperial Passageway IV,,,,,,,HIP 95556,,,,
具名恆星,HIP 97295,Imperial Passageway V,,,,,,,HIP 97295,,,,
具名恆星,HIP 93408,Imperial Passageway Added I,,,,,,,HIP 93408,,,,
具名恆星,HIP 96387,Imperial Passageway Added III,,,,,,,HIP 96387,,,,
具名恆星,HIP 97118,Imperial Passageway Added IV,,,,,,,HIP 97118,,,,
具名恆星,HIP 98110,Imperial Passageway Added V,,,,,,,HIP 98110,,,,
具名恆星,HIP 96683,Imperial Passageway Added VI,,,,,,,HIP 96683,,,,
具名恆星,HIP 95947,Imperial Passageway Added VII,,,,,,,Albireo,,,,
具名恆星,HIP 95372,Imperial Passageway Added VIII,,,,,,,HIP 95372,,,,
具名恆星,HIP 96052,Imperial Passageway Added IX,,,,,,,HIP 96052,,,,
具名恆星,HIP 101923,Network of Dykes I,,,,,,,HIP 101923,,,,
具名恆星,HIP 101984,Network of Dykes II,,,,,,,HIP 101984,,,,
具名恆星,HIP 102487,Network of Dykes III,,,,,,,HIP 102487,,,,
具名恆星,HIP 101751,Network of Dykes Added I,,,,,,,HIP 101751,,,,
具名恆星,HIP 104750,Celestial Farmland (In Ox Mansion) I,,,,,,,HIP 104750,,,,
具名恆星,HIP 102978,Celestial Farmland (In Ox Mansion) II,,,,,,,HIP 102978,,,,
具名恆星,HIP 104234,Celestial Farmland (In Ox Mansion) III,,,,,,,HIP 104234,,,,
具名恆星,HIP 102485,Celestial Farmland (In Ox Mansion) IV,,,,,,,HIP 102485,,,,
具名恆星,HIP 102618,Girl I,,,,,,,Albali,,,,
具名恆星,HIP 103045,Girl II,,,,,,,Albulan I,,,,
具名恆星,HIP 102945,Girl III,,,,,,,HIP 102945,,,,
具名恆星,HIP 102624,Girl IV,,,,,,,HIP 102624,,,,
具名恆星,HIP 103005,Girl Added I,,,,,,,HIP 103005,,,,
具名恆星,HIP 103682,Girl Added II,,,,,,,HIP 103682,,,,
具名恆星,HIP 103681,Girl Added III,,,,,,,HIP 103681,,,,
具名恆星,HIP 103981,Girl Added IV,,,,,,,HIP 103981,,,,
具名恆星,HIP 103401,Girl Added V,,,,,,,HIP 103401,,,,
具名恆星,HIP 101692,Pearls on Ladies' Wear I,,,,,,,HIP 101692,,,,
具名恆星,HIP 101847,Pearls on Ladies' Wear II,,,,,,,HIP 101847,,,,
具名恆星,HIP 101936,Pearls on Ladies' Wear III,,,,,,,HIP 101936,,,,
具名恆星,HIP 101101,Pearls on Ladies' Wear IV,,,,,,,HIP 101101,,,,
具名恆星,HIP 100977,Pearls on Ladies' Wear Added I,,,,,,,HIP 100977,,,,
具名恆星,HIP 101421,Rotten Gourd I,,,,,,,Aldulfin,,,,
具名恆星,HIP 101483,Rotten Gourd II,,,,,,,HIP 101483,,,,
具名恆星,HIP 101882,Rotten Gourd III,,,,,,,HIP 101882,,,,
具名恆星,HIP 101800,Rotten Gourd IV,,,,,,,HIP 101800,,,,
具名恆星,HIP 101916,Rotten Gourd V,,,,,,,HIP 101916,,,,
具名恆星,HIP 101160,Rotten Gourd Added I,,,,,,,HIP 101160,,,,
具名恆星,HIP 102819,Rotten Gourd Added II,,,,,,,HIP 102819,,,,
具名恆星,HIP 102633,Rotten Gourd Added III,,,,,,,HIP 102633,,,,
具名恆星,HIP 101958,Good Gourd I,,,,,,,Sualocin,,,,
具名恆星,HIP 102532,Good Gourd II / Good Gourd Added VII,,,,,,,Al Salib,,,,
具名恆星,HIP 102281,Good Gourd III,,,,,,,Al Ukud,,,,
具名恆星,HIP 101769,Good Gourd IV,,,,,,,Rotanev,,,,
具名恆星,HIP 101589,Good Gourd V,,,,,,,HIP 101589,,,,
具名恆星,HIP 102080,Good Gourd Added I,,,,,,,HIP 102080,,,,
具名恆星,HIP 102805,Good Gourd Added II,,,,,,,HIP 102805,,,,
具名恆星,HIP 103298,Good Gourd Added III,,,,,,,HIP 103298,,,,
具名恆星,HIP 103294,Good Gourd Added IV / Good Gourd Added VIII,,,,,,,HIP 103294,,,,
具名恆星,HIP 101867,Good Gourd Added V,,,,,,,HIP 101867,,,,
具名恆星,HIP 101909,Good Gourd Added VI,,,,,,,HIP 101909,,,,
具名恆星,HIP 100453,Celestial Ford I,,,,,,,Sadr,,,,
具名恆星,HIP 97165,Celestial Ford II,,,,,,,Fawaris,,,,
具名恆星,HIP 99639,Celestial Ford III,,,,,,,HIP 99639,,,,
具名恆星,HIP 102098,Celestial Ford IV,,,,,,,Deneb,,,,
具名恆星,HIP 103413,Celestial Ford V,,,,,,,HIP 103413,,,,
具名恆星,HIP 104887,Celestial Ford VI,,,,,,,HIP 104887,,,,
具名恆星,HIP 105138,Celestial Ford VII,,,,,,,HIP 105138,,,,
具名恆星,HIP 104732,Celestial Ford VIII,,,,,,,Fawaris III,,,,
具名恆星,HIP 102488,Celestial Ford IX,,,,,,,Aljanah,,,,
具名恆星,HIP 96693,Celestial Ford Added I,,,,,,,HIP 96693,,,,
具名恆星,HIP 97630,Celestial Ford Added II,,,,,,,HIP 97630,,,,
具名恆星,HIP 98068,Celestial Ford Added III,,,,,,,HIP 98068,,,,
具名恆星,HIP 98425,Celestial Ford Added IV,,,,,,,HIP 98425,,,,
具名恆星,HIP 99031,Celestial Ford Added V,,,,,,,HIP 99031,,,,
具名恆星,HIP 99303,Celestial Ford Added VI,,,,,,,HIP 99303,,,,
具名恆星,HIP 99770,Celestial Ford Added VII,,,,,,,HIP 99770,,,,
具名恆星,HIP 100108,Celestial Ford Added VIII,,,,,,,HIP 100108,,,,
具名恆星,HIP 100044,Celestial Ford Added IX,,,,,,,Revenant of the Swan,,,,
具名恆星,HIP 100907,Celestial Ford Added X,,,,,,,HIP 100907,,,,
具名恆星,HIP 101214,Celestial Ford Added XI,,,,,,,HIP 101214,,,,
具名恆星,HIP 101067,Celestial Ford Added XII,,,,,,,HIP 101067,,,,
具名恆星,HIP 101474,Celestial Ford Added XIII,,,,,,,HIP 101474,,,,
具名恆星,HIP 100122,Celestial Ford Added XIV,,,,,,,HIP 100122,,,,
具名恆星,HIP 100587,Celestial Ford Added XV,,,,,,,HIP 100587,,,,
具名恆星,HIP 101076,Celestial Ford Added XVI,,,,,,,HIP 101076,,,,
具名恆星,HIP 101765,Celestial Ford Added XVII,,,,,,,HIP 101765,,,,
具名恆星,HIP 102066,Celestial Ford Added XVIII,,,,,,,HIP 102066,,,,
具名恆星,HIP 102453,Celestial Ford Added XIX,,,,,,,HIP 102453,,,,
具名恆星,HIP 101716,Celestial Ford Added XX,,,,,,,HIP 101716,,,,
具名恆星,HIP 101641,Celestial Ford Added XXI,,,,,,,HIP 101641,,,,
具名恆星,HIP 101868,Celestial Ford Added XXII,,,,,,,HIP 101868,,,,
具名恆星,HIP 102388,Celestial Ford Added XXIII,,,,,,,HIP 102388,,,,
具名恆星,HIP 103004,Celestial Ford Added XXIV,,,,,,,HIP 103004,,,,
具名恆星,HIP 103200,Celestial Ford Added XXV,,,,,,,HIP 103200,,,,
具名恆星,HIP 105811,Celestial Ford Added XXVI,,,,,,,HIP 105811,,,,
具名恆星,HIP 105942,Celestial Ford Added XXVII,,,,,,,HIP 105942,,,,
具名恆星,HIP 105102,Celestial Ford Added XXVIII,,,,,,,HIP 105102,,,,
具名恆星,HIP 104217,Celestial Ford Added XXIX,,,,,,,Bessel's Star,,,,
具名恆星,HIP 102589,Celestial Ford Added XXX,,,,,,,HIP 102589,,,,
具名恆星,HIP 102843,Celestial Ford Added XXXI,,,,,,,HIP 102843,,,,
具名恆星,HIP 103089,Celestial Ford Added XXXII,,,,,,,HIP 103089,,,,
具名恆星,HIP 102724,Celestial Ford Added XXXIII,,,,,,,HIP 102724,,,,
具名恆星,HIP 101243,Celestial Ford Added XXXIV,,,,,,,HIP 101243,,,,
具名恆星,HIP 101138,Celestial Ford Added XXXV,,,,,,,Ruchba,,,,
具名恆星,HIP 100859,Celestial Ford Added XXXVI,,,,,,,HIP 100859,,,,
具名恆星,HIP 99848,Celestial Ford Added XXXVII,,,,,,,HIP 99848,,,,
具名恆星,HIP 99675,Celestial Ford Added XXXVIII,,,,,,,HIP 99675,,,,
具名恆星,HIP 102571,Celestial Ford Added XXXIX / Celestial Ford Added XL,,,,,,,HIP 102571,,,,
具名恆星,HIP 94779,Xi Zhong I,,,,,,,Fawaris I,,,,
具名恆星,HIP 95853,Xi Zhong II,,,,,,,HIP 95853,,,,
具名恆星,HIP 96441,Xi Zhong III,,,,,,,HIP 96441,,,,
具名恆星,HIP 96895,Xi Zhong IV,,,,,,,HIP 96895,,,,
具名恆星,HIP 95656,Xi Zhong Added I,,,,,,,HIP 95656,,,,
具名恆星,HIP 97635,Xi Zhong Added II,,,,,,,HIP 97635,,,,
具名恆星,HIP 98571,Xi Zhong Added III,,,,,,,HIP 98571,,,,
具名恆星,HIP 99655,Xi Zhong Added IV,,,,,,,HIP 99655,,,,
具名恆星,HIP 98073,Xi Zhong Added V,,,,,,,HIP 98073,,,,
具名恆星,HIP 97870,Xi Zhong Added VI / Xi Zhong Added VII,,,,,,,HIP 97870,,,,
具名恆星,HIP 91755,Basket for Mulberry Leaves I,,,,,,,HIP 91755,,,,
具名恆星,HIP 90905,Basket for Mulberry Leaves II,,,,,,,HIP 90905,,,,
具名恆星,HIP 90156,Basket for Mulberry Leaves III,,,,,,,HIP 90156,,,,
具名恆星,HIP 92512,Basket for Mulberry Leaves IV,,,,,,,HIP 92512,,,,
具名恆星,HIP 92997,Basket for Mulberry Leaves V,,,,,,,HIP 92997,,,,
具名恆星,HIP 93340,Basket for Mulberry Leaves VI,,,,,,,HIP 93340,,,,
具名恆星,HIP 93713,Basket for Mulberry Leaves VII,,,,,,,HIP 93713,,,,
具名恆星,HIP 89348,Basket for Mulberry Leaves Added I,,,,,,,HIP 89348,,,,
具名恆星,HIP 90344,Basket for Mulberry Leaves Added II,,,,,,,Fafnir,,,,
具名恆星,HIP 94490,Basket for Mulberry Leaves Added III,,,,,,,HIP 94490,,,,
具名恆星,HIP 94302,Basket for Mulberry Leaves Added IV,,,,,,,HIP 94302,,,,
具名恆星,HIP 104019,Zhou State (In Twelve States) I,,,,,,,HIP 104019,,,,
具名恆星,HIP 103703,Zhou State (In Twelve States) II,,,,,,,HIP 103703,,,,
具名恆星,HIP 104139,Qin State (In Twelve States) I,,,,,,,HIP 104139,,,,
具名恆星,HIP 105143,Qin State (In Twelve States) II,,,,,,,HIP 105143,,,,
具名恆星,HIP 105515,Dai State (In Twelve States) I,,,,,,,HIP 105515,,,,
具名恆星,HIP 106568,Dai State (In Twelve States) II,,,,,,,HIP 106568,,,,
具名恆星,HIP 104429,Zhao State (In Twelve States) I,,,,,,,HIP 104429,,,,
具名恆星,HIP 104452,Zhao State (In Twelve States) II,,,,,,,HIP 104452,,,,
具名恆星,HIP 103226,Yue State (In Twelve States),,,,越(十二國),,,HIP 103226,,,,
具名恆星,HIP 104365,Qi State (In Twelve States),,,,齊(十二國),,,HIP 104365,,,,
具名恆星,HIP 104963,Chu State (In Twelve States),,,,楚(十二國),,,HIP 104963,,,,
具名恆星,HIP 103616,Zheng State (In Twelve States),,,,鄭(十二國),,,HIP 103616,,,,
具名恆星,HIP 105665,Wei State (In Twelve States),,,,魏(十二國),,,HIP 105665,,,,
具名恆星,HIP 105928,Han State (In Twelve States),,,,韓(十二國),,,HIP 105928,,,,
具名恆星,HIP 106039,Jin State (In Twelve States),,,,晉(十二國),,,HIP 106039,,,,
具名恆星,HIP 105881,Yan State (In Twelve States),,,,燕(十二國),,,HIP 105881,,,,
具名恆星,HIP 106559,Dai State (In Twelve States) Added I,,,,,,,HIP 106559,,,,
具名恆星,HIP 107128,Dai State (In Twelve States) Added II,,,,,,,HIP 107128,,,,
具名恆星,HIP 106278,Emptiness I,,,,,,,Sadalsuud,,,,
具名恆星,HIP 104987,Emptiness II,,,,,,,Kitalpha,,,,
具名恆星,HIP 103813,Emptiness Added I,,,,,,,HIP 103813,,,,
具名恆星,HIP 104101,Emptiness Added II,,,,,,,HIP 104101,,,,
具名恆星,HIP 104031,Emptiness Added III,,,,,,,HIP 104031,,,,
具名恆星,HIP 103569,Emptiness Added IV,,,,,,,HIP 103569,,,,
具名恆星,HIP 105164,Emptiness Added V,,,,,,,HIP 105164,,,,
具名恆星,HIP 105412,Emptiness Added VI,,,,,,,HIP 105412,,,,
具名恆星,HIP 105767,Emptiness Added VII,,,,,,,HIP 105767,,,,
具名恆星,HIP 105729,Emptiness Added VIII,,,,,,,HIP 105729,,,,
具名恆星,HIP 106758,Deified Judge of Life I,,,,,,,HIP 106758,,,,
具名恆星,HIP 107144,Deified Judge of Life II,,,,,,,HIP 107144,,,,
具名恆星,HIP 107575,Deified Judge of Rank I / Deified Judge of Rank Added I,,,,,,,HIP 107575,,,,
具名恆星,HIP 106944,Deified Judge of Rank II / Deified Judge of Rank Added II,,,,,,,HIP 106944,,,,
具名恆星,HIP 105570,Deified Judge of Disaster and Good Fortune I,,,,,,,HIP 105570,,,,
具名恆星,HIP 105413,Deified Judge of Disaster and Good Fortune II,,,,,,,HIP 105413,,,,
具名恆星,HIP 104521,Deified Judge of Right and Wrong  I,,,,,,,HIP 104521,,,,
具名恆星,HIP 104858,Deified Judge of Right and Wrong  II,,,,,,,HIP 104858,,,,
具名恆星,HIP 104538,Deified Judge of Right and Wrong  Added I / Deified Judge of Right and Wrong  Added III,,,,,,,HIP 104538,,,,
具名恆星,HIP 103527,Deified Judge of Right and Wrong  Added II,,,,,,,Musica,,,,
具名恆星,HIP 108036,Crying I,,,,,,,HIP 108036,,,,
具名恆星,HIP 109472,Crying II,,,,,,,HIP 109472,,,,
具名恆星,HIP 107095,Crying Added I,,,,,,,HIP 107095,,,,
具名恆星,HIP 107232,Crying Added II,,,,,,,HIP 107232,,,,
具名恆星,HIP 107302,Crying Added III,,,,,,,HIP 107302,,,,
具名恆星,HIP 109460,Crying Added IV,,,,,,,HIP 109460,,,,
具名恆星,HIP 110273,Weeping I,,,,,,,HIP 110273,,,,
具名恆星,HIP 110003,Weeping II,,,,,,,Ancha,,,,
具名恆星,HIP 108868,Weeping Added I,,,,,,,HIP 108868,,,,
具名恆星,HIP 109369,Weeping Added II,,,,,,,HIP 109369,,,,
具名恆星,HIP 105140,Jade Ornament on Ladies' Wear II,,,,,,,HIP 105140,,,,
具名恆星,HIP 106067,Jade Ornament on Ladies' Wear III,,,,,,,HIP 106067,,,,
具名恆星,HIP 103738,Jade Ornament on Ladies' Wear Added I,,,,,,,HIP 103738,,,,
具名恆星,HIP 104174,Jade Ornament on Ladies' Wear Added II,,,,,,,HIP 104174,,,,
具名恆星,HIP 106340,Jade Ornament on Ladies' Wear Added III,,,,,,,HIP 106340,,,,
具名恆星,HIP 106786,Celestial Ramparts I,,,,,,,Bunda,,,,
具名恆星,HIP 107382,Celestial Ramparts II,,,,,,,HIP 107382,,,,
具名恆星,HIP 107487,Celestial Ramparts III,,,,,,,HIP 107487,,,,
具名恆星,HIP 107517,Celestial Ramparts IV,,,,,,,HIP 107517,,,,
具名恆星,HIP 107527,Celestial Ramparts V,,,,,,,HIP 107527,,,,
具名恆星,HIP 105668,Celestial Ramparts VI,,,,,,,HIP 105668,,,,
具名恆星,HIP 104974,Celestial Ramparts VII,,,,,,,HIP 104974,,,,
具名恆星,HIP 103728,Celestial Ramparts VIII,,,,,,,HIP 103728,,,,
具名恆星,HIP 103640,Celestial Ramparts IX,,,,,,,HIP 103640,,,,
具名恆星,HIP 104459,Celestial Ramparts X / Celestial Ramparts Added II,,,,,,,Albulan II,,,,
具名恆星,HIP 105019,Celestial Ramparts XI,,,,,,,HIP 105019,,,,
具名恆星,HIP 105574,Celestial Ramparts XII,,,,,,,HIP 105574,,,,
具名恆星,HIP 105761,Celestial Ramparts XIII,,,,,,,HIP 105761,,,,
具名恆星,HIP 108085,Decayed Mortar I,,,,,,,Aldhanab,,,,
具名恆星,HIP 109111,Decayed Mortar II,,,,,,,HIP 109111,,,,
具名恆星,HIP 112948,Decayed Mortar III,,,,,,,HIP 112948,,,,
具名恆星,HIP 112102,Decayed Mortar IV,,,,,,,HIP 112102,,,,
具名恆星,HIP 111188,Decayed Mortar Added I,,,,,,,Fum al Hui,,,,
具名恆星,HIP 109074,Rooftop I,,,,,,,Sadalmelik,,,,
具名恆星,HIP 109427,Rooftop II,,,,,,,Biham,,,,
具名恆星,HIP 107315,Rooftop III,,,,,,,Enif,,,,
具名恆星,HIP 106783,Rooftop Added I,,,,,,,HIP 106783,,,,
具名恆星,HIP 106856,Rooftop Added II,,,,,,,HIP 106856,,,,
具名恆星,HIP 107151,Rooftop Added III,,,,,,,HIP 107151,,,,
具名恆星,HIP 108691,Rooftop Added IV,,,,,,,HIP 108691,,,,
具名恆星,HIP 110298,Rooftop Added V,,,,,,,HIP 110298,,,,
具名恆星,HIP 109068,Rooftop Added VI,,,,,,,Fum al Faras,,,,
具名恆星,HIP 108612,Rooftop Added VII,,,,,,,HIP 108612,,,,
具名恆星,HIP 108699,Rooftop Added VIII,,,,,,,HIP 108699,,,,
具名恆星,HIP 108875,Rooftop Added IX,,,,,,,HIP 108875,,,,
具名恆星,HIP 108693,Rooftop Added X,,,,,,,HIP 108693,,,,
具名恆星,HIP 108339,Rooftop Added XI / Rooftop Added XIII,,,,,,,HIP 108339,,,,
具名恆星,HIP 108127,Rooftop Added XII,,,,,,,HIP 108127,,,,
具名恆星,HIP 108766,Rooftop Added XIV,,,,,,,HIP 108766,,,,
具名恆星,HIP 110960,Tomb I,,,,,,,Sadaltager,,,,
具名恆星,HIP 110395,Tomb II,,,,,,,Sadachbia,,,,
具名恆星,HIP 111497,Tomb III,,,,,,,HIP 111497,,,,
具名恆星,HIP 110672,Tomb IV,,,,,,,Seat,,,,
具名恆星,HIP 110785,Tomb Added I,,,,,,,HIP 110785,,,,
具名恆星,HIP 110882,Tomb Added II,,,,,,,HIP 110882,,,,
具名恆星,HIP 111062,Tomb Added III,,,,,,,HIP 111062,,,,
具名恆星,HIP 111394,Tomb Added IV,,,,,,,HIP 111394,,,,
具名恆星,HIP 108874,Roofing I,,,,,,,Sadalmulk,,,,
具名恆星,HIP 108991,Roofing II,,,,,,,HIP 108991,,,,
具名恆星,HIP 110023,Temple I,,,,,,,HIP 110023,,,,
具名恆星,HIP 110578,Temple II,,,,,,,HIP 110578,,,,
具名恆星,HIP 111710,Temple III,,,,,,,Situla,,,,
具名恆星,HIP 113345,Temple IV,,,,,,,HIP 113345,,,,
具名恆星,HIP 108952,Celestial Money I,,,,,,,HIP 108952,,,,
具名恆星,HIP 107608,Celestial Money II,,,,,,,HIP 107608,,,,
具名恆星,HIP 107380,Celestial Money III,,,,,,,HIP 107380,,,,
具名恆星,HIP 109285,Celestial Money IV,,,,,,,HIP 109285,,,,
具名恆星,HIP 109422,Celestial Money V,,,,,,,HIP 109422,,,,
具名恆星,HIP 108661,Celestial Money Added I,,,,,,,HIP 108661,,,,
具名恆星,HIP 108571,Celestial Money Added II,,,,,,,HIP 108571,,,,
具名恆星,HIP 106654,Celestial Money Added III,,,,,,,HIP 106654,,,,
具名恆星,HIP 106703,Celestial Money Added IV,,,,,,,HIP 106703,,,,
具名恆星,HIP 106140,Humans I,,,,,,,HIP 106140,,,,
具名恆星,HIP 105502,Humans II,,,,,,,HIP 105502,,,,
具名恆星,HIP 107472,Humans III,,,,,,,HIP 107472,,,,
具名恆星,HIP 107348,Humans IV,,,,,,,HIP 107348,,,,
具名恆星,HIP 103511,Humans Added I,,,,,,,HIP 103511,,,,
具名恆星,HIP 106787,Humans Added III,,,,,,,HIP 106787,,,,
具名恆星,HIP 107788,Humans Added IV,,,,,,,HIP 107788,,,,
具名恆星,HIP 109937,Pestle (In Rooftop Mansion) I,,,,,,,HIP 109937,,,,
具名恆星,HIP 109410,Pestle (In Rooftop Mansion) II,,,,,,,HIP 109410,,,,
具名恆星,HIP 109056,Pestle (In Rooftop Mansion) III,,,,,,,HIP 109056,,,,
具名恆星,HIP 109352,Pestle (In Rooftop Mansion) Added I,,,,,,,HIP 109352,,,,
具名恆星,HIP 111068,Pestle (In Rooftop Mansion) Added II,,,,,,,HIP 111068,,,,
具名恆星,HIP 107310,Mortar I,,,,,,,HIP 107310,,,,
具名恆星,HIP 107354,Mortar II,,,,,,,HIP 107354,,,,
具名恆星,HIP 109176,Mortar III,,,,,,,HIP 109176,,,,
具名恆星,HIP 110371,Mortar IV,,,,,,,HIP 110371,,,,
具名恆星,HIP 107763,Mortar Added I,,,,,,,HIP 107763,,,,
具名恆星,HIP 107975,Mortar Added II,,,,,,,HIP 107975,,,,
具名恆星,HIP 108022,Mortar Added III,,,,,,,HIP 108022,,,,
具名恆星,HIP 109240,Mortar Added IV,,,,,,,HIP 109240,,,,
具名恆星,HIP 109458,Mortar Added V,,,,,,,HIP 109458,,,,
具名恆星,HIP 109276,Mortar Added VI,,,,,,,HIP 109276,,,,
具名恆星,HIP 112917,Big Yard for Chariots I,,,,,,,HIP 112917,,,,
具名恆星,HIP 111944,Big Yard for Chariots II,,,,,,,HIP 111944,,,,
具名恆星,HIP 110351,Big Yard for Chariots III,,,,,,,HIP 110351,,,,
具名恆星,HIP 106481,Big Yard for Chariots IV,,,,,,,HIP 106481,,,,
具名恆星,HIP 103632,Big Yard for Chariots V,,,,,,,HIP 103632,,,,
具名恆星,HIP 104060,Big Yard for Chariots VI,,,,,,,HIP 104060,,,,
具名恆星,HIP 106711,Big Yard for Chariots VII,,,,,,,HIP 106711,,,,
具名恆星,HIP 102177,Big Yard for Chariots Added I,,,,,,,HIP 102177,,,,
具名恆星,HIP 103732,Big Yard for Chariots Added II,,,,,,,HIP 103732,,,,
具名恆星,HIP 104194,Big Yard for Chariots Added III,,,,,,,HIP 104194,,,,
具名恆星,HIP 106093,Big Yard for Chariots Added IV,,,,,,,HIP 106093,,,,
具名恆星,HIP 106999,Big Yard for Chariots Added V,,,,,,,HIP 106999,,,,
具名恆星,HIP 107162,Big Yard for Chariots Added VI,,,,,,,HIP 107162,,,,
具名恆星,HIP 107097,Big Yard for Chariots Added VII,,,,,,,HIP 107097,,,,
具名恆星,HIP 106551,Big Yard for Chariots Added VIII,,,,,,,HIP 106551,,,,
具名恆星,HIP 111104,Big Yard for Chariots Added IX,,,,,,,HIP 111104,,,,
具名恆星,HIP 111546,Big Yard for Chariots Added X,,,,,,,HIP 111546,,,,
具名恆星,HIP 111841,Big Yard for Chariots Added XI,,,,,,,HIP 111841,,,,
具名恆星,HIP 112031,Big Yard for Chariots Added XII,,,,,,,HIP 112031,,,,
具名恆星,HIP 112242,Big Yard for Chariots Added XIII,,,,,,,HIP 112242,,,,
具名恆星,HIP 112778,Big Yard for Chariots Added XIV,,,,,,,HIP 112778,,,,
具名恆星,HIP 113281,Big Yard for Chariots Added XV,,,,,,,HIP 113281,,,,
具名恆星,HIP 113726,Big Yard for Chariots Added XVI / Big Yard for Chariots Added XX,,,,,,,HIP 113726,,,,
具名恆星,HIP 113788,Big Yard for Chariots Added XVII,,,,,,,HIP 113788,,,,
具名恆星,HIP 114430,Big Yard for Chariots Added XVIII,,,,,,,HIP 114430,,,,
具名恆星,HIP 111022,Big Yard for Chariots Added XIX,,,,,,,HIP 111022,,,,
具名恆星,HIP 110991,Zaofu I,,,,,,,HIP 110991,,,,
具名恆星,HIP 109492,Zaofu II,,,,,,,HIP 109492,,,,
具名恆星,HIP 109556,Zaofu III,,,,,,,HIP 109556,,,,
具名恆星,HIP 107259,Zaofu IV,,,,,,,The Garnet Star,,,,
具名恆星,HIP 107418,Zaofu V / Zaofu Added V,,,,,,,Castula,,,,
具名恆星,HIP 108772,Zaofu Added I,,,,,,,HIP 108772,,,,
具名恆星,HIP 109190,Zaofu Added II,,,,,,,HIP 109190,,,,
具名恆星,HIP 108925,Zaofu Added III,,,,,,,HIP 108925,,,,
具名恆星,HIP 107586,Zaofu Added IV,,,,,,,HIP 107586,,,,
具名恆星,HIP 102253,Celestial Hook I,,,,,,,HIP 102253,,,,
具名恆星,HIP 99731,Celestial Hook II,,,,,,,HIP 99731,,,,
具名恆星,HIP 101093,Celestial Hook III,,,,,,,Al Kidr,,,,
具名恆星,HIP 102422,Celestial Hook IV,,,,,,,Kabalfird,,,,
具名恆星,HIP 105199,Celestial Hook V,,,,,,,Alderamin,,,,
具名恆星,HIP 108917,Celestial Hook VI,,,,,,,Kurhah,,,,
具名恆星,HIP 110817,Celestial Hook VII,,,,,,,HIP 110817,,,,
具名恆星,HIP 112724,Celestial Hook VIII,,,,,,,HIP 112724,,,,
具名恆星,HIP 115088,Celestial Hook IX,,,,,,,HIP 115088,,,,
具名恆星,HIP 98962,Celestial Hook Added I,,,,,,,HIP 98962,,,,
具名恆星,HIP 99500,Celestial Hook Added II,,,,,,,HIP 99500,,,,
具名恆星,HIP 100221,Celestial Hook Added III / Celestial Hook Added IV,,,,,,,HIP 100221,,,,
具名恆星,HIP 105268,Celestial Hook Added V / Celestial Hook Added VI,,,,,,,HIP 105268,,,,
具名恆星,HIP 105972,Celestial Hook Added VII / Celestial Hook Added VIII,,,,,,,HIP 105972,,,,
具名恆星,HIP 106801,Celestial Hook Added IX / Celestial Hook Added X,,,,,,,HIP 106801,,,,
具名恆星,HIP 109017,Celestial Hook Added XI / Celestial Hook Added XII / Celestial Hook Added XVIII,,,,,,,HIP 109017,,,,
具名恆星,HIP 109005,Celestial Hook Added XIII / Celestial Hook Added XVII,,,,,,,HIP 109005,,,,
具名恆星,HIP 110103,Celestial Hook Added XIV,,,,,,,HIP 110103,,,,
具名恆星,HIP 111797,Celestial Hook Added XV / Celestial Hook Added XVI,,,,,,,HIP 111797,,,,
具名恆星,HIP 113963,Encampment I,,,,,,,Markab,,,,
具名恆星,HIP 113881,Encampment II,,,,,,,Scheat,,,,
具名恆星,HIP 113357,Encampment Added I,,,,,,,Helvetios,,,,
具名恆星,HIP 114155,Encampment Added II,,,,,,,HIP 114155,,,,
具名恆星,HIP 114526,Encampment Added III,,,,,,,HIP 114526,,,,
具名恆星,HIP 114844,Encampment Added IV,,,,,,,HIP 114844,,,,
具名恆星,HIP 115271,Encampment Added V,,,,,,,HIP 115271,,,,
具名恆星,HIP 115355,Encampment Added VI,,,,,,,HIP 115355,,,,
具名恆星,HIP 115591,Encampment Added VII,,,,,,,HIP 115591,,,,
具名恆星,HIP 112440,Resting Palace I,,,,,,,Sadalnazi,,,,
具名恆星,HIP 112748,Resting Palace II,,,,,,,Sadalbari,,,,
具名恆星,HIP 112051,Resting Palace III,,,,,,,Sadalmatar,,,,
具名恆星,HIP 112158,Resting Palace IV,,,,,,,Matar,,,,
具名恆星,HIP 115250,Resting Palace V,,,,,,,Salm,,,,
具名恆星,HIP 115623,Resting Palace VI,,,,,,,Alkarab,,,,
具名恆星,HIP 110548,Resting Palace Added I,,,,,,,HIP 110548,,,,
具名恆星,HIP 111278,Resting Palace Added II,,,,,,,HIP 111278,,,,
具名恆星,HIP 111810,Resting Palace Added III,,,,,,,HIP 111810,,,,
具名恆星,HIP 111884,Resting Palace Added IV,,,,,,,HIP 111884,,,,
具名恆星,HIP 112358,Resting Palace Added V,,,,,,,HIP 112358,,,,
具名恆星,HIP 115407,Resting Palace Added VI,,,,,,,HIP 115407,,,,
具名恆星,HIP 116264,Resting Palace Added VII,,,,,,,HIP 116264,,,,
具名恆星,HIP 115806,Resting Palace Added VIII,,,,,,,HIP 115806,,,,
具名恆星,HIP 111169,Flying Serpent I,,,,,,,HIP 111169,,,,
具名恆星,HIP 110609,Flying Serpent II,,,,,,,HIP 110609,,,,
具名恆星,HIP 107533,Flying Serpent III,,,,,,,HIP 107533,,,,
具名恆星,HIP 107136,Flying Serpent IV,,,,,,,Azelfafage,,,,
具名恆星,HIP 106886,Flying Serpent VII,,,,,,,HIP 106886,,,,
具名恆星,HIP 108165,Flying Serpent VIII,,,,,,,HIP 108165,,,,
具名恆星,HIP 109857,Flying Serpent IX,,,,,,,HIP 109857,,,,
具名恆星,HIP 110538,Flying Serpent X,,,,,,,HIP 110538,,,,
具名恆星,HIP 118243,Flying Serpent XI,,,,,,,HIP 118243,,,,
具名恆星,HIP 117863,Flying Serpent XII,,,,,,,HIP 117863,,,,
具名恆星,HIP 117301,Flying Serpent XIII,,,,,,,HIP 117301,,,,
具名恆星,HIP 115990,Flying Serpent XIV,,,,,,,HIP 115990,,,,
具名恆星,HIP 111674,Flying Serpent XV,,,,,,,HIP 111674,,,,
具名恆星,HIP 113919,Flying Serpent XVI,,,,,,,HIP 113919,,,,
具名恆星,HIP 114570,Flying Serpent XVII,,,,,,,HIP 114570,,,,
具名恆星,HIP 115022,Flying Serpent XVIII,,,,,,,HIP 115022,,,,
具名恆星,HIP 116584,Flying Serpent XIX,,,,,,,HIP 116584,,,,
具名恆星,HIP 117221,Flying Serpent XX,,,,,,,HIP 117221,,,,
具名恆星,HIP 116805,Flying Serpent XXI,,,,,,,HIP 116805,,,,
具名恆星,HIP 116631,Flying Serpent XXII,,,,,,,HIP 116631,,,,
具名恆星,HIP 102431,Flying Serpent Added I,,,,,,,HIP 102431,,,,
具名恆星,HIP 114210,Flying Serpent Added II,,,,,,,HIP 114210,,,,
具名恆星,HIP 115152,Flying Serpent Added III,,,,,,,HIP 115152,,,,
具名恆星,HIP 114200,Flying Serpent Added IV,,,,,,,HIP 114200,,,,
具名恆星,HIP 115755,Flying Serpent Added V,,,,,,,HIP 115755,,,,
具名恆星,HIP 115191,Flying Serpent Added VI,,,,,,,HIP 115191,,,,
具名恆星,HIP 115065,Flying Serpent Added VII,,,,,,,HIP 115065,,,,
具名恆星,HIP 115280,Flying Serpent Added VIII,,,,,,,HIP 115280,,,,
具名恆星,HIP 116076,Flying Serpent Added IX,,,,,,,Veritate,,,,
具名恆星,HIP 116354,Flying Serpent Added X,,,,,,,HIP 116354,,,,
具名恆星,HIP 841,Flying Serpent Added XI / Flying Serpent Added XIX,,,,,,,HIP 841,,,,
具名恆星,HIP 116709,Flying Serpent Added XII,,,,,,,HIP 116709,,,,
具名恆星,HIP 114104,Flying Serpent Added XIII,,,,,,,HIP 114104,,,,
具名恆星,HIP 115590,Flying Serpent Added XIV,,,,,,,HIP 115590,,,,
具名恆星,HIP 114365,Flying Serpent Added XV / Flying Serpent Added XVI,,,,,,,HIP 114365,,,,
具名恆星,HIP 115171,Flying Serpent Added XVII,,,,,,,HIP 115171,,,,
具名恆星,HIP 118077,Flying Serpent Added XVIII,,,,,,,HIP 118077,,,,
具名恆星,HIP 112029,Thunder and Lightning I,,,,,,,Homam,,,,
具名恆星,HIP 112447,Thunder and Lightning II,,,,,,,Suudalnujum,,,,
具名恆星,HIP 112935,Thunder and Lightning III,,,,,,,HIP 112935,,,,
具名恆星,HIP 114144,Thunder and Lightning IV,,,,,,,HIP 114144,,,,
具名恆星,HIP 115444,Thunder and Lightning V,,,,,,,HIP 115444,,,,
具名恆星,HIP 115919,Thunder and Lightning VI,,,,,,,HIP 115919,,,,
具名恆星,HIP 113503,Thunder and Lightning Added I,,,,,,,HIP 113503,,,,
具名恆星,HIP 113186,Thunder and Lightning Added II,,,,,,,HIP 113186,,,,
具名恆星,HIP 114347,Thunder and Lightning Added III,,,,,,,HIP 114347,,,,
具名恆星,HIP 114520,Thunder and Lightning Added IV,,,,,,,HIP 114520,,,,
具名恆星,HIP 114389,Thunder and Lightning Added V,,,,,,,HIP 114389,,,,
具名恆星,HIP 115481,Thunder and Lightning Added VI,,,,,,,HIP 115481,,,,
具名恆星,HIP 116611,Thunder and Lightning Added VII,,,,,,,HIP 116611,,,,
具名恆星,HIP 116972,Thunder and Lightning Added VIII,,,,,,,HIP 116972,,,,
具名恆星,HIP 110386,Official for Materials Supply I,,,,,,,HIP 110386,,,,
具名恆星,HIP 110986,Official for Materials Supply II,,,,,,,HIP 110986,,,,
具名恆星,HIP 107188,Line of Ramparts I,,,,,,,HIP 107188,,,,
具名恆星,HIP 106723,Line of Ramparts II,,,,,,,HIP 106723,,,,
具名恆星,HIP 106985,Line of Ramparts III,,,,,,,Nashira,,,,
具名恆星,HIP 107556,Line of Ramparts IV,,,,,,,Deneb Algedi,,,,
具名恆星,HIP 109139,Line of Ramparts V,,,,,,,HIP 109139,,,,
具名恆星,HIP 111123,Line of Ramparts VI,,,,,,,HIP 111123,,,,
具名恆星,HIP 112961,Line of Ramparts VII,,,,,,,Hydor,,,,
具名恆星,HIP 114724,Line of Ramparts VIII,,,,,,,HIP 114724,,,,
具名恆星,HIP 118209,Line of Ramparts IX,,,,,,,HIP 118209,,,,
具名恆星,HIP 145,Line of Ramparts X,,,,,,,HIP 145,,,,
具名恆星,HIP 443,Line of Ramparts XI,,,,,,,HIP 443,,,,
具名恆星,HIP 154,Line of Ramparts XII,,,,,,,HIP 154,,,,
具名恆星,HIP 110786,Line of Ramparts Added I,,,,,,,HIP 110786,,,,
具名恆星,HIP 112179,Line of Ramparts Added II,,,,,,,HIP 112179,,,,
具名恆星,HIP 113127,Line of Ramparts Added III,,,,,,,HIP 113127,,,,
具名恆星,HIP 117375,Line of Ramparts Added IV,,,,,,,HIP 117375,,,,
具名恆星,HIP 117761,Line of Ramparts Added V,,,,,,,HIP 117761,,,,
具名恆星,HIP 635,Line of Ramparts Added VI,,,,,,,HIP 635,,,,
具名恆星,HIP 664,Line of Ramparts Added VII,,,,,,,HIP 664,,,,
具名恆星,HIP 106768,Line of Ramparts Added VIII,,,,,,,HIP 106768,,,,
具名恆星,HIP 108797,Palace Guard I,,,,,,,HIP 108797,,,,
具名恆星,HIP 109332,Palace Guard II,,,,,,,HIP 109332,,,,
具名恆星,HIP 109786,Palace Guard III,,,,,,,HIP 109786,,,,
具名恆星,HIP 110391,Palace Guard IV,,,,,,,HIP 110391,,,,
具名恆星,HIP 110529,Palace Guard V,,,,,,,HIP 110529,,,,
具名恆星,HIP 109789,Palace Guard VI,,,,,,,HIP 109789,,,,
具名恆星,HIP 110641,Palace Guard VII,,,,,,,HIP 110641,,,,
具名恆星,HIP 111954,Palace Guard VIII,,,,,,,HIP 111954,,,,
具名恆星,HIP 112862,Palace Guard IX,,,,,,,HIP 112862,,,,
具名恆星,HIP 112362,Palace Guard X,,,,,,,HIP 112362,,,,
具名恆星,HIP 111449,Palace Guard XI,,,,,,,HIP 111449,,,,
具名恆星,HIP 112529,Palace Guard XII,,,,,,,HIP 112529,,,,
具名恆星,HIP 112211,Palace Guard XIII,,,,,,,HIP 112211,,,,
具名恆星,HIP 111539,Palace Guard XIV,,,,,,,HIP 111539,,,,
具名恆星,HIP 110778,Palace Guard XV,,,,,,,HIP 110778,,,,
具名恆星,HIP 111086,Palace Guard XVI,,,,,,,HIP 111086,,,,
具名恆星,HIP 110602,Palace Guard XVII,,,,,,,HIP 110602,,,,
具名恆星,HIP 110179,Palace Guard XVIII,,,,,,,HIP 110179,,,,
具名恆星,HIP 111200,Palace Guard XIX,,,,,,,HIP 111200,,,,
具名恆星,HIP 111843,Palace Guard XX,,,,,,,HIP 111843,,,,
具名恆星,HIP 112161,Palace Guard XXI,,,,,,,HIP 112161,,,,
具名恆星,HIP 112615,Palace Guard XXII,,,,,,,HIP 112615,,,,
具名恆星,HIP 113031,Palace Guard XXIII,,,,,,,HIP 113031,,,,
具名恆星,HIP 112716,Palace Guard XXIV,,,,,,,HIP 112716,,,,
具名恆星,HIP 112542,Palace Guard XXV,,,,,,,HIP 112542,,,,
具名恆星,HIP 113136,Palace Guard XXVI,,,,,,,Skat,,,,
具名恆星,HIP 113148,Palace Guard XXVII,,,,,,,HIP 113148,,,,
具名恆星,HIP 114341,Palace Guard XXVIII,,,,,,,HIP 114341,,,,
具名恆星,HIP 114375,Palace Guard XXIX,,,,,,,HIP 114375,,,,
具名恆星,HIP 114119,Palace Guard XXX,,,,,,,HIP 114119,,,,
具名恆星,HIP 116247,Palace Guard XXXI,,,,,,,HIP 116247,,,,
具名恆星,HIP 116118,Palace Guard XXXII,,,,,,,HIP 116118,,,,
具名恆星,HIP 115669,Palace Guard XXXIII,,,,,,,HIP 115669,,,,
具名恆星,HIP 115438,Palace Guard XXXIV,,,,,,,HIP 115438,,,,
具名恆星,HIP 115404,Palace Guard XXXV,,,,,,,HIP 115404,,,,
具名恆星,HIP 115125,Palace Guard XXXVI,,,,,,,HIP 115125,,,,
具名恆星,HIP 115115,Palace Guard XXXVII,,,,,,,HIP 115115,,,,
具名恆星,HIP 115033,Palace Guard XXXVIII,,,,,,,HIP 115033,,,,
具名恆星,HIP 114855,Palace Guard XXXIX,,,,,,,HIP 114855,,,,
具名恆星,HIP 114164,Palace Guard XL,,,,,,,HIP 114164,,,,
具名恆星,HIP 114054,Palace Guard XLI,,,,,,,HIP 114054,,,,
具名恆星,HIP 113996,Palace Guard XLII,,,,,,,HIP 113996,,,,
具名恆星,HIP 114939,Palace Guard XLIII,,,,,,,HIP 114939,,,,
具名恆星,HIP 116758,Palace Guard XLIV,,,,,,,HIP 116758,,,,
具名恆星,HIP 116971,Palace Guard XLV,,,,,,,HIP 116971,,,,
具名恆星,HIP 113246,Materials for Making Tents,,,,天綱,,,HIP 113246,,,,
具名恆星,HIP 113368,North Gate of the Military Camp,,,,北落師門,,,Fomalhaut,,,,
具名恆星,HIP 116889,Axe I,,,,,,,HIP 116889,,,,
具名恆星,HIP 117089,Axe II,,,,,,,HIP 117089,,,,
具名恆星,HIP 117629,Axe III,,,,,,,HIP 117629,,,,
具名恆星,HIP 116901,Axe Added I / Axe Added III,,,,,,,HIP 116901,,,,
具名恆星,HIP 117218,Axe Added II,,,,,,,HIP 117218,,,,
具名恆星,HIP 910,Net for Catching Birds I,,,,,,,HIP 910,,,,
具名恆星,HIP 301,Net for Catching Birds II,,,,,,,HIP 301,,,,
具名恆星,HIP 118178,Net for Catching Birds III,,,,,,,HIP 118178,,,,
具名恆星,HIP 355,Net for Catching Birds IV,,,,,,,HIP 355,,,,
具名恆星,HIP 1803,Net for Catching Birds V,,,,,,,HIP 1803,,,,
具名恆星,HIP 1170,Net for Catching Birds VI,,,,,,,HIP 1170,,,,
具名恆星,HIP 1067,Wall I,,,,,,,Algenib,,,,
具名恆星,HIP 677,Wall II,,,,,,,Alpheratz,,,,
具名恆星,HIP 116355,Wall Added I,,,,,,,HIP 116355,,,,
具名恆星,HIP 116310,Wall Added II,,,,,,,HIP 116310,,,,
具名恆星,HIP 117073,Wall Added III,,,,,,,HIP 117073,,,,
具名恆星,HIP 117500,Wall Added IV,,,,,,,HIP 117500,,,,
具名恆星,HIP 171,Wall Added V,,,,,,,HIP 171,,,,
具名恆星,HIP 118131,Wall Added VI,,,,,,,HIP 118131,,,,
具名恆星,HIP 117735,Wall Added VII,,,,,,,HIP 117735,,,,
具名恆星,HIP 117710,Wall Added VIII,,,,,,,HIP 117710,,,,
具名恆星,HIP 117718,Wall Added IX,,,,,,,HIP 117718,,,,
具名恆星,HIP 476,Wall Added X,,,,,,,HIP 476,,,,
具名恆星,HIP 1340,Wall Added XI,,,,,,,HIP 1340,,,,
具名恆星,HIP 1772,Wall Added XII,,,,,,,HIP 1772,,,,
具名恆星,HIP 1948,Wall Added XIII,,,,,,,HIP 1948,,,,
具名恆星,HIP 2415,Wall Added XIV,,,,,,,HIP 2415,,,,
具名恆星,HIP 2224,Wall Added XV,,,,,,,HIP 2224,,,,
具名恆星,HIP 1595,Wall Added XVI,,,,,,,HIP 1595,,,,
具名恆星,HIP 1427,Wall Added XVII,,,,,,,HIP 1427,,,,
具名恆星,HIP 729,Wall Added XVIII,,,,,,,HIP 729,,,,
具名恆星,HIP 1168,Wall Added XIX,,,,,,,HIP 1168,,,,
具名恆星,HIP 2219,Wall Added XX,,,,,,,HIP 2219,,,,
具名恆星,HIP 2213,Wall Added XXI,,,,,,,HIP 2213,,,,
具名恆星,HIP 2568,Wall Added XXII / Wall Added XXIII,,,,,,,HIP 2568,,,,
具名恆星,HIP 1366,Celestial Stable I,,,,,,,HIP 1366,,,,
具名恆星,HIP 1686,Celestial Stable II,,,,,,,HIP 1686,,,,
具名恆星,HIP 1473,Celestial Stable III,,,,,,,HIP 1473,,,,
具名恆星,HIP 1086,Celestial Stable Added I,,,,,,,HIP 1086,,,,
具名恆星,HIP 194,Official for Earthworks and Buildings I,,,,,,,HIP 194,,,,
具名恆星,HIP 2025,Official for Earthworks and Buildings II,,,,,,,HIP 2025,,,,
具名恆星,HIP 186,Official for Earthworks and Buildings Added I,,,,,,,HIP 186,,,,
具名恆星,HIP 813,Official for Earthworks and Buildings Added II,,,,,,,HIP 813,,,,
具名恆星,HIP 1196,Official for Earthworks and Buildings Added III,,,,,,,HIP 1196,,,,
具名恆星,HIP 1319,Official for Earthworks and Buildings Added IV,,,,,,,HIP 1319,,,,
具名恆星,HIP 1645,Official for Earthworks and Buildings Added V,,,,,,,HIP 1645,,,,
具名恆星,HIP 2548,Official for Earthworks and Buildings Added VI,,,,,,,HIP 2548,,,,
具名恆星,HIP 2006,Official for Earthworks and Buildings Added VII,,,,,,,HIP 2006,,,,
具名恆星,HIP 2100,Official for Earthworks and Buildings Added VIII,,,,,,,HIP 2100,,,,
具名恆星,HIP 2343,Official for Earthworks and Buildings Added IX,,,,,,,HIP 2343,,,,
具名恆星,HIP 2787,Official for Earthworks and Buildings Added X,,,,,,,HIP 2787,,,,
具名恆星,HIP 2994,Official for Earthworks and Buildings Added XI,,,,,,,HIP 2994,,,,
具名恆星,HIP 113889,Thunderbolt I,,,,,,,Fumalsamakah,,,,
具名恆星,HIP 114971,Thunderbolt II,,,,,,,HIP 114971,,,,
具名恆星,HIP 115830,Thunderbolt III,,,,,,,HIP 115830,,,,
具名恆星,HIP 116771,Thunderbolt IV,,,,,,,HIP 116771,,,,
具名恆星,HIP 118268,Thunderbolt V,,,,,,,HIP 118268,,,,
具名恆星,HIP 113610,Thunderbolt Added I,,,,,,,HIP 113610,,,,
具名恆星,HIP 113521,Thunderbolt Added II,,,,,,,HIP 113521,,,,
具名恆星,HIP 114273,Thunderbolt Added III,,,,,,,HIP 114273,,,,
具名恆星,HIP 115227,Thunderbolt Added IV,,,,,,,HIP 115227,,,,
具名恆星,HIP 117020,Thunderbolt Added V,,,,,,,HIP 117020,,,,
具名恆星,HIP 117730,Thunderbolt Added VI,,,,,,,HIP 117730,,,,
具名恆星,HIP 117628,Thunderbolt Added VII,,,,,,,HIP 117628,,,,
具名恆星,HIP 117927,Thunderbolt Added VIII,,,,,,,HIP 117927,,,,
具名恆星,HIP 115738,Cloud and Rain I,,,,,,,HIP 115738,,,,
具名恆星,HIP 115951,Cloud and Rain II,,,,,,,HIP 115951,,,,
具名恆星,HIP 117491,Cloud and Rain III / Cloud and Rain Added X,,,,,,,HIP 117491,,,,
具名恆星,HIP 116928,Cloud and Rain IV,,,,,,,HIP 116928,,,,
具名恆星,HIP 115945,Cloud and Rain Added I,,,,,,,HIP 115945,,,,
具名恆星,HIP 116323,Cloud and Rain Added II,,,,,,,HIP 116323,,,,
具名恆星,HIP 116146,Cloud and Rain Added III,,,,,,,HIP 116146,,,,
具名恆星,HIP 115768,Cloud and Rain Added IV,,,,,,,HIP 115768,,,,
具名恆星,HIP 116422,Cloud and Rain Added V,,,,,,,HIP 116422,,,,
具名恆星,HIP 116495,Cloud and Rain Added VI,,,,,,,HIP 116495,,,,
具名恆星,HIP 117245,Cloud and Rain Added VII,,,,,,,HIP 117245,,,,
具名恆星,HIP 117683,Cloud and Rain Added VIII,,,,,,,HIP 117683,,,,
具名恆星,HIP 117774,Cloud and Rain Added IX,,,,,,,HIP 117774,,,,
具名恆星,HIP 6960,Sickle I,,,,,,,HIP 6960,,,,
具名恆星,HIP 9347,Sickle IV,,,,,,,Al Naymat III,,,,
具名恆星,HIP 9061,Sickle V,,,,,,,HIP 9061,,,,
具名恆星,HIP 4463,Legs I,,,,,,,HIP 4463,,,,
具名恆星,HIP 3693,Legs II,,,,,,,HIP 3693,,,,
具名恆星,HIP 3885,Legs III,,,,,,,HIP 3885,,,,
具名恆星,HIP 3031,Legs IV,,,,,,,HIP 3031,,,,
具名恆星,HIP 3092,Legs V,,,,,,,HIP 3092,,,,
具名恆星,HIP 2912,Legs VI,,,,,,,HIP 2912,,,,
具名恆星,HIP 3881,Legs VII,,,,,,,HIP 3881,,,,
具名恆星,HIP 4436,Legs VIII,,,,,,,HIP 4436,,,,
具名恆星,HIP 5447,Legs IX,,,,,,,Mirach,,,,
具名恆星,HIP 5175,Legs X,,,,,,,HIP 5175,,,,
具名恆星,HIP 5586,Legs XI,,,,,,,HIP 5586,,,,
具名恆星,HIP 6315,Legs XII,,,,,,,HIP 6315,,,,
具名恆星,HIP 6193,Legs XIII / Legs Added XXIII,,,,,,,HIP 6193,,,,
具名恆星,HIP 5742,Legs XIV,,,,,,,HIP 5742,,,,
具名恆星,HIP 5571,Legs XV,,,,,,,HIP 5571,,,,
具名恆星,HIP 5131,Legs XVI,,,,,,,HIP 5131,,,,
具名恆星,HIP 2355,Legs Added I,,,,,,,HIP 2355,,,,
具名恆星,HIP 3138,Legs Added II,,,,,,,HIP 3138,,,,
具名恆星,HIP 3093,Legs Added III,,,,,,,HIP 3093,,,,
具名恆星,HIP 3685,Legs Added IV,,,,,,,HIP 3685,,,,
具名恆星,HIP 3810,Legs Added V,,,,,,,HIP 3810,,,,
具名恆星,HIP 4267,Legs Added VI,,,,,,,HIP 4267,,,,
具名恆星,HIP 5454,Legs Added VII,,,,,,,HIP 5454,,,,
具名恆星,HIP 5310,Legs Added VIII,,,,,,,HIP 5310,,,,
具名恆星,HIP 4288,Legs Added IX,,,,,,,HIP 4288,,,,
具名恆星,HIP 4366,Legs Added X,,,,,,,HIP 4366,,,,
具名恆星,HIP 4510,Legs Added XI,,,,,,,HIP 4510,,,,
具名恆星,HIP 7948,Legs Added XII,,,,,,,HIP 7948,,,,
具名恆星,HIP 5544,Legs Added XIII,,,,,,,HIP 5544,,,,
具名恆星,HIP 5319,Legs Added XIV,,,,,,,HIP 5319,,,,
具名恆星,HIP 4889,Legs Added XV,,,,,,,HIP 4889,,,,
具名恆星,HIP 5550,Legs Added XVI,,,,,,,HIP 5550,,,,
具名恆星,HIP 6514,Legs Added XVII,,,,,,,HIP 6514,,,,
具名恆星,HIP 5493,Legs Added XVIII,,,,,,,HIP 5493,,,,
具名恆星,HIP 5317,Legs Added XIX,,,,,,,HIP 5317,,,,
具名恆星,HIP 4903,Legs Added XX,,,,,,,HIP 4903,,,,
具名恆星,HIP 3231,Legs Added XXII,,,,,,,HIP 3231,,,,
具名恆星,HIP 746,Wang Liang I,,,,,,,Caph,,,,
具名恆星,HIP 2599,Wang Liang II,,,,,,,HIP 2599,,,,
具名恆星,HIP 3821,Wang Liang III,,,,,,,Achird,,,,
具名恆星,HIP 3179,Wang Liang IV,,,,,,,Shedar,,,,
具名恆星,HIP 2505,Wang Liang V,,,,,,,HIP 2505,,,,
具名恆星,HIP 117447,Wang Liang Added I,,,,,,,HIP 117447,,,,
具名恆星,HIP 531,Wang Liang Added II,,,,,,,HIP 531,,,,
具名恆星,HIP 330,Wang Liang Added III,,,,,,,HIP 330,,,,
具名恆星,HIP 1960,Wang Liang Added IV,,,,,,,HIP 1960,,,,
具名恆星,HIP 4422,Wang Liang Added V,,,,,,,Castula,,,,
具名恆星,HIP 116687,Wang Liang Added VI,,,,,,,HIP 116687,,,,
具名恆星,HIP 116962,Wang Liang Added VII,,,,,,,HIP 116962,,,,
具名恆星,HIP 117472,Wang Liang Added VIII,,,,,,,HIP 117472,,,,
具名恆星,HIP 43,Wang Liang Added IX,,,,,,,HIP 43,,,,
具名恆星,HIP 124,Wang Liang Added X,,,,,,,HIP 124,,,,
具名恆星,HIP 1354,Wang Liang Added XI,,,,,,,HIP 1354,,,,
具名恆星,HIP 1982,Wang Liang Added XII,,,,,,,HIP 1982,,,,
具名恆星,HIP 2854,Wang Liang Added XIII,,,,,,,HIP 2854,,,,
具名恆星,HIP 4151,Wang Liang Added XIV,,,,,,,HIP 4151,,,,
具名恆星,HIP 4427,Whip,,,,策,,,Navi,,,,
具名恆星,HIP 2920,Auxiliary Road,,,,附路,,,Fulu,,,,
具名恆星,HIP 5434,Southern Military Gate,,,,軍南門,,,HIP 5434,,,,
具名恆星,HIP 11569,Flying Corridor I,,,,,,,HIP 11569,,,,
具名恆星,HIP 8886,Flying Corridor II,,,,,,,Segin,,,,
具名恆星,HIP 6686,Flying Corridor III,,,,,,,Ruchbah,,,,
具名恆星,HIP 5542,Flying Corridor IV,,,,,,,Marfak,,,,
具名恆星,HIP 3801,Flying Corridor V,,,,,,,HIP 3801,,,,
具名恆星,HIP 3504,Flying Corridor VI,,,,,,,HIP 3504,,,,
具名恆星,HIP 3414,Flying Corridor Added I,,,,,,,HIP 3414,,,,
具名恆星,HIP 3300,Flying Corridor Added II,,,,,,,HIP 3300,,,,
具名恆星,HIP 6242,Flying Corridor Added III,,,,,,,HIP 6242,,,,
具名恆星,HIP 7294,Flying Corridor Added IV,,,,,,,HIP 7294,,,,
具名恆星,HIP 8046,Flying Corridor Added V,,,,,,,HIP 8046,,,,
具名恆星,HIP 3786,Outer Fence I,,,,,,,Kuton I,,,,
具名恆星,HIP 4906,Outer Fence II,,,,,,,HIP 4906,,,,
具名恆星,HIP 5737,Outer Fence III,,,,,,,Revati,,,,
具名恆星,HIP 7007,Outer Fence IV,,,,,,,HIP 7007,,,,
具名恆星,HIP 7884,Outer Fence V,,,,,,,HIP 7884,,,,
具名恆星,HIP 8833,Outer Fence VI,,,,,,,HIP 8833,,,,
具名恆星,HIP 9487,Outer Fence VII,,,,,,,Alrescha,,,,
具名恆星,HIP 5081,Outer Fence Added I,,,,,,,HIP 5081,,,,
具名恆星,HIP 5204,Outer Fence Added II,,,,,,,HIP 5204,,,,
具名恆星,HIP 5824,Outer Fence Added III,,,,,,,HIP 5824,,,,
具名恆星,HIP 5346,Outer Fence Added IV,,,,,,,HIP 5346,,,,
具名恆星,HIP 5141,Outer Fence Added V,,,,,,,HIP 5141,,,,
具名恆星,HIP 5074,Outer Fence Added VI,,,,,,,HIP 5074,,,,
具名恆星,HIP 4832,Outer Fence Added VII,,,,,,,HIP 4832,,,,
具名恆星,HIP 3760,Outer Fence Added VIII,,,,,,,HIP 3760,,,,
具名恆星,HIP 3697,Outer Fence Added IX,,,,,,,HIP 3697,,,,
具名恆星,HIP 4979,Outer Fence Added X,,,,,,,HIP 4979,,,,
具名恆星,HIP 5315,Outer Fence Added XI,,,,,,,HIP 5315,,,,
具名恆星,HIP 5510,Outer Fence Added XII,,,,,,,HIP 5510,,,,
具名恆星,HIP 5646,Outer Fence Added XIII,,,,,,,HIP 5646,,,,
具名恆星,HIP 6061,Outer Fence Added XIV,,,,,,,HIP 6061,,,,
具名恆星,HIP 9353,Outer Fence Added XV,,,,,,,HIP 9353,,,,
具名恆星,HIP 4257,Celestial Pigsty I,,,,,,,HIP 4257,,,,
具名恆星,HIP 4371,Celestial Pigsty II,,,,,,,Alnitham III,,,,
具名恆星,HIP 3559,Celestial Pigsty III,,,,,,,HIP 3559,,,,
具名恆星,HIP 3455,Celestial Pigsty IV,,,,,,,Alnitham I,,,,
具名恆星,HIP 2353,Celestial Pigsty Added I,,,,,,,HIP 2353,,,,
具名恆星,HIP 2762,Celestial Pigsty Added II,,,,,,,HIP 2762,,,,
具名恆星,HIP 4147,Celestial Pigsty Added III,,,,,,,HIP 4147,,,,
具名恆星,HIP 4914,Celestial Pigsty Added IV,,,,,,,HIP 4914,,,,
具名恆星,HIP 4587,Celestial Pigsty Added V,,,,,,,Alnitham IV,,,,
具名恆星,HIP 3909,Celestial Pigsty Added VI,,,,,,,Alnitham II,,,,
具名恆星,HIP 3419,Master of Constructions,,,,土司空,,,Diphda,,,,
具名恆星,HIP 8903,Bond I,,,,,,,Sheratan,,,,
具名恆星,HIP 8832,Bond II,,,,,,,Mesarthim,,,,
具名恆星,HIP 9884,Bond III,,,,,,,Hamal,,,,
具名恆星,HIP 9110,Bond Added I,,,,,,,HIP 9110,,,,
具名恆星,HIP 8271,Bond Added II,,,,,,,HIP 8271,,,,
具名恆星,HIP 7981,Bond Added III,,,,,,,HIP 7981,,,,
具名恆星,HIP 9153,Bond Added V,,,,,,,HIP 9153,,,,
具名恆星,HIP 8796,Bond Added VI,,,,,,,Mothallah,,,,
具名恆星,HIP 9621,Bond Added VII,,,,,,,HIP 9621,,,,
具名恆星,HIP 9859,Bond Added VIII,,,,,,,HIP 9859,,,,
具名恆星,HIP 10053,Bond Added IX,,,,,,,HIP 10053,,,,
具名恆星,HIP 10540,Bond Added X,,,,,,,HIP 10540,,,,
具名恆星,HIP 9836,Bond Added XI,,,,,,,HIP 9836,,,,
具名恆星,HIP 10306,Bond Added XII,,,,,,,HIP 10306,,,,
具名恆星,HIP 10732,Bond Added XIII,,,,,,,HIP 10732,,,,
具名恆星,HIP 10155,Bond Added XIV,,,,,,,HIP 10155,,,,
具名恆星,HIP 10328,Bond Added XV,,,,,,,HIP 10328,,,,
具名恆星,HIP 9640,Great General of Heaven I,,,,,,,Almach,,,,
具名恆星,HIP 8068,Great General of Heaven II,,,,,,,HIP 8068,,,,
具名恆星,HIP 7607,Great General of Heaven III,,,,,,,Nembus,,,,
具名恆星,HIP 6999,Great General of Heaven IV,,,,,,,Thail,,,,
具名恆星,HIP 7719,Great General of Heaven V,,,,,,,HIP 7719,,,,
具名恆星,HIP 7513,Great General of Heaven VI,,,,,,,Titawin,,,,
具名恆星,HIP 7818,Great General of Heaven VII / Great General of Heaven Added IV,,,,,,,HIP 7818,,,,
具名恆星,HIP 9021,Great General of Heaven VIII,,,,,,,HIP 9021,,,,
具名恆星,HIP 10064,Great General of Heaven IX,,,,,,,Mizan,,,,
具名恆星,HIP 10670,Great General of Heaven X,,,,,,,HIP 10670,,,,
具名恆星,HIP 10644,Great General of Heaven XI,,,,,,,HIP 10644,,,,
具名恆星,HIP 6411,Great General of Heaven Added I / Great General of Heaven Added II,,,,,,,Adhil,,,,
具名恆星,HIP 6813,Great General of Heaven Added III,,,,,,,HIP 6813,,,,
具名恆星,HIP 9570,Great General of Heaven Added V,,,,,,,HIP 9570,,,,
具名恆星,HIP 10280,Great General of Heaven Added VI,,,,,,,HIP 10280,,,,
具名恆星,HIP 10559,Great General of Heaven Added VII,,,,,,,HIP 10559,,,,
具名恆星,HIP 11784,Great General of Heaven Added VIII / Great General of Heaven Added XVII,,,,,,,HIP 11784,,,,
具名恆星,HIP 9977,Great General of Heaven Added IX,,,,,,,HIP 9977,,,,
具名恆星,HIP 10176,Great General of Heaven Added X,,,,,,,HIP 10176,,,,
具名恆星,HIP 8814,Great General of Heaven Added XI,,,,,,,HIP 8814,,,,
具名恆星,HIP 10340,Great General of Heaven Added XII,,,,,,,HIP 10340,,,,
具名恆星,HIP 10819,Great General of Heaven Added XIII,,,,,,,HIP 10819,,,,
具名恆星,HIP 10830,Great General of Heaven Added XIV,,,,,,,HIP 10830,,,,
具名恆星,HIP 9222,Great General of Heaven Added XV,,,,,,,HIP 9222,,,,
具名恆星,HIP 8714,Great General of Heaven Added XVI,,,,,,,HIP 8714,,,,
具名恆星,HIP 6706,Official in Charge of Pasturing I,,,,,,,HIP 6706,,,,
具名恆星,HIP 7097,Official in Charge of Pasturing II,,,,,,,Alpherg,,,,
具名恆星,HIP 7535,Official in Charge of Pasturing III,,,,,,,HIP 7535,,,,
具名恆星,HIP 8198,Official in Charge of Pasturing IV,,,,,,,Torcular,,,,
具名恆星,HIP 7710,Official in Charge of Pasturing V,,,,,,,HIP 7710,,,,
具名恆星,HIP 6732,Official in Charge of Pasturing Added I,,,,,,,HIP 6732,,,,
具名恆星,HIP 7436,Official in Charge of Pasturing Added II,,,,,,,HIP 7436,,,,
具名恆星,HIP 8588,Official in Charge of Pasturing Added III,,,,,,,HIP 8588,,,,
具名恆星,HIP 7364,Official in Charge of Pasturing Added IV,,,,,,,HIP 7364,,,,
具名恆星,HIP 6451,Official in Charge of Pasturing Added V,,,,,,,HIP 6451,,,,
具名恆星,HIP 12332,Official in Charge of the Forest I,,,,,,,HIP 12332,,,,
具名恆星,HIP 12640,Official in Charge of the Forest II,,,,,,,Koleon,,,,
具名恆星,HIP 12803,Official in Charge of the Forest III,,,,,,,HIP 12803,,,,
具名恆星,HIP 13327,Official in Charge of the Forest IV,,,,,,,HIP 13327,,,,
具名恆星,HIP 13165,Official in Charge of the Forest V,,,,,,,HIP 13165,,,,
具名恆星,HIP 11678,Official in Charge of the Forest Added I,,,,,,,HIP 11678,,,,
具名恆星,HIP 13108,Official in Charge of the Forest Added II,,,,,,,HIP 13108,,,,
具名恆星,HIP 13579,Official in Charge of the Forest Added III,,,,,,,HIP 13579,,,,
具名恆星,HIP 13702,Official in Charge of the Forest Added IV,,,,,,,HIP 13702,,,,
具名恆星,HIP 13654,Official in Charge of the Forest Added V,,,,,,,HIP 13654,,,,
具名恆星,HIP 13834,Official in Charge of the Forest Added VI,,,,,,,HIP 13834,,,,
具名恆星,HIP 13914,Official in Charge of the Forest Added VII,,,,,,,Al Butain III,,,,
具名恆星,HIP 13448,Official in Charge of the Forest Added VIII,,,,,,,HIP 13448,,,,
具名恆星,HIP 1562,Square Celestial Granary I,,,,,,,Deneb Kaitos Shemali,,,,
具名恆星,HIP 5364,Square Celestial Granary II,,,,,,,Dheneb,,,,
具名恆星,HIP 6537,Square Celestial Granary III,,,,,,,Al Naymat I,,,,
具名恆星,HIP 8645,Square Celestial Granary IV,,,,,,,Baten Kaitos,,,,
具名恆星,HIP 8102,Square Celestial Granary V,,,,,,,Al Naymat II,,,,
具名恆星,HIP 9326,Square Celestial Granary VI,,,,,,,HIP 9326,,,,
具名恆星,HIP 6429,Square Celestial Granary Added I,,,,,,,HIP 6429,,,,
具名恆星,HIP 6226,Square Celestial Granary Added II,,,,,,,HIP 6226,,,,
具名恆星,HIP 5833,Square Celestial Granary Added III,,,,,,,HIP 5833,,,,
具名恆星,HIP 5594,Square Celestial Granary Added IV,,,,,,,HIP 5594,,,,
具名恆星,HIP 5985,Square Celestial Granary Added V,,,,,,,HIP 5985,,,,
具名恆星,HIP 5951,Square Celestial Granary Added VI,,,,,,,HIP 5951,,,,
具名恆星,HIP 6539,Square Celestial Granary Added VII,,,,,,,HIP 6539,,,,
具名恆星,HIP 6048,Square Celestial Granary Added VIII,,,,,,,HIP 6048,,,,
具名恆星,HIP 5799,Square Celestial Granary Added IX,,,,,,,HIP 5799,,,,
具名恆星,HIP 5666,Square Celestial Granary Added X,,,,,,,HIP 5666,,,,
具名恆星,HIP 5485,Square Celestial Granary Added XI,,,,,,,HIP 5485,,,,
具名恆星,HIP 5296,Square Celestial Granary Added XII,,,,,,,HIP 5296,,,,
具名恆星,HIP 5164,Square Celestial Granary Added XIII,,,,,,,HIP 5164,,,,
具名恆星,HIP 5121,Square Celestial Granary Added XIV,,,,,,,HIP 5121,,,,
具名恆星,HIP 6670,Square Celestial Granary Added XV,,,,,,,HIP 6670,,,,
具名恆星,HIP 6748,Square Celestial Granary Added XVI,,,,,,,HIP 6748,,,,
具名恆星,HIP 7450,Square Celestial Granary Added XVII,,,,,,,HIP 7450,,,,
具名恆星,HIP 7345,Square Celestial Granary Added XVIII,,,,,,,HIP 7345,,,,
具名恆星,HIP 1499,Square Celestial Granary Added XIX,,,,,,,HIP 1499,,,,
具名恆星,HIP 7999,Square Celestial Granary Added XX,,,,,,,HIP 7999,,,,
具名恆星,HIP 8497,Square Celestial Granary Added XXI,,,,,,,HIP 8497,,,,
具名恆星,HIP 12719,Stomach I,,,,,,,Barani II,,,,
具名恆星,HIP 13061,Stomach II,,,,,,,Lilii Borea,,,,
具名恆星,HIP 13209,Stomach III,,,,,,,Bharani,,,,
具名恆星,HIP 10793,Stomach Added I,,,,,,,HIP 10793,,,,
具名恆星,HIP 11486,Stomach Added II,,,,,,,HIP 11486,,,,
具名恆星,HIP 13775,Stomach Added III,,,,,,,HIP 13775,,,,
具名恆星,HIP 14376,Stomach Added IV,,,,,,,HIP 14376,,,,
具名恆星,HIP 12489,Stomach Added V,,,,,,,Barani I,,,,
具名恆星,HIP 11060,Mausoleum I,,,,,,,HIP 11060,,,,
具名恆星,HIP 13531,Mausoleum II / Mausoleum Added XI,,,,,,,HIP 13531,,,,
具名恆星,HIP 14632,Mausoleum III,,,,,,,HIP 14632,,,,
具名恆星,HIP 14668,Mausoleum IV,,,,,,,Misam,,,,
具名恆星,HIP 14576,Mausoleum V,,,,,,,Algol,,,,
具名恆星,HIP 14354,Mausoleum VI,,,,,,,Gorgonea Tertia,,,,
具名恆星,HIP 13254,Mausoleum VII,,,,,,,HIP 13254,,,,
具名恆星,HIP 12623,Mausoleum VIII,,,,,,,HIP 12623,,,,
具名恆星,HIP 10729,Mausoleum Added I,,,,,,,Misam al Thurayya I,,,,
具名恆星,HIP 10718,Mausoleum Added II,,,,,,,HIP 10718,,,,
具名恆星,HIP 10227,Mausoleum Added III,,,,,,,HIP 10227,,,,
具名恆星,HIP 8704,Mausoleum Added IV,,,,,,,HIP 8704,,,,
具名恆星,HIP 9505,Mausoleum Added V,,,,,,,HIP 9505,,,,
具名恆星,HIP 10366,Mausoleum Added VI,,,,,,,HIP 10366,,,,
具名恆星,HIP 10944,Mausoleum Added VII,,,,,,,HIP 10944,,,,
具名恆星,HIP 11220,Mausoleum Added VIII,,,,,,,HIP 11220,,,,
具名恆星,HIP 11313,Mausoleum Added IX,,,,,,,HIP 11313,,,,
具名恆星,HIP 11465,Mausoleum Added X,,,,,,,HIP 11465,,,,
具名恆星,HIP 12777,Mausoleum Added XIII,,,,,,,HIP 12777,,,,
具名恆星,HIP 12768,Mausoleum Added XIV,,,,,,,HIP 12768,,,,
具名恆星,HIP 13490,Mausoleum Added XV,,,,,,,HIP 13490,,,,
具名恆星,HIP 13328,Mausoleum Added XVI,,,,,,,HIP 13328,,,,
具名恆星,HIP 14066,Mausoleum Added XVII,,,,,,,HIP 14066,,,,
具名恆星,HIP 14817,Mausoleum Added XVIII / Mausoleum Added XXI,,,,,,,Gorgonea Quarta,,,,
具名恆星,HIP 15648,Mausoleum Added XIX,,,,,,,HIP 15648,,,,
具名恆星,HIP 15338,Mausoleum Added XX,,,,,,,HIP 15338,,,,
具名恆星,HIP 13879,Heap of Corpses,,,,積尸,,,Gorgonea Secunda,,,,
具名恆星,HIP 13268,Celestial Boat I,,,,,,,Miram,,,,
具名恆星,HIP 14328,Celestial Boat II,,,,,,,HIP 14328,,,,
具名恆星,HIP 15863,Celestial Boat III,,,,,,,Mirfak,,,,
具名恆星,HIP 16826,Celestial Boat IV,,,,,,,HIP 16826,,,,
具名恆星,HIP 17358,Celestial Boat V,,,,,,,HIP 17358,,,,
具名恆星,HIP 19343,Celestial Boat VI,,,,,,,HIP 19343,,,,
具名恆星,HIP 19812,Celestial Boat VII,,,,,,,HIP 19812,,,,
具名恆星,HIP 20156,Celestial Boat VIII,,,,,,,HIP 20156,,,,
具名恆星,HIP 19949,Celestial Boat IX,,,,,,,HIP 19949,,,,
具名恆星,HIP 15404,Celestial Boat Added I,,,,,,,HIP 15404,,,,
具名恆星,HIP 15444,Celestial Boat Added II,,,,,,,HIP 15444,,,,
具名恆星,HIP 16244,Celestial Boat Added III,,,,,,,HIP 16244,,,,
具名恆星,HIP 16335,Celestial Boat Added IV,,,,,,,HIP 16335,,,,
具名恆星,HIP 16499,Celestial Boat Added V,,,,,,,HIP 16499,,,,
具名恆星,HIP 20354,Celestial Boat Added VI,,,,,,,HIP 20354,,,,
具名恆星,HIP 21727,Celestial Boat Added VII,,,,,,,HIP 21727,,,,
具名恆星,HIP 21730,Celestial Boat Added VIII,,,,,,,HIP 21730,,,,
具名恆星,HIP 21148,Celestial Boat Added IX,,,,,,,HIP 21148,,,,
具名恆星,HIP 20070,Celestial Boat Added X,,,,,,,HIP 20070,,,,
具名恆星,HIP 19167,Stored Water,,,,積水,,,HIP 19167,,,,
具名恆星,HIP 18453,Stored Water Added I,,,,,,,HIP 18453,,,,
具名恆星,HIP 16369,Celestial Foodstuff I,,,,,,,HIP 16369,,,,
具名恆星,HIP 16322,Celestial Foodstuff II / Celestial Foodstuff Added III,,,,,,,HIP 16322,,,,
具名恆星,HIP 16083,Celestial Foodstuff III,,,,,,,HIP 16083,,,,
具名恆星,HIP 15900,Celestial Foodstuff IV,,,,,,,HIP 15900,,,,
具名恆星,HIP 16511,Celestial Foodstuff Added I,,,,,,,HIP 16511,,,,
具名恆星,HIP 17563,Celestial Foodstuff Added II,,,,,,,HIP 17563,,,,
具名恆星,HIP 14135,Circular Celestial Granary I,,,,,,,Menkar,,,,
具名恆星,HIP 15619,Circular Celestial Granary II,,,,,,,HIP 15619,,,,
具名恆星,HIP 13954,Circular Celestial Granary III,,,,,,,Menkar,,,,
具名恆星,HIP 12828,Circular Celestial Granary IV,,,,,,,HIP 12828,,,,
具名恆星,HIP 10324,Circular Celestial Granary V,,,,,,,Al Kaff al Jidhmah I,,,,
具名恆星,HIP 11484,Circular Celestial Granary VI,,,,,,,Al Kaff al Jidhmah II,,,,
具名恆星,HIP 12093,Circular Celestial Granary VII,,,,,,,HIP 12093,,,,
具名恆星,HIP 12706,Circular Celestial Granary VIII,,,,,,,Kaffaljidhma,,,,
具名恆星,HIP 12387,Circular Celestial Granary IX,,,,,,,Al Kaff al Jidhmah III,,,,
具名恆星,HIP 11791,Circular Celestial Granary X,,,,,,,HIP 11791,,,,
具名恆星,HIP 11046,Circular Celestial Granary XI,,,,,,,HIP 11046,,,,
具名恆星,HIP 10234,Circular Celestial Granary XII,,,,,,,HIP 10234,,,,
具名恆星,HIP 10305,Circular Celestial Granary XIII,,,,,,,HIP 10305,,,,
具名恆星,HIP 10033,Circular Celestial Granary Added I,,,,,,,HIP 10033,,,,
具名恆星,HIP 9165,Circular Celestial Granary Added II,,,,,,,HIP 9165,,,,
具名恆星,HIP 9631,Circular Celestial Granary Added III,,,,,,,HIP 9631,,,,
具名恆星,HIP 9589,Circular Celestial Granary Added IV,,,,,,,HIP 9589,,,,
具名恆星,HIP 11021,Circular Celestial Granary Added V,,,,,,,HIP 11021,,,,
具名恆星,HIP 10212,Circular Celestial Granary Added VI,,,,,,,HIP 10212,,,,
具名恆星,HIP 11249,Circular Celestial Granary Added VII,,,,,,,HIP 11249,,,,
具名恆星,HIP 12153,Circular Celestial Granary Added VIII,,,,,,,HIP 12153,,,,
具名恆星,HIP 12647,Circular Celestial Granary Added IX,,,,,,,HIP 12647,,,,
具名恆星,HIP 14143,Circular Celestial Granary Added X,,,,,,,HIP 14143,,,,
具名恆星,HIP 15457,Circular Celestial Granary Added XI,,,,,,,HIP 15457,,,,
具名恆星,HIP 17103,Circular Celestial Granary Added XII,,,,,,,HIP 17103,,,,
具名恆星,HIP 17506,Circular Celestial Granary Added XIII,,,,,,,HIP 17506,,,,
具名恆星,HIP 17457,Circular Celestial Granary Added XIV,,,,,,,HIP 17457,,,,
具名恆星,HIP 16852,Circular Celestial Granary Added XV,,,,,,,HIP 16852,,,,
具名恆星,HIP 15383,Circular Celestial Granary Added XVI,,,,,,,HIP 15383,,,,
具名恆星,HIP 14954,Circular Celestial Granary Added XVII,,,,,,,HIP 14954,,,,
具名恆星,HIP 14040,Circular Celestial Granary Added XVIII,,,,,,,HIP 14040,,,,
具名恆星,HIP 13951,Circular Celestial Granary Added XIX,,,,,,,HIP 13951,,,,
具名恆星,HIP 12530,Circular Celestial Granary Added XX,,,,,,,HIP 12530,,,,
具名恆星,HIP 16846,Circular Celestial Granary Added XXI,,,,,,,HIP 16846,,,,
具名恆星,HIP 17499,Hairy Head I,,,,,,,Electra,,,,
具名恆星,HIP 17531,Hairy Head II,,,,,,,Taygeta,,,,
具名恆星,HIP 17579,Hairy Head III,,,,,,,Asterope,,,,
具名恆星,HIP 17573,Hairy Head IV,,,,,,,Maia,,,,
具名恆星,HIP 17608,Hairy Head V,,,,,,,Merope,,,,
具名恆星,HIP 17702,Hairy Head VI,,,,,,,Alcyone,,,,
具名恆星,HIP 17847,Hairy Head VII,,,,,,,Atlas,,,,
具名恆星,HIP 17181,Hairy Head Added I,,,,,,,HIP 17181,,,,
具名恆星,HIP 16664,Hairy Head Added II,,,,,,,HIP 16664,,,,
具名恆星,HIP 16859,Hairy Head Added III,,,,,,,HIP 16859,,,,
具名恆星,HIP 18471,Hairy Head Added V,,,,,,,HIP 18471,,,,
具名恆星,HIP 17527,Hairy Head Added VIII,,,,,,,HIP 17527,,,,
具名恆星,HIP 17489,Hairy Head Added IX,,,,,,,Celaeno,,,,
具名恆星,HIP 17704,Hairy Head Added X,,,,,,,HIP 17704,,,,
具名恆星,HIP 17832,Hairy Head Added XI,,,,,,,HIP 17832,,,,
具名恆星,HIP 17851,Hairy Head Added XII,,,,,,,Pleione,,,,
具名恆星,HIP 17900,Hairy Head Added XIII,,,,,,,HIP 17900,,,,
具名恆星,HIP 15696,Celestial Concave,,,,天阿,,,HIP 15696,,,,
具名恆星,HIP 19038,Lunar Star,,,,月,,,HIP 19038,,,,
具名恆星,HIP 19076,Lunar Star Added I,,,,,,,HIP 19076,,,,
具名恆星,HIP 17529,Rolled Tongue I,,,,,,,HIP 17529,,,,
具名恆星,HIP 18532,Rolled Tongue II,,,,,,,HIP 18532,,,,
具名恆星,HIP 18614,Rolled Tongue III,,,,,,,Menkib,,,,
具名恆星,HIP 18246,Rolled Tongue IV,,,,,,,Atik,,,,
具名恆星,HIP 17448,Rolled Tongue V / Rolled Tongue Added VII,,,,,,,Atik,,,,
具名恆星,HIP 17313,Rolled Tongue VI,,,,,,,HIP 17313,,,,
具名恆星,HIP 16713,Rolled Tongue Added I,,,,,,,HIP 16713,,,,
具名恆星,HIP 20579,Rolled Tongue Added II,,,,,,,HIP 20579,,,,
具名恆星,HIP 20252,Rolled Tongue Added III,,,,,,,HIP 20252,,,,
具名恆星,HIP 19302,Rolled Tongue Added IV,,,,,,,HIP 19302,,,,
具名恆星,HIP 19335,Rolled Tongue Added V,,,,,,,HIP 19335,,,,
具名恆星,HIP 19811,Rolled Tongue Added VI,,,,,,,HIP 19811,,,,
具名恆星,HIP 17886,Celestial Slander,,,,天讒,,,HIP 17886,,,,
具名恆星,HIP 19205,Whetstone I,,,,,,,HIP 19205,,,,
具名恆星,HIP 19513,Whetstone II,,,,,,,HIP 19513,,,,
具名恆星,HIP 20430,Whetstone III,,,,,,,Alkalbain II,,,,
具名恆星,HIP 20250,Whetstone IV,,,,,,,Alkalbain I,,,,
具名恆星,HIP 15110,Celestial Yin Force II,,,,,,,Al Butain IV,,,,
具名恆星,HIP 15737,Celestial Yin Force III,,,,,,,HIP 15737,,,,
具名恆星,HIP 14838,Celestial Yin Force IV / Celestial Yin Force Added VI,,,,,,,Botein,,,,
具名恆星,HIP 14586,Celestial Yin Force Added I,,,,,,,HIP 14586,,,,
具名恆星,HIP 15861,Celestial Yin Force Added II,,,,,,,HIP 15861,,,,
具名恆星,HIP 17309,Celestial Yin Force Added III,,,,,,,HIP 17309,,,,
具名恆星,HIP 17408,Celestial Yin Force Added IV,,,,,,,HIP 17408,,,,
具名恆星,HIP 14649,Celestial Yin Force Added V,,,,,,,HIP 14649,,,,
具名恆星,HIP 11345,Hay I,,,,,,,Sadr al Kaitos I,,,,
具名恆星,HIP 12002,Hay II,,,,,,,HIP 12002,,,,
具名恆星,HIP 10642,Hay III,,,,,,,HIP 10642,,,,
具名恆星,HIP 11261,Hay IV,,,,,,,HIP 11261,,,,
具名恆星,HIP 11029,Hay V,,,,,,,HIP 11029,,,,
具名恆星,HIP 12390,Hay VI,,,,,,,Sadr al Kaitos III,,,,
具名恆星,HIP 10215,Hay Added I,,,,,,,HIP 10215,,,,
具名恆星,HIP 10826,Hay Added II,,,,,,,Mira,,,,
具名恆星,HIP 12048,Hay Added III,,,,,,,HIP 12048,,,,
具名恆星,HIP 12247,Hay Added IV,,,,,,,HIP 12247,,,,
具名恆星,HIP 12107,Hay Added V,,,,,,,HIP 12107,,,,
具名恆星,HIP 18543,Celestial Meadows I,,,,,,,Zaurak,,,,
具名恆星,HIP 17593,Celestial Meadows II,,,,,,,HIP 17593,,,,
具名恆星,HIP 17378,Celestial Meadows III,,,,,,,Rana,,,,
具名恆星,HIP 16537,Celestial Meadows IV,,,,,,,Ran,,,,
具名恆星,HIP 15197,Celestial Meadows V,,,,,,,Zibal,,,,
具名恆星,HIP 13701,Celestial Meadows VI,,,,,,,Azha,,,,
具名恆星,HIP 12770,Celestial Meadows VII,,,,,,,Sadr al Kaitos IV,,,,
具名恆星,HIP 12843,Celestial Meadows VIII / Celestial Meadows Added VIII,,,,,,,HIP 12843,,,,
具名恆星,HIP 13288,Celestial Meadows IX,,,,,,,Angetenar,,,,
具名恆星,HIP 14146,Celestial Meadows X,,,,,,,HIP 14146,,,,
具名恆星,HIP 15474,Celestial Meadows XI,,,,,,,HIP 15474,,,,
具名恆星,HIP 16611,Celestial Meadows XII,,,,,,,HIP 16611,,,,
具名恆星,HIP 17651,Celestial Meadows XIII,,,,,,,HIP 17651,,,,
具名恆星,HIP 17717,Celestial Meadows XIV,,,,,,,HIP 17717,,,,
具名恆星,HIP 18216,Celestial Meadows XV,,,,,,,HIP 18216,,,,
具名恆星,HIP 18673,Celestial Meadows XVI,,,,,,,HIP 18673,,,,
具名恆星,HIP 16803,Celestial Meadows Added I,,,,,,,HIP 16803,,,,
具名恆星,HIP 15382,Celestial Meadows Added II,,,,,,,HIP 15382,,,,
具名恆星,HIP 14879,Celestial Meadows Added III / Celestial Meadows Added IV / Celestial Meadows Added XVII,,,,,,,Dalim,,,,
具名恆星,HIP 13835,Celestial Meadows Added V,,,,,,,HIP 13835,,,,
具名恆星,HIP 13782,Celestial Meadows Added VI,,,,,,,HIP 13782,,,,
具名恆星,HIP 11287,Celestial Meadows Added VII,,,,,,,HIP 11287,,,,
具名恆星,HIP 11783,Celestial Meadows Added IX,,,,,,,Sadr al Kaitos II,,,,
具名恆星,HIP 14060,Celestial Meadows Added X,,,,,,,Aludhi I,,,,
具名恆星,HIP 14168,Celestial Meadows Added XI,,,,,,,Aludhi II,,,,
具名恆星,HIP 14293,Celestial Meadows Added XII,,,,,,,Aludhi III,,,,
具名恆星,HIP 15244,Celestial Meadows Added XIII,,,,,,,HIP 15244,,,,
具名恆星,HIP 16341,Celestial Meadows Added XIV,,,,,,,HIP 16341,,,,
具名恆星,HIP 17027,Celestial Meadows Added XV,,,,,,,HIP 17027,,,,
具名恆星,HIP 17167,Celestial Meadows Added XVI,,,,,,,HIP 17167,,,,
具名恆星,HIP 16677,Celestial Meadows Added XVIII,,,,,,,HIP 16677,,,,
具名恆星,HIP 20889,Net I,,,,,,,Ain,,,,
具名恆星,HIP 20648,Net II,,,,,,,HIP 20648,,,,
具名恆星,HIP 20455,Net III,,,,,,,Secunda Hyadum,,,,
具名恆星,HIP 20205,Net IV,,,,,,,Prima Hyadum,,,,
具名恆星,HIP 21421,Net V,,,,,,,Aldebaran,,,,
具名恆星,HIP 20885,Net VI,,,,,,,Hyadum III,,,,
具名恆星,HIP 20713,Net VII,,,,,,,HIP 20713,,,,
具名恆星,HIP 18724,Net VIII,,,,,,,HIP 18724,,,,
具名恆星,HIP 17771,Net Added I,,,,,,,HIP 17771,,,,
具名恆星,HIP 18089,Net Added II,,,,,,,HIP 18089,,,,
具名恆星,HIP 18907,Net Added III,,,,,,,HIP 18907,,,,
具名恆星,HIP 18957,Net Added IV,,,,,,,HIP 18957,,,,
具名恆星,HIP 19554,Net Added V,,,,,,,HIP 19554,,,,
具名恆星,HIP 19719,Net Added VI / Net Added XIV,,,,,,,HIP 19719,,,,
具名恆星,HIP 19860,Net Added VII,,,,,,,HIP 19860,,,,
具名恆星,HIP 19740,Net Added VIII,,,,,,,HIP 19740,,,,
具名恆星,HIP 19877,Net Added IX,,,,,,,HIP 19877,,,,
具名恆星,HIP 20261,Net Added X,,,,,,,HIP 20261,,,,
具名恆星,HIP 20484,Net Added XI,,,,,,,HIP 20484,,,,
具名恆星,HIP 20542,Net Added XII,,,,,,,HIP 20542,,,,
具名恆星,HIP 20894,Net Added XIII,,,,,,,Chamukuy,,,,
具名恆星,HIP 21029,Net Added XV,,,,,,,HIP 21029,,,,
具名恆星,HIP 21053,Net Added XVI,,,,,,,HIP 21053,,,,
具名恆星,HIP 21137,Net Added XVII,,,,,,,HIP 21137,,,,
具名恆星,HIP 21257,Net Added XVIII,,,,,,,HIP 21257,,,,
具名恆星,HIP 21683,Whisper / Whisper Added IV,,,,附耳,,,HIP 21683,,,,
具名恆星,HIP 21673,Whisper Added I,,,,,,,HIP 21673,,,,
具名恆星,HIP 21588,Whisper Added II / Whisper Added III,,,,,,,HIP 21588,,,,
具名恆星,HIP 20641,Celestial Street I,,,,,,,Alkalbain IV,,,,
具名恆星,HIP 19990,Celestial Street II,,,,,,,HIP 19990,,,,
具名恆星,HIP 19388,Celestial Street Added I,,,,,,,HIP 19388,,,,
具名恆星,HIP 20635,Celestial Street Added II,,,,,,,Alkalbain III,,,,
具名恆星,HIP 20711,Celestial Street Added III,,,,,,,Alkalbain V,,,,
具名恆星,HIP 20789,Celestial Street Added IV,,,,,,,HIP 20789,,,,
具名恆星,HIP 23497,Celestial High Terrace I,,,,,,,HIP 23497,,,,
具名恆星,HIP 22565,Celestial High Terrace II,,,,,,,HIP 22565,,,,
具名恆星,HIP 23949,Celestial High Terrace III,,,,,,,HIP 23949,,,,
具名恆星,HIP 24822,Celestial High Terrace IV,,,,,,,HIP 24822,,,,
具名恆星,HIP 23835,Celestial High Terrace Added I,,,,,,,HIP 23835,,,,
具名恆星,HIP 23871,Celestial High Terrace Added II,,,,,,,HIP 23871,,,,
具名恆星,HIP 23883,Celestial High Terrace Added III,,,,,,,HIP 23883,,,,
具名恆星,HIP 25539,Celestial High Terrace Added IV,,,,,,,HIP 25539,,,,
具名恆星,HIP 27830,Feudal Kings I,,,,,,,HIP 27830,,,,
具名恆星,HIP 26640,Feudal Kings II,,,,,,,HIP 26640,,,,
具名恆星,HIP 25695,Feudal Kings III,,,,,,,HIP 25695,,,,
具名恆星,HIP 23900,Feudal Kings IV,,,,,,,HIP 23900,,,,
具名恆星,HIP 23068,Feudal Kings V,,,,,,,HIP 23068,,,,
具名恆星,HIP 21881,Feudal Kings VI,,,,,,,HIP 21881,,,,
具名恆星,HIP 21961,Feudal Kings Added I,,,,,,,HIP 21961,,,,
具名恆星,HIP 23088,Feudal Kings Added II,,,,,,,HIP 23088,,,,
具名恆星,HIP 26248,Feudal Kings Added III,,,,,,,HIP 26248,,,,
具名恆星,HIP 27468,Feudal Kings Added IV,,,,,,,HIP 27468,,,,
具名恆星,HIP 23015,Five Chariots I,,,,,,,Hassaleh,,,,
具名恆星,HIP 24608,Five Chariots II,,,,,,,Capella,,,,
具名恆星,HIP 28360,Five Chariots III,,,,,,,Menkalinan,,,,
具名恆星,HIP 28380,Five Chariots IV,,,,,,,Mahasim,,,,
具名恆星,HIP 25428,Five Chariots V,,,,,,,Elnath,,,,
具名恆星,HIP 21928,Five Chariots Added I,,,,,,,HIP 21928,,,,
具名恆星,HIP 21242,Five Chariots Added II,,,,,,,HIP 21242,,,,
具名恆星,HIP 21476,Five Chariots Added III,,,,,,,HIP 21476,,,,
具名恆星,HIP 23268,Five Chariots Added IV,,,,,,,HIP 23268,,,,
具名恆星,HIP 23261,Five Chariots Added V,,,,,,,HIP 23261,,,,
具名恆星,HIP 23179,Five Chariots Added VI,,,,,,,HIP 23179,,,,
具名恆星,HIP 22453,Five Chariots Added VII,,,,,,,HIP 22453,,,,
具名恆星,HIP 22678,Five Chariots Added VIII,,,,,,,HIP 22678,,,,
具名恆星,HIP 28946,Five Chariots Added IX,,,,,,,HIP 28946,,,,
具名恆星,HIP 28677,Five Chariots Added X,,,,,,,HIP 28677,,,,
具名恆星,HIP 28823,Five Chariots Added XI,,,,,,,HIP 28823,,,,
具名恆星,HIP 29949,Five Chariots Added XII,,,,,,,HIP 29949,,,,
具名恆星,HIP 29884,Five Chariots Added XIII,,,,,,,HIP 29884,,,,
具名恆星,HIP 29388,Five Chariots Added XIV,,,,,,,HIP 29388,,,,
具名恆星,HIP 28499,Five Chariots Added XV,,,,,,,HIP 28499,,,,
具名恆星,HIP 28404,Five Chariots Added XVI,,,,,,,HIP 28404,,,,
具名恆星,HIP 27196,Five Chariots Added XVII,,,,,,,HIP 27196,,,,
具名恆星,HIP 24748,Five Chariots Added XVIII,,,,,,,HIP 24748,,,,
具名恆星,HIP 21238,Five Chariots Added XIX,,,,,,,HIP 21238,,,,
具名恆星,HIP 23416,Pillars (In Net Mansion) I,,,,,,,Almaaz,,,,
具名恆星,HIP 23453,Pillars (In Net Mansion) II,,,,,,,Saclateni,,,,
具名恆星,HIP 23767,Pillars (In Net Mansion) III,,,,,,,Haedus,,,,
具名恆星,HIP 27639,Pillars (In Net Mansion) IV,,,,,,,HIP 27639,,,,
具名恆星,HIP 27673,Pillars (In Net Mansion) V,,,,,,,HIP 27673,,,,
具名恆星,HIP 27483,Pillars (In Net Mansion) VI,,,,,,,HIP 27483,,,,
具名恆星,HIP 25984,Pillars (In Net Mansion) VII,,,,,,,HIP 25984,,,,
具名恆星,HIP 26536,Pillars (In Net Mansion) VIII,,,,,,,HIP 26536,,,,
具名恆星,HIP 25048,Pool of Harmony I,,,,,,,HIP 25048,,,,
具名恆星,HIP 25810,Pool of Harmony II,,,,,,,HIP 25810,,,,
具名恆星,HIP 24813,Pool of Harmony III,,,,,,,Alhiba II,,,,
具名恆星,HIP 24879,Celestial Pier I,,,,,,,HIP 24879,,,,
具名恆星,HIP 25541,Celestial Pier II,,,,,,,HIP 25541,,,,
具名恆星,HIP 24504,Celestial Pier III,,,,,,,HIP 24504,,,,
具名恆星,HIP 25292,Celestial Pier IV,,,,,,,Alhiba III,,,,
具名恆星,HIP 24340,Celestial Pier V,,,,,,,Alhiba I,,,,
具名恆星,HIP 24727,Celestial Pier Added I,,,,,,,HIP 24727,,,,
具名恆星,HIP 24740,Celestial Pier Added II,,,,,,,HIP 24740,,,,
具名恆星,HIP 26451,Celestial Pass,,,,天關,,,Tianguan,,,,
具名恆星,HIP 25410,Celestial Pass Added I,,,,,,,HIP 25410,,,,
具名恆星,HIP 26777,Celestial Pass Added II,,,,,,,HIP 26777,,,,
具名恆星,HIP 27106,Celestial Pass Added III,,,,,,,HIP 27106,,,,
具名恆星,HIP 27265,Celestial Pass Added IV,,,,,,,HIP 27265,,,,
具名恆星,HIP 27338,Celestial Pass Added V,,,,,,,HIP 27338,,,,
具名恆星,HIP 26925,Celestial Pass Added VI,,,,,,,HIP 26925,,,,
具名恆星,HIP 20732,Celestial Tally I,,,,,,,HIP 20732,,,,
具名恆星,HIP 21273,Celestial Tally II,,,,,,,HIP 21273,,,,
具名恆星,HIP 20219,Celestial Tally III,,,,,,,HIP 20219,,,,
具名恆星,HIP 20901,Celestial Tally IV,,,,,,,HIP 20901,,,,
具名恆星,HIP 21589,Celestial Tally V,,,,,,,HIP 21589,,,,
具名恆星,HIP 21735,Celestial Tally VI,,,,,,,HIP 21735,,,,
具名恆星,HIP 21402,Celestial Tally VII,,,,,,,HIP 21402,,,,
具名恆星,HIP 20522,Celestial Tally VIII,,,,,,,HIP 20522,,,,
具名恆星,HIP 19777,Interpreters of Nine Dialects I,,,,,,,HIP 19777,,,,
具名恆星,HIP 19587,Interpreters of Nine Dialects II,,,,,,,Beid,,,,
具名恆星,HIP 20507,Interpreters of Nine Dialects III,,,,,,,HIP 20507,,,,
具名恆星,HIP 21444,Interpreters of Nine Dialects IV,,,,,,,HIP 21444,,,,
具名恆星,HIP 22024,Interpreters of Nine Dialects V,,,,,,,HIP 22024,,,,
具名恆星,HIP 21986,Interpreters of Nine Dialects VI,,,,,,,HIP 21986,,,,
具名恆星,HIP 18788,Interpreters of Nine Dialects Added I,,,,,,,HIP 18788,,,,
具名恆星,HIP 18255,Interpreters of Nine Dialects Added II,,,,,,,HIP 18255,,,,
具名恆星,HIP 18122,Interpreters of Nine Dialects Added III,,,,,,,HIP 18122,,,,
具名恆星,HIP 18141,Interpreters of Nine Dialects Added IV / Interpreters of Nine Dialects Added V,,,,,,,HIP 18141,,,,
具名恆星,HIP 19483,Interpreters of Nine Dialects Added VI,,,,,,,HIP 19483,,,,
具名恆星,HIP 19849,Interpreters of Nine Dialects Added VII / Interpreters of Nine Dialects Added XI,,,,,,,Keid,,,,
具名恆星,HIP 21296,Interpreters of Nine Dialects Added VIII,,,,,,,HIP 21296,,,,
具名恆星,HIP 21278,Interpreters of Nine Dialects Added IX,,,,,,,HIP 21278,,,,
具名恆星,HIP 21547,Interpreters of Nine Dialects Added X,,,,,,,HIP 21547,,,,
具名恆星,HIP 22667,Banner of Three Stars I,,,,,,,Al Kumm I,,,,
具名恆星,HIP 22957,Banner of Three Stars II,,,,,,,Al Kumm II,,,,
具名恆星,HIP 22833,Banner of Three Stars III,,,,,,,Manica,,,,
具名恆星,HIP 22845,Banner of Three Stars IV,,,,,,,Al Taj IV,,,,
具名恆星,HIP 22509,Banner of Three Stars V,,,,,,,Al Taj I,,,,
具名恆星,HIP 22449,Banner of Three Stars VI,,,,,,,Tabit,,,,
具名恆星,HIP 22549,Banner of Three Stars VII,,,,,,,Al Taj II,,,,
具名恆星,HIP 22797,Banner of Three Stars VIII / Banner of Three Stars Added XII,,,,,,,Al Taj III,,,,
具名恆星,HIP 23123,Banner of Three Stars IX,,,,,,,Al Taj V,,,,
具名恆星,HIP 22441,Banner of Three Stars Added I,,,,,,,HIP 22441,,,,
具名恆星,HIP 23043,Banner of Three Stars Added II,,,,,,,HIP 23043,,,,
具名恆星,HIP 23214,Banner of Three Stars Added III,,,,,,,HIP 23214,,,,
具名恆星,HIP 23607,Banner of Three Stars Added IV,,,,,,,HIP 23607,,,,
具名恆星,HIP 24010,Banner of Three Stars Added V,,,,,,,HIP 24010,,,,
具名恆星,HIP 24555,Banner of Three Stars Added VI,,,,,,,HIP 24555,,,,
具名恆星,HIP 23983,Banner of Three Stars Added VII,,,,,,,HIP 23983,,,,
具名恆星,HIP 23852,Banner of Three Stars Added VIII / Banner of Three Stars Added IX,,,,,,,HIP 23852,,,,
具名恆星,HIP 23879,Banner of Three Stars Added X,,,,,,,HIP 23879,,,,
具名恆星,HIP 22730,Banner of Three Stars Added XI,,,,,,,HIP 22730,,,,
具名恆星,HIP 21515,Imperial Military Flag I,,,,,,,HIP 21515,,,,
具名恆星,HIP 22109,Imperial Military Flag II,,,,,,,HIP 22109,,,,
具名恆星,HIP 22701,Imperial Military Flag III,,,,,,,HIP 22701,,,,
具名恆星,HIP 23221,Imperial Military Flag IV,,,,,,,HIP 23221,,,,
具名恆星,HIP 23231,Imperial Military Flag V,,,,,,,HIP 23231,,,,
具名恆星,HIP 22479,Imperial Military Flag VI,,,,,,,HIP 22479,,,,
具名恆星,HIP 22263,Imperial Military Flag VII,,,,,,,HIP 22263,,,,
具名恆星,HIP 21763,Imperial Military Flag VIII,,,,,,,HIP 21763,,,,
具名恆星,HIP 23474,Imperial Military Flag IX,,,,,,,HIP 23474,,,,
具名恆星,HIP 20884,Imperial Military Flag Added I,,,,,,,HIP 20884,,,,
具名恆星,HIP 21139,Imperial Military Flag Added II,,,,,,,HIP 21139,,,,
具名恆星,HIP 22958,Imperial Military Flag Added III,,,,,,,HIP 22958,,,,
具名恆星,HIP 21594,Imperial Military Flag Added IV,,,,,,,Sceptrum,,,,
具名恆星,HIP 22325,Imperial Military Flag Added V,,,,,,,HIP 22325,,,,
具名恆星,HIP 21685,Imperial Military Flag Added VI,,,,,,,HIP 21685,,,,
具名恆星,HIP 23554,Imperial Military Flag Added VII,,,,,,,HIP 23554,,,,
具名恆星,HIP 7083,Celestial Orchard I,,,,,,,HIP 7083,,,,
具名恆星,HIP 9007,Celestial Orchard II,,,,,,,HIP 9007,,,,
具名恆星,HIP 10602,Celestial Orchard III,,,,,,,HIP 10602,,,,
具名恆星,HIP 11407,Celestial Orchard IV,,,,,,,HIP 11407,,,,
具名恆星,HIP 12413,Celestial Orchard V,,,,,,,HIP 12413,,,,
具名恆星,HIP 13847,Celestial Orchard VI,,,,,,,Acamar,,,,
具名恆星,HIP 17351,Celestial Orchard VII,,,,,,,HIP 17351,,,,
具名恆星,HIP 17797,Celestial Orchard VIII,,,,,,,HIP 17797,,,,
具名恆星,HIP 17874,Celestial Orchard IX,,,,,,,HIP 17874,,,,
具名恆星,HIP 20042,Celestial Orchard X,,,,,,,Beemim I,,,,
具名恆星,HIP 20535,Celestial Orchard XI,,,,,,,Beemim,,,,
具名恆星,HIP 21393,Celestial Orchard XII,,,,,,,Theemin,,,,
具名恆星,HIP 21248,Celestial Orchard XIII,,,,,,,Beemim,,,,
具名恆星,HIP 12486,Celestial Orchard Added I,,,,,,,HIP 12486,,,,
具名恆星,HIP 15510,Celestial Orchard Added III,,,,,,,HIP 15510,,,,
具名恆星,HIP 16870,Celestial Orchard Added IV,,,,,,,HIP 16870,,,,
具名恆星,HIP 18213,Celestial Orchard Added V,,,,,,,HIP 18213,,,,
具名恆星,HIP 19747,Celestial Orchard Added VI,,,,,,,HIP 19747,,,,
具名恆星,HIP 26207,Turtle Beak I,,,,,,,Meissa,,,,
具名恆星,HIP 26176,Turtle Beak II,,,,,,,Heka,,,,
具名恆星,HIP 26366,Turtle Beak III,,,,,,,HIP 26366,,,,
具名恆星,HIP 28237,Deity in Charge of Monsters I,,,,,,,HIP 28237,,,,
具名恆星,HIP 28734,Deity in Charge of Monsters II,,,,,,,HIP 28734,,,,
具名恆星,HIP 28716,Deity in Charge of Monsters III,,,,,,,HIP 28716,,,,
具名恆星,HIP 27913,Deity in Charge of Monsters IV,,,,,,,HIP 27913,,,,
具名恆星,HIP 28455,Deity in Charge of Monsters Added I,,,,,,,HIP 28455,,,,
具名恆星,HIP 28561,Deity in Charge of Monsters Added II,,,,,,,HIP 28561,,,,
具名恆星,HIP 27965,Deity in Charge of Monsters Added III,,,,,,,HIP 27965,,,,
具名恆星,HIP 28691,Deity in Charge of Monsters Added IV,,,,,,,HIP 28691,,,,
具名恆星,HIP 29433,Deity in Charge of Monsters Added V,,,,,,,HIP 29433,,,,
具名恆星,HIP 29650,Deity in Charge of Monsters Added VI,,,,,,,HIP 29650,,,,
具名恆星,HIP 32562,Seat Flags I,,,,,,,Dolones VI,,,,
具名恆星,HIP 33485,Seat Flags II,,,,,,,Dolones X,,,,
具名恆星,HIP 32173,Seat Flags III,,,,,,,Dolones IV,,,,
具名恆星,HIP 32480,Seat Flags IV,,,,,,,HIP 32480,,,,
具名恆星,HIP 31832,Seat Flags V,,,,,,,Dolones III,,,,
具名恆星,HIP 32844,Seat Flags VI,,,,,,,Dolones VII,,,,
具名恆星,HIP 31789,Seat Flags VII,,,,,,,Dolones II,,,,
具名恆星,HIP 31771,Seat Flags VIII,,,,,,,HIP 31771,,,,
具名恆星,HIP 33041,Seat Flags IX,,,,,,,HIP 33041,,,,
具名恆星,HIP 30520,Seat Flags Added I,,,,,,,Dolones I,,,,
具名恆星,HIP 30972,Seat Flags Added II,,,,,,,HIP 30972,,,,
具名恆星,HIP 33064,Seat Flags Added III,,,,,,,HIP 33064,,,,
具名恆星,HIP 33133,Seat Flags Added IV,,,,,,,Dolones VIII,,,,
具名恆星,HIP 33614,Seat Flags Added V,,,,,,,HIP 33614,,,,
具名恆星,HIP 34752,Seat Flags Added VI,,,,,,,HIP 34752,,,,
具名恆星,HIP 35341,Seat Flags Added VII,,,,,,,HIP 35341,,,,
具名恆星,HIP 35907,Seat Flags Added VIII,,,,,,,HIP 35907,,,,
具名恆星,HIP 36145,Seat Flags Added IX,,,,,,,HIP 36145,,,,
具名恆星,HIP 36439,Seat Flags Added X,,,,,,,HIP 36439,,,,
具名恆星,HIP 35731,Seat Flags Added XI,,,,,,,HIP 35731,,,,
具名恆星,HIP 26727,Three Stars I,,,,,,,Alnitak,,,,
具名恆星,HIP 26311,Three Stars II,,,,,,,Alnilam,,,,
具名恆星,HIP 25930,Three Stars III,,,,,,,Mintaka,,,,
具名恆星,HIP 27989,Three Stars IV,,,,,,,Betelgeuse,,,,
具名恆星,HIP 25336,Three Stars V,,,,,,,Bellatrix,,,,
具名恆星,HIP 27366,Three Stars VI,,,,,,,Saiph,,,,
具名恆星,HIP 24436,Three Stars VII,,,,,,,Rigel,,,,
具名恆星,HIP 26549,Three Stars Added I,,,,,,,HIP 26549,,,,
具名恆星,HIP 25737,Three Stars Added II,,,,,,,HIP 25737,,,,
具名恆星,HIP 25281,Three Stars Added III,,,,,,,Saif al Jabbar,,,,
具名恆星,HIP 25282,Three Stars Added IV,,,,,,,HIP 25282,,,,
具名恆星,HIP 25044,Three Stars Added V,,,,,,,HIP 25044,,,,
具名恆星,HIP 25302,Three Stars Added VI / Three Stars Added VII,,,,,,,HIP 25302,,,,
具名恆星,HIP 24817,Three Stars Added VIII,,,,,,,HIP 24817,,,,
具名恆星,HIP 24331,Three Stars Added IX,,,,,,,HIP 24331,,,,
具名恆星,HIP 25142,Three Stars Added X,,,,,,,HIP 25142,,,,
具名恆星,HIP 25473,Three Stars Added XI,,,,,,,HIP 25473,,,,
具名恆星,HIP 25861,Three Stars Added XII,,,,,,,HIP 25861,,,,
具名恆星,HIP 25813,Three Stars Added XIII,,,,,,,HIP 25813,,,,
具名恆星,HIP 26126,Three Stars Added XIV,,,,,,,HIP 26126,,,,
具名恆星,HIP 26594,Three Stars Added XV,,,,,,,HIP 26594,,,,
具名恆星,HIP 26885,Three Stars Added XVI,,,,,,,HIP 26885,,,,
具名恆星,HIP 27386,Three Stars Added XVII,,,,,,,HIP 27386,,,,
具名恆星,HIP 28614,Three Stars Added XVIII,,,,,,,HIP 28614,,,,
具名恆星,HIP 28812,Three Stars Added XIX,,,,,,,HIP 28812,,,,
具名恆星,HIP 28814,Three Stars Added XX,,,,,,,HIP 28814,,,,
具名恆星,HIP 28271,Three Stars Added XXI,,,,,,,HIP 28271,,,,
具名恆星,HIP 27750,Three Stars Added XXII,,,,,,,HIP 27750,,,,
具名恆星,HIP 28413,Three Stars Added XXIII,,,,,,,HIP 28413,,,,
具名恆星,HIP 30700,Three Stars Added XXIV,,,,,,,HIP 30700,,,,
具名恆星,HIP 30772,Three Stars Added XXV,,,,,,,HIP 30772,,,,
具名恆星,HIP 30867,Three Stars Added XXVI,,,,,,,HIP 30867,,,,
具名恆星,HIP 30073,Three Stars Added XXVII,,,,,,,HIP 30073,,,,
具名恆星,HIP 29651,Three Stars Added XXVIII,,,,,,,HIP 29651,,,,
具名恆星,HIP 29885,Three Stars Added XXIX,,,,,,,HIP 29885,,,,
具名恆星,HIP 29118,Three Stars Added XXX,,,,,,,HIP 29118,,,,
具名恆星,HIP 28574,Three Stars Added XXXI,,,,,,,HIP 28574,,,,
具名恆星,HIP 28325,Three Stars Added XXXII,,,,,,,HIP 28325,,,,
具名恆星,HIP 28321,Three Stars Added XXXIII,,,,,,,HIP 28321,,,,
具名恆星,HIP 27658,Three Stars Added XXXIV,,,,,,,HIP 27658,,,,
具名恆星,HIP 26563,Three Stars Added XXXV,,,,,,,Mizan Batil III,,,,
具名恆星,HIP 25923,Three Stars Added XXXVI,,,,,,,Thabit,,,,
具名恆星,HIP 25247,Three Stars Added XXXVII,,,,,,,HIP 25247,,,,
具名恆星,HIP 24674,Three Stars Added XXXVIII / Jade Well IV,,,,,,,HIP 24674,,,,
具名恆星,HIP 25028,Three Stars Added XXXIX,,,,,,,HIP 25028,,,,
具名恆星,HIP 26237,Send Armed Forces To Suppress I,,,,,,,Mizan Batil I,,,,
具名恆星,HIP 26235,Send Armed Forces To Suppress II,,,,,,,Mizan Batil II,,,,
具名恆星,HIP 26241,Send Armed Forces To Suppress III,,,,,,,Hatysa,,,,
具名恆星,HIP 26268,Send Armed Forces To Suppress Added I,,,,,,,HIP 26268,,,,
具名恆星,HIP 26224,Send Armed Forces To Suppress Added II,,,,,,,HIP 26224,,,,
具名恆星,HIP 23972,Jade Well I,,,,,,,Kursi al Jauzah II,,,,
具名恆星,HIP 23364,Jade Well II,,,,,,,Kursi al Jauzah I,,,,
具名恆星,HIP 23875,Jade Well III,,,,,,,Cursa,,,,
具名恆星,HIP 23794,Jade Well Added I,,,,,,,HIP 23794,,,,
具名恆星,HIP 23941,Jade Well Added II,,,,,,,HIP 23941,,,,
具名恆星,HIP 23802,Jade Well Added III,,,,,,,HIP 23802,,,,
具名恆星,HIP 24244,Military Well I,,,,,,,HIP 24244,,,,
具名恆星,HIP 24327,Military Well II,,,,,,,HIP 24327,,,,
具名恆星,HIP 24845,Military Well III,,,,,,,HIP 24845,,,,
具名恆星,HIP 24873,Military Well IV,,,,,,,HIP 24873,,,,
具名恆星,HIP 25202,Military Well Added I,,,,,,,HIP 25202,,,,
具名恆星,HIP 24169,Military Well Added II,,,,,,,HIP 24169,,,,
具名恆星,HIP 24305,Screen I,,,,,,,HIP 24305,,,,
具名恆星,HIP 23685,Screen II,,,,,,,HIP 23685,,,,
具名恆星,HIP 25985,Toilet I,,,,,,,Arneb,,,,
具名恆星,HIP 25606,Toilet II,,,,,,,Nihal,,,,
具名恆星,HIP 27072,Toilet III,,,,,,,Kursi al Jabbar,,,,
具名恆星,HIP 27654,Toilet IV,,,,,,,Arsh al Jauzah,,,,
具名恆星,HIP 25853,Toilet Added I,,,,,,,HIP 25853,,,,
具名恆星,HIP 26865,Toilet Added II / Toilet Added VIII,,,,,,,HIP 26865,,,,
具名恆星,HIP 29048,Toilet Added III,,,,,,,HIP 29048,,,,
具名恆星,HIP 28816,Toilet Added IV,,,,,,,HIP 28816,,,,
具名恆星,HIP 28910,Toilet Added V,,,,,,,HIP 28910,,,,
具名恆星,HIP 28103,Toilet Added VI,,,,,,,HIP 28103,,,,
具名恆星,HIP 27288,Toilet Added VII,,,,,,,HIP 27288,,,,
具名恆星,HIP 27204,Excrement,,,,屎,,,HIP 27204,,,,
具名恆星,HIP 30343,Well I,,,,,,,Tejat,,,,
具名恆星,HIP 30883,Well II,,,,,,,Nucatai,,,,
具名恆星,HIP 31681,Well III,,,,,,,Alhena,,,,
具名恆星,HIP 32362,Well IV / Well Added XIX,,,,,,,Alzirr,,,,
具名恆星,HIP 32246,Well V,,,,,,,Mebsuta,,,,
具名恆星,HIP 32921,Well VI,,,,,,,HIP 32921,,,,
具名恆星,HIP 34088,Well VII,,,,,,,Mekbuda,,,,
具名恆星,HIP 35350,Well VIII,,,,,,,HIP 35350,,,,
具名恆星,HIP 29696,Well Added I,,,,,,,HIP 29696,,,,
具名恆星,HIP 30827,Well Added II,,,,,,,HIP 30827,,,,
具名恆星,HIP 31737,Well Added III,,,,,,,HIP 31737,,,,
具名恆星,HIP 32311,Well Added IV,,,,,,,HIP 32311,,,,
具名恆星,HIP 31852,Well Added V,,,,,,,HIP 31852,,,,
具名恆星,HIP 31434,Well Added VI,,,,,,,HIP 31434,,,,
具名恆星,HIP 32104,Well Added VII,,,,,,,HIP 32104,,,,
具名恆星,HIP 31525,Well Added VIII,,,,,,,HIP 31525,,,,
具名恆星,HIP 31404,Well Added IX,,,,,,,HIP 31404,,,,
具名恆星,HIP 32249,Well Added X / Well Added XVIII,,,,,,,HIP 32249,,,,
具名恆星,HIP 32404,Well Added XI,,,,,,,HIP 32404,,,,
具名恆星,HIP 32814,Well Added XII,,,,,,,HIP 32814,,,,
具名恆星,HIP 33202,Well Added XIII,,,,,,,HIP 33202,,,,
具名恆星,HIP 33715,Well Added XIV,,,,,,,HIP 33715,,,,
具名恆星,HIP 34440,Well Added XV,,,,,,,HIP 34440,,,,
具名恆星,HIP 34858,Well Added XVI,,,,,,,HIP 34858,,,,
具名恆星,HIP 34909,Well Added XVII,,,,,,,HIP 34909,,,,
具名恆星,HIP 29655,Battle Axe,,,,鉞,,,Propus,,,,
具名恆星,HIP 29840,Battle Axe Added I,,,,,,,HIP 29840,,,,
具名恆星,HIP 29038,Official for Irrigation I,,,,,,,HIP 29038,,,,
具名恆星,HIP 29426,Official for Irrigation II,,,,,,,HIP 29426,,,,
具名恆星,HIP 29704,Official for Irrigation III,,,,,,,HIP 29704,,,,
具名恆星,HIP 29434,Official for Irrigation IV,,,,,,,HIP 29434,,,,
具名恆星,HIP 27364,Official for Irrigation Added I,,,,,,,HIP 27364,,,,
具名恆星,HIP 27316,Official for Irrigation Added II,,,,,,,HIP 27316,,,,
具名恆星,HIP 27581,Official for Irrigation Added III,,,,,,,HIP 27581,,,,
具名恆星,HIP 27743,Official for Irrigation Added IV / Official for Irrigation Added V,,,,,,,HIP 27743,,,,
具名恆星,HIP 29736,Official for Irrigation Added VI,,,,,,,HIP 29736,,,,
具名恆星,HIP 29800,Official for Irrigation Added VII,,,,,,,HIP 29800,,,,
具名恆星,HIP 29850,Official for Irrigation Added VIII,,,,,,,HIP 29850,,,,
具名恆星,HIP 35846,Celestial Wine Cup I,,,,,,,HIP 35846,,,,
具名恆星,HIP 35550,Celestial Wine Cup II,,,,,,,Wasat,,,,
具名恆星,HIP 33927,Celestial Wine Cup III,,,,,,,HIP 33927,,,,
具名恆星,HIP 33277,Celestial Wine Cup Added I,,,,,,,HIP 33277,,,,
具名恆星,HIP 33650,Celestial Wine Cup Added II,,,,,,,HIP 33650,,,,
具名恆星,HIP 34722,Celestial Wine Cup Added III,,,,,,,HIP 34722,,,,
具名恆星,HIP 35025,Celestial Wine Cup Added IV,,,,,,,HIP 35025,,,,
具名恆星,HIP 34819,Celestial Wine Cup Added V,,,,,,,HIP 34819,,,,
具名恆星,HIP 34182,Celestial Wine Cup Added VI,,,,,,,HIP 34182,,,,
具名恆星,HIP 35699,Celestial Wine Cup Added VII,,,,,,,HIP 35699,,,,
具名恆星,HIP 36156,Celestial Wine Cup Added VIII,,,,,,,HIP 36156,,,,
具名恆星,HIP 36238,Celestial Wine Cup Added IX,,,,,,,HIP 36238,,,,
具名恆星,HIP 33018,Five Feudal Kings I,,,,,,,HIP 33018,,,,
具名恆星,HIP 34693,Five Feudal Kings II / Five Feudal Kings Added VI,,,,,,,HIP 34693,,,,
具名恆星,HIP 36046,Five Feudal Kings III,,,,,,,HIP 36046,,,,
具名恆星,HIP 36962,Five Feudal Kings IV,,,,,,,HIP 36962,,,,
具名恆星,HIP 38538,Five Feudal Kings V,,,,,,,HIP 38538,,,,
具名恆星,HIP 35941,Five Feudal Kings Added I,,,,,,,HIP 35941,,,,
具名恆星,HIP 36393,Five Feudal Kings Added II,,,,,,,HIP 36393,,,,
具名恆星,HIP 36429,Five Feudal Kings Added III,,,,,,,HIP 36429,,,,
具名恆星,HIP 36366,North River I,,,,,,,HIP 36366,,,,
具名恆星,HIP 36850,North River II,,,,,,,Castor,,,,
具名恆星,HIP 37826,North River III,,,,,,,Pollux,,,,
具名恆星,HIP 37204,North River Added I,,,,,,,HIP 37204,,,,
具名恆星,HIP 37265,North River Added II,,,,,,,Jishui,,,,
具名恆星,HIP 38016,North River Added III,,,,,,,HIP 38016,,,,
具名恆星,HIP 37629,North River Added IV,,,,,,,HIP 37629,,,,
具名恆星,HIP 35710,Accumulated Water,,,,積水,,,HIP 35710,,,,
具名恆星,HIP 37740,Pile of Firewood,,,,積薪,,,HIP 37740,,,,
具名恆星,HIP 37704,Pile of Firewood Added I,,,,,,,HIP 37704,,,,
具名恆星,HIP 38106,Pile of Firewood Added II,,,,,,,HIP 38106,,,,
具名恆星,HIP 38495,Pile of Firewood Added III,,,,,,,HIP 38495,,,,
具名恆星,HIP 36425,Water Level I,,,,,,,HIP 36425,,,,
具名恆星,HIP 37921,Water Level II,,,,,,,HIP 37921,,,,
具名恆星,HIP 39567,Water Level III,,,,,,,HIP 39567,,,,
具名恆星,HIP 40167,Water Level IV,,,,,,,Tegmine,,,,
具名恆星,HIP 35987,Water Level Added I,,,,,,,HIP 35987,,,,
具名恆星,HIP 36760,Water Level Added II,,,,,,,HIP 36760,,,,
具名恆星,HIP 37300,Water Level Added III,,,,,,,HIP 37300,,,,
具名恆星,HIP 37908,Water Level Added IV,,,,,,,HIP 37908,,,,
具名恆星,HIP 38722,Water Level Added V,,,,,,,HIP 38722,,,,
具名恆星,HIP 39780,Water Level Added VI,,,,,,,HIP 39780,,,,
具名恆星,HIP 39177,Water Level Added VII,,,,,,,HIP 39177,,,,
具名恆星,HIP 39236,Water Level Added VIII,,,,,,,HIP 39236,,,,
具名恆星,HIP 38848,Water Level Added IX,,,,,,,HIP 38848,,,,
具名恆星,HIP 38196,Water Level Added X,,,,,,,HIP 38196,,,,
具名恆星,HIP 39874,Water Level Added XI,,,,,,,HIP 39874,,,,
具名恆星,HIP 36631,Water Level Added XII,,,,,,,HIP 36631,,,,
具名恆星,HIP 36041,South River I,,,,,,,HIP 36041,,,,
具名恆星,HIP 36188,South River II,,,,,,,Gomeisa,,,,
具名恆星,HIP 37279,South River III,,,,,,,Procyon,,,,
具名恆星,HIP 36284,South River Added I,,,,,,,HIP 36284,,,,
具名恆星,HIP 36265,South River Added II,,,,,,,HIP 36265,,,,
具名恆星,HIP 36812,South River Added III,,,,,,,HIP 36812,,,,
具名恆星,HIP 36723,South River Added IV,,,,,,,HIP 36723,,,,
具名恆星,HIP 36641,South River Added V,,,,,,,HIP 36641,,,,
具名恆星,HIP 38373,South River Added VI,,,,,,,HIP 38373,,,,
具名恆星,HIP 38962,South River Added VII,,,,,,,HIP 38962,,,,
具名恆星,HIP 39311,South River Added VIII,,,,,,,HIP 39311,,,,
具名恆星,HIP 39211,South River Added IX,,,,,,,HIP 39211,,,,
具名恆星,HIP 39079,South River Added X,,,,,,,HIP 39079,,,,
具名恆星,HIP 34033,Four Channels I,,,,,,,HIP 34033,,,,
具名恆星,HIP 32533,Four Channels II,,,,,,,HIP 32533,,,,
具名恆星,HIP 31216,Four Channels III,,,,,,,HIP 31216,,,,
具名恆星,HIP 30419,Four Channels IV,,,,,,,HIP 30419,,,,
具名恆星,HIP 31978,Four Channels Added I,,,,,,,HIP 31978,,,,
具名恆星,HIP 32463,Four Channels Added II,,,,,,,HIP 32463,,,,
具名恆星,HIP 31159,Four Channels Added III,,,,,,,HIP 31159,,,,
具名恆星,HIP 30717,Four Channels Added V,,,,,,,HIP 30717,,,,
具名恆星,HIP 30720,Four Channels Added VI,,,,,,,HIP 30720,,,,
具名恆星,HIP 31149,Four Channels Added VII,,,,,,,HIP 31149,,,,
具名恆星,HIP 31385,Four Channels Added VIII,,,,,,,HIP 31385,,,,
具名恆星,HIP 32578,Palace Gate I,,,,,,,HIP 32578,,,,
具名恆星,HIP 34724,Palace Gate II,,,,,,,HIP 34724,,,,
具名恆星,HIP 35080,Palace Gate Added I,,,,,,,HIP 35080,,,,
具名恆星,HIP 34904,Palace Gate Added II,,,,,,,HIP 34904,,,,
具名恆星,HIP 34769,Palace Gate Added III,,,,,,,HIP 34769,,,,
具名恆星,HIP 33971,Palace Gate Added IV,,,,,,,HIP 33971,,,,
具名恆星,HIP 34622,Palace Gate Added V,,,,,,,HIP 34622,,,,
具名恆星,HIP 37088,Palace Gate Added VI,,,,,,,HIP 37088,,,,
具名恆星,HIP 37447,Palace Gate Added VII,,,,,,,HIP 37447,,,,
具名恆星,HIP 30324,Market for Soldiers I,,,,,,,Mirzam,,,,
具名恆星,HIP 31700,Market for Soldiers II,,,,,,,HIP 31700,,,,
具名恆星,HIP 33092,Market for Soldiers III,,,,,,,HIP 33092,,,,
具名恆星,HIP 33248,Market for Soldiers IV,,,,,,,HIP 33248,,,,
具名恆星,HIP 33152,Market for Soldiers V,,,,,,,Udra,,,,
具名恆星,HIP 31125,Market for Soldiers VI,,,,,,,HIP 31125,,,,
具名恆星,HIP 31564,Market for Soldiers Added I,,,,,,,HIP 31564,,,,
具名恆星,HIP 31416,Market for Soldiers Added II,,,,,,,HIP 31416,,,,
具名恆星,HIP 32504,Market for Soldiers Added III,,,,,,,HIP 32504,,,,
具名恆星,HIP 33302,Market for Soldiers Added IV / Market for Soldiers Added VI / Market for Soldiers Added VII,,,,,,,HIP 33302,,,,
具名恆星,HIP 33977,Market for Soldiers Added V,,,,,,,Al Zara,,,,
具名恆星,HIP 31592,Wild Cockerel,,,,野雞,,,HIP 31592,,,,
具名恆星,HIP 32349,Celestial Wolf,,,,天狼,,,Sirius,,,,
具名恆星,HIP 32492,Celestial Wolf Added I,,,,,,,HIP 32492,,,,
具名恆星,HIP 33160,Celestial Wolf Added II / Celestial Wolf Added VI,,,,,,,HIP 33160,,,,
具名恆星,HIP 33345,Celestial Wolf Added III,,,,,,,HIP 33345,,,,
具名恆星,HIP 34045,Celestial Wolf Added IV,,,,,,,Muliphein,,,,
具名恆星,HIP 33347,Celestial Wolf Added V,,,,,,,HIP 33347,,,,
具名恆星,HIP 26634,Grandfather I,,,,,,,Phact,,,,
具名恆星,HIP 25859,Grandfather II,,,,,,,HIP 25859,,,,
具名恆星,HIP 27810,Son I,,,,,,,HIP 27810,,,,
具名恆星,HIP 27628,Son II,,,,,,,Wazn,,,,
具名恆星,HIP 28199,Son Added I,,,,,,,HIP 28199,,,,
具名恆星,HIP 29807,Grandson I,,,,,,,Kurud II,,,,
具名恆星,HIP 29034,Grandson II,,,,,,,Elkurud,,,,
具名恆星,HIP 30122,Grandson Added I,,,,,,,Furud,,,,
具名恆星,HIP 30788,Grandson Added II,,,,,,,HIP 30788,,,,
具名恆星,HIP 30277,Grandson Added III / Grandson Added IV,,,,,,,HIP 30277,,,,
具名恆星,HIP 30438,Old Man,,,,老人,,,Canopus,,,,
具名恆星,HIP 32768,Old Man Added I,,,,,,,HIP 32768,,,,
具名恆星,HIP 31685,Old Man Added II,,,,,,,HIP 31685,,,,
具名恆星,HIP 28328,Old Man Added III,,,,,,,HIP 28328,,,,
具名恆星,HIP 27321,Old Man Added IV,,,,,,,HIP 27321,,,,
具名恆星,HIP 34444,Bow and Arrow I,,,,,,,Wezen,,,,
具名恆星,HIP 35904,Bow and Arrow II,,,,,,,Aludra,,,,
具名恆星,HIP 37819,Bow and Arrow III,,,,,,,HIP 37819,,,,
具名恆星,HIP 38901,Bow and Arrow IV,,,,,,,HIP 38901,,,,
具名恆星,HIP 38070,Bow and Arrow V,,,,,,,HIP 38070,,,,
具名恆星,HIP 37229,Bow and Arrow VI,,,,,,,HIP 37229,,,,
具名恆星,HIP 33579,Bow and Arrow VII,,,,,,,Adhara,,,,
具名恆星,HIP 32759,Bow and Arrow VIII,,,,,,,HIP 32759,,,,
具名恆星,HIP 35264,Bow and Arrow IX,,,,,,,HIP 35264,,,,
具名恆星,HIP 32292,Bow and Arrow Added I,,,,,,,HIP 32292,,,,
具名恆星,HIP 33856,Bow and Arrow Added II,,,,,,,Unurgunite,,,,
具名恆星,HIP 35037,Bow and Arrow Added III,,,,,,,HIP 35037,,,,
具名恆星,HIP 34981,Bow and Arrow Added IV,,,,,,,HIP 34981,,,,
具名恆星,HIP 34798,Bow and Arrow Added V,,,,,,,HIP 34798,,,,
具名恆星,HIP 35415,Bow and Arrow Added VI,,,,,,,HIP 35415,,,,
具名恆星,HIP 35412,Bow and Arrow Added VII,,,,,,,HIP 35412,,,,
具名恆星,HIP 37843,Bow and Arrow Added VIII,,,,,,,HIP 37843,,,,
具名恆星,HIP 37891,Bow and Arrow Added IX,,,,,,,HIP 37891,,,,
具名恆星,HIP 38048,Bow and Arrow Added X,,,,,,,HIP 38048,,,,
具名恆星,HIP 38427,Bow and Arrow Added XI,,,,,,,HIP 38427,,,,
具名恆星,HIP 38211,Bow and Arrow Added XII,,,,,,,HIP 38211,,,,
具名恆星,HIP 39906,Bow and Arrow Added XIII,,,,,,,HIP 39906,,,,
具名恆星,HIP 39524,Bow and Arrow Added XIV,,,,,,,HIP 39524,,,,
具名恆星,HIP 38835,Bow and Arrow Added XV,,,,,,,HIP 38835,,,,
具名恆星,HIP 39023,Bow and Arrow Added XVI / Bow and Arrow Added XXXI,,,,,,,HIP 39023,,,,
具名恆星,HIP 38170,Bow and Arrow Added XVII,,,,,,,Azmidi,,,,
具名恆星,HIP 37590,Bow and Arrow Added XVIII,,,,,,,HIP 37590,,,,
具名恆星,HIP 37677,Bow and Arrow Added XIX,,,,,,,HIP 37677,,,,
具名恆星,HIP 37297,Bow and Arrow Added XX,,,,,,,HIP 37297,,,,
具名恆星,HIP 38455,Bow and Arrow Added XXI,,,,,,,HIP 38455,,,,
具名恆星,HIP 39429,Bow and Arrow Added XXII,,,,,,,Naos,,,,
具名恆星,HIP 38414,Bow and Arrow Added XXIII,,,,,,,HIP 38414,,,,
具名恆星,HIP 36377,Bow and Arrow Added XXIV,,,,,,,HIP 36377,,,,
具名恆星,HIP 34360,Bow and Arrow Added XXV,,,,,,,HIP 34360,,,,
具名恆星,HIP 34579,Bow and Arrow Added XXVI,,,,,,,HIP 34579,,,,
具名恆星,HIP 36848,Bow and Arrow Added XXVII,,,,,,,HIP 36848,,,,
具名恆星,HIP 36787,Bow and Arrow Added XXVIII,,,,,,,HIP 36787,,,,
具名恆星,HIP 37951,Bow and Arrow Added XXIX,,,,,,,HIP 37951,,,,
具名恆星,HIP 37915,Bow and Arrow Added XXX,,,,,,,HIP 37915,,,,
具名恆星,HIP 39757,Bow and Arrow Added XXXII,,,,,,,Tureis,,,,
具名恆星,HIP 41822,Ghosts I,,,,,,,HIP 41822,,,,
具名恆星,HIP 41909,Ghosts II,,,,,,,HIP 41909,,,,
具名恆星,HIP 42806,Ghosts III,,,,,,,Asellus Borealis,,,,
具名恆星,HIP 42911,Ghosts IV,,,,,,,Asellus Australis,,,,
具名恆星,HIP 42133,Ghosts Added I,,,,,,,HIP 42133,,,,
具名恆星,HIP 41117,Ghosts Added II,,,,,,,HIP 41117,,,,
具名恆星,HIP 41319,Ghosts Added III / Ghosts Added XIX,,,,,,,HIP 41319,,,,
具名恆星,HIP 41578,Ghosts Added IV,,,,,,,HIP 41578,,,,
具名恆星,HIP 41400,Ghosts Added V,,,,,,,HIP 41400,,,,
具名恆星,HIP 42795,Ghosts Added VI,,,,,,,HIP 42795,,,,
具名恆星,HIP 43121,Ghosts Added VII,,,,,,,HIP 43121,,,,
具名恆星,HIP 43454,Ghosts Added VIII,,,,,,,HIP 43454,,,,
具名恆星,HIP 43463,Ghosts Added IX,,,,,,,HIP 43463,,,,
具名恆星,HIP 43970,Ghosts Added X,,,,,,,HIP 43970,,,,
具名恆星,HIP 44001,Ghosts Added XI,,,,,,,HIP 44001,,,,
具名恆星,HIP 44336,Ghosts Added XII,,,,,,,HIP 44336,,,,
具名恆星,HIP 44637,Ghosts Added XIII,,,,,,,HIP 44637,,,,
具名恆星,HIP 44918,Ghosts Added XIV,,,,,,,HIP 44918,,,,
具名恆星,HIP 45699,Ghosts Added XV,,,,,,,HIP 45699,,,,
具名恆星,HIP 45410,Ghosts Added XVI,,,,,,,HIP 45410,,,,
具名恆星,HIP 42516,Cumulative Corpses Added I,,,,,,,HIP 42516,,,,
具名恆星,HIP 42578,Cumulative Corpses Added II,,,,,,,HIP 42578,,,,
具名恆星,HIP 42556,Cumulative Corpses Added III,,,,,,,Meleph,,,,
具名恆星,HIP 40023,Beacon Fire I,,,,,,,HIP 40023,,,,
具名恆星,HIP 40881,Beacon Fire II,,,,,,,Piautos,,,,
具名恆星,HIP 41377,Beacon Fire III / Beacon Fire Added VII,,,,,,,HIP 41377,,,,
具名恆星,HIP 40240,Beacon Fire IV,,,,,,,HIP 40240,,,,
具名恆星,HIP 39263,Beacon Fire Added I,,,,,,,HIP 39263,,,,
具名恆星,HIP 39191,Beacon Fire Added II,,,,,,,HIP 39191,,,,
具名恆星,HIP 39424,Beacon Fire Added III,,,,,,,HIP 39424,,,,
具名恆星,HIP 39888,Beacon Fire Added IV,,,,,,,HIP 39888,,,,
具名恆星,HIP 40007,Beacon Fire Added V,,,,,,,HIP 40007,,,,
具名恆星,HIP 40843,Beacon Fire Added VI,,,,,,,HIP 40843,,,,
具名恆星,HIP 41404,Beacon Fire Added VIII,,,,,,,HIP 41404,,,,
具名恆星,HIP 41389,Beacon Fire Added IX,,,,,,,HIP 41389,,,,
具名恆星,HIP 41574,Beacon Fire Added X,,,,,,,HIP 41574,,,,
具名恆星,HIP 41816,Beacon Fire Added XI,,,,,,,HIP 41816,,,,
具名恆星,HIP 41375,Outer Kitchen I,,,,,,,HIP 41375,,,,
具名恆星,HIP 42835,Outer Kitchen II,,,,,,,HIP 42835,,,,
具名恆星,HIP 43305,Outer Kitchen III,,,,,,,HIP 43305,,,,
具名恆星,HIP 39863,Outer Kitchen Added I,,,,,,,HIP 39863,,,,
具名恆星,HIP 41211,Outer Kitchen Added II,,,,,,,HIP 41211,,,,
具名恆星,HIP 41307,Outer Kitchen Added III,,,,,,,HIP 41307,,,,
具名恆星,HIP 42146,Outer Kitchen Added IV,,,,,,,HIP 42146,,,,
具名恆星,HIP 43496,Outer Kitchen Added VI,,,,,,,HIP 43496,,,,
具名恆星,HIP 43822,Outer Kitchen Added VII,,,,,,,HIP 43822,,,,
具名恆星,HIP 42509,Outer Kitchen Added VIII,,,,,,,HIP 42509,,,,
具名恆星,HIP 43067,Outer Kitchen Added IX,,,,,,,HIP 43067,,,,
具名恆星,HIP 42662,Outer Kitchen Added X,,,,,,,HIP 42662,,,,
具名恆星,HIP 40604,Outer Kitchen Added XI,,,,,,,HIP 40604,,,,
具名恆星,HIP 40259,Outer Kitchen Added XIII,,,,,,,HIP 40259,,,,
具名恆星,HIP 40035,Outer Kitchen Added XIV,,,,,,,HIP 40035,,,,
具名恆星,HIP 40205,Outer Kitchen Added XV,,,,,,,HIP 40205,,,,
具名恆星,HIP 40084,Outer Kitchen Added XVI,,,,,,,HIP 40084,,,,
具名恆星,HIP 41067,Outer Kitchen Added XVII,,,,,,,HIP 41067,,,,
具名恆星,HIP 44816,Judge for Estimating the Age of Animals,,,,天記,,,Suhail,,,,
具名恆星,HIP 46651,Judge for Estimating the Age of Animals Added I,,,,,,,HIP 46651,,,,
具名恆星,HIP 50191,Judge for Estimating the Age of Animals Added II,,,,,,,HIP 50191,,,,
具名恆星,HIP 42312,Celestial Dog I,,,,,,,HIP 42312,,,,
具名恆星,HIP 42884,Celestial Dog II,,,,,,,HIP 42884,,,,
具名恆星,HIP 42515,Celestial Dog IV,,,,,,,HIP 42515,,,,
具名恆星,HIP 42828,Celestial Dog V,,,,,,,HIP 42828,,,,
具名恆星,HIP 43409,Celestial Dog VI,,,,,,,HIP 43409,,,,
具名恆星,HIP 43825,Celestial Dog VII,,,,,,,HIP 43825,,,,
具名恆星,HIP 39953,Celestial Earth God's Temple I,,,,,,,Regor,,,,
具名恆星,HIP 42570,Celestial Earth God's Temple II,,,,,,,HIP 42570,,,,
具名恆星,HIP 42913,Celestial Earth God's Temple III,,,,,,,Alsephina,,,,
具名恆星,HIP 45941,Celestial Earth God's Temple V,,,,,,,Markeb,,,,
具名恆星,HIP 46701,Celestial Earth God's Temple VI,,,,,,,HIP 46701,,,,
具名恆星,HIP 38827,Celestial Earth God's Temple Added I,,,,,,,HIP 38827,,,,
具名恆星,HIP 43023,Celestial Earth God's Temple Added II,,,,,,,HIP 43023,,,,
具名恆星,HIP 44511,Celestial Earth God's Temple Added III,,,,,,,HIP 44511,,,,
具名恆星,HIP 42726,Celestial Earth God's Temple Added IV,,,,,,,HIP 42726,,,,
具名恆星,HIP 42313,Willow I,,,,,,,Minazal I,,,,
具名恆星,HIP 42402,Willow II,,,,,,,Minchir,,,,
具名恆星,HIP 42799,Willow III,,,,,,,Minazal II,,,,
具名恆星,HIP 43234,Willow IV,,,,,,,Minazal IV,,,,
具名恆星,HIP 43109,Willow V,,,,,,,Ashlesha,,,,
具名恆星,HIP 43813,Willow VI,,,,,,,Minazal V,,,,
具名恆星,HIP 44659,Willow VII,,,,,,,HIP 44659,,,,
具名恆星,HIP 45336,Willow VIII,,,,,,,HIP 45336,,,,
具名恆星,HIP 42931,Willow Added I,,,,,,,HIP 42931,,,,
具名恆星,HIP 44798,Willow Added II,,,,,,,HIP 44798,,,,
具名恆星,HIP 44066,Willow Added III / Willow Added XIII,,,,,,,Acubens,,,,
具名恆星,HIP 43851,Willow Added IV / Willow Added XII,,,,,,,HIP 43851,,,,
具名恆星,HIP 42917,Willow Added V,,,,,,,HIP 42917,,,,
具名恆星,HIP 42353,Willow Added VI,,,,,,,HIP 42353,,,,
具名恆星,HIP 42265,Willow Added VII,,,,,,,HIP 42265,,,,
具名恆星,HIP 41904,Willow Added VIII,,,,,,,HIP 41904,,,,
具名恆星,HIP 41163,Willow Added IX,,,,,,,HIP 41163,,,,
具名恆星,HIP 40526,Willow Added X,,,,,,,Tarf,,,,
具名恆星,HIP 40617,Willow Added XI,,,,,,,HIP 40617,,,,
具名恆星,HIP 47723,Banner of Wine Shop I,,,,,,,HIP 47723,,,,
具名恆星,HIP 46771,Banner of Wine Shop II,,,,,,,HIP 46771,,,,
具名恆星,HIP 46454,Banner of Wine Shop III,,,,,,,HIP 46454,,,,
具名恆星,HIP 47189,Banner of Wine Shop Added I,,,,,,,HIP 47189,,,,
具名恆星,HIP 47096,Banner of Wine Shop Added II,,,,,,,HIP 47096,,,,
具名恆星,HIP 47266,Banner of Wine Shop Added III,,,,,,,HIP 47266,,,,
具名恆星,HIP 46774,Banner of Wine Shop Added IV,,,,,,,HIP 46774,,,,
具名恆星,HIP 46457,Banner of Wine Shop Added V,,,,,,,HIP 46457,,,,
具名恆星,HIP 46390,Star I,,,,,,,Alphard,,,,
具名恆星,HIP 46509,Star II,,,,,,,Ukdah I,,,,
具名恆星,HIP 46776,Star III,,,,,,,Ukdah II,,,,
具名恆星,HIP 47431,Star IV,,,,,,,Ukdah,,,,
具名恆星,HIP 45811,Star V,,,,,,,HIP 45811,,,,
具名恆星,HIP 45751,Star VI,,,,,,,HIP 45751,,,,
具名恆星,HIP 46744,Star VII,,,,,,,HIP 46744,,,,
具名恆星,HIP 46365,Star Added I,,,,,,,HIP 46365,,,,
具名恆星,HIP 45526,Star Added II,,,,,,,HIP 45526,,,,
具名恆星,HIP 44961,Star Added III,,,,,,,HIP 44961,,,,
具名恆星,HIP 44883,Star Added IV,,,,,,,HIP 44883,,,,
具名恆星,HIP 45184,Star Added V,,,,,,,HIP 45184,,,,
具名恆星,HIP 45527,Star Added VI,,,,,,,HIP 45527,,,,
具名恆星,HIP 46221,Star Added VII,,,,,,,HIP 46221,,,,
具名恆星,HIP 46982,Star Added VIII,,,,,,,Ukdah III,,,,
具名恆星,HIP 48341,Star Added IX,,,,,,,HIP 48341,,,,
具名恆星,HIP 48087,Star Added X,,,,,,,HIP 48087,,,,
具名恆星,HIP 48286,Star Added XI,,,,,,,HIP 48286,,,,
具名恆星,HIP 48437,Star Added XII,,,,,,,HIP 48437,,,,
具名恆星,HIP 47427,Star Added XIII,,,,,,,HIP 47427,,,,
具名恆星,HIP 47249,Star Added XV,,,,,,,HIP 47249,,,,
具名恆星,HIP 49812,Celestial Premier I,,,,,,,HIP 49812,,,,
具名恆星,HIP 50414,Celestial Premier III,,,,,,,HIP 50414,,,,
具名恆星,HIP 49865,Celestial Premier Added I,,,,,,,HIP 49865,,,,
具名恆星,HIP 50140,Celestial Premier Added II,,,,,,,HIP 50140,,,,
具名恆星,HIP 50100,Celestial Premier Added III,,,,,,,HIP 50100,,,,
具名恆星,HIP 50885,Celestial Premier Added IV,,,,,,,HIP 50885,,,,
具名恆星,HIP 51135,Celestial Premier Added V,,,,,,,HIP 51135,,,,
具名恆星,HIP 51362,Celestial Premier Added VI,,,,,,,HIP 51362,,,,
具名恆星,HIP 50887,Celestial Premier Added VIII,,,,,,,HIP 50887,,,,
具名恆星,HIP 51117,Celestial Premier Added IX,,,,,,,HIP 51117,,,,
具名恆星,HIP 51437,Celestial Premier Added X,,,,,,,HIP 51437,,,,
具名恆星,HIP 52316,Celestial Premier Added XI,,,,,,,HIP 52316,,,,
具名恆星,HIP 52913,Celestial Premier Added XII,,,,,,,HIP 52913,,,,
具名恆星,HIP 44248,Xuanyuan I,,,,,,,HIP 44248,,,,
具名恆星,HIP 44700,Xuanyuan II,,,,,,,HIP 44700,,,,
具名恆星,HIP 45688,Xuanyuan III,,,,,,,HIP 45688,,,,
具名恆星,HIP 45860,Xuanyuan IV,,,,,,,HIP 45860,,,,
具名恆星,HIP 47617,Xuanyuan V,,,,,,,HIP 47617,,,,
具名恆星,HIP 47701,Xuanyuan VI,,,,,,,HIP 47701,,,,
具名恆星,HIP 46146,Xuanyuan VII,,,,,,,Al Minlear al Asad,,,,
具名恆星,HIP 46750,Xuanyuan VIII,,,,,,,Alterf,,,,
具名恆星,HIP 47908,Xuanyuan IX,,,,,,,Algenubi,,,,
具名恆星,HIP 48455,Xuanyuan X,,,,,,,Rasalas,,,,
具名恆星,HIP 50335,Xuanyuan XI,,,,,,,Adhafera,,,,
具名恆星,HIP 50583,Xuanyuan XII,,,,,,,Algieba,,,,
具名恆星,HIP 49583,Xuanyuan XIII,,,,,,,Al Jabhah,,,,
具名恆星,HIP 49669,Xuanyuan XIV,,,,,,,Regulus,,,,
具名恆星,HIP 47508,Xuanyuan XV / Xuanyuan Added LIX,,,,,,,Subra,,,,
具名恆星,HIP 51624,Xuanyuan XVI,,,,,,,HIP 51624,,,,
具名恆星,HIP 49637,Xuanyuan XVII / Maids-in-waiting,,,,御女,,,HIP 49637,,,,
具名恆星,HIP 46735,Xuanyuan Added I,,,,,,,HIP 46735,,,,
具名恆星,HIP 46652,Xuanyuan Added II,,,,,,,HIP 46652,,,,
具名恆星,HIP 45412,Xuanyuan Added III,,,,,,,HIP 45412,,,,
具名恆星,HIP 44307,Xuanyuan Added IV,,,,,,,HIP 44307,,,,
具名恆星,HIP 44154,Xuanyuan Added V,,,,,,,HIP 44154,,,,
具名恆星,HIP 43932,Xuanyuan Added VI,,,,,,,HIP 43932,,,,
具名恆星,HIP 43584,Xuanyuan Added VII,,,,,,,HIP 43584,,,,
具名恆星,HIP 42090,Xuanyuan Added VIII,,,,,,,HIP 42090,,,,
具名恆星,HIP 42503,Xuanyuan Added IX,,,,,,,HIP 42503,,,,
具名恆星,HIP 42472,Xuanyuan Added X,,,,,,,HIP 42472,,,,
具名恆星,HIP 42954,Xuanyuan Added XI,,,,,,,HIP 42954,,,,
具名恆星,HIP 43721,Xuanyuan Added XII,,,,,,,HIP 43721,,,,
具名恆星,HIP 44031,Xuanyuan Added XIII,,,,,,,HIP 44031,,,,
具名恆星,HIP 44818,Xuanyuan Added XIV,,,,,,,HIP 44818,,,,
具名恆星,HIP 44892,Xuanyuan Added XV,,,,,,,HIP 44892,,,,
具名恆星,HIP 44512,Xuanyuan Added XVI,,,,,,,HIP 44512,,,,
具名恆星,HIP 44342,Xuanyuan Added XVII,,,,,,,HIP 44342,,,,
具名恆星,HIP 43834,Xuanyuan Added XVIII,,,,,,,HIP 43834,,,,
具名恆星,HIP 43587,Xuanyuan Added XIX / Xuanyuan Added XX,,,,,,,Copernicus,,,,
具名恆星,HIP 43575,Xuanyuan Added XXI,,,,,,,HIP 43575,,,,
具名恆星,HIP 43103,Xuanyuan Added XXII,,,,,,,Zubanah,,,,
具名恆星,HIP 44405,Xuanyuan Added XXIII,,,,,,,HIP 44405,,,,
具名恆星,HIP 44946,Xuanyuan Added XXIV,,,,,,,Nahn,,,,
具名恆星,HIP 46058,Xuanyuan Added XXV,,,,,,,HIP 46058,,,,
具名恆星,HIP 47247,Xuanyuan Added XXVI,,,,,,,HIP 47247,,,,
具名恆星,HIP 47550,Xuanyuan Added XXVII,,,,,,,HIP 47550,,,,
具名恆星,HIP 48390,Xuanyuan Added XXVIII,,,,,,,HIP 48390,,,,
具名恆星,HIP 48218,Xuanyuan Added XXIX,,,,,,,HIP 48218,,,,
具名恆星,HIP 50319,Xuanyuan Added XXX,,,,,,,HIP 50319,,,,
具名恆星,HIP 50384,Xuanyuan Added XXXI,,,,,,,HIP 50384,,,,
具名恆星,HIP 50564,Xuanyuan Added XXXII / Xuanyuan Added XXXIII,,,,,,,HIP 50564,,,,
具名恆星,HIP 49850,Xuanyuan Added XXXIV,,,,,,,HIP 49850,,,,
具名恆星,HIP 50755,Xuanyuan Added XXXV,,,,,,,HIP 50755,,,,
具名恆星,HIP 50333,Xuanyuan Added XXXVI,,,,,,,HIP 50333,,,,
具名恆星,HIP 49929,Xuanyuan Added XXXVII,,,,,,,HIP 49929,,,,
具名恆星,HIP 49029,Xuanyuan Added XXXVIII,,,,,,,HIP 49029,,,,
具名恆星,HIP 48876,Xuanyuan Added XXXIX,,,,,,,HIP 48876,,,,
具名恆星,HIP 48734,Xuanyuan Added XL,,,,,,,HIP 48734,,,,
具名恆星,HIP 48883,Xuanyuan Added XLII,,,,,,,HIP 48883,,,,
具名恆星,HIP 48324,Xuanyuan Added XLIII,,,,,,,HIP 48324,,,,
具名恆星,HIP 47959,Xuanyuan Added XLIV,,,,,,,HIP 47959,,,,
具名恆星,HIP 47205,Xuanyuan Added XLV,,,,,,,HIP 47205,,,,
具名恆星,HIP 47310,Xuanyuan Added XLVI,,,,,,,HIP 47310,,,,
具名恆星,HIP 48414,Xuanyuan Added XLVII,,,,,,,HIP 48414,,,,
具名恆星,HIP 48273,Xuanyuan Added XLVIII,,,,,,,HIP 48273,,,,
具名恆星,HIP 48552,Xuanyuan Added XLIX,,,,,,,HIP 48552,,,,
具名恆星,HIP 48990,Xuanyuan Added L,,,,,,,HIP 48990,,,,
具名恆星,HIP 49329,Xuanyuan Added LI,,,,,,,HIP 49329,,,,
具名恆星,HIP 49530,Xuanyuan Added LII,,,,,,,HIP 49530,,,,
具名恆星,HIP 50027,Xuanyuan Added LIII / Xuanyuan Added LIV,,,,,,,HIP 50027,,,,
具名恆星,HIP 50851,Xuanyuan Added LV,,,,,,,HIP 50851,,,,
具名恆星,HIP 51008,Xuanyuan Added LVI,,,,,,,HIP 51008,,,,
具名恆星,HIP 51213,Xuanyuan Added LVII,,,,,,,HIP 51213,,,,
具名恆星,HIP 45033,Xuanyuan Added LVIII,,,,,,,HIP 45033,,,,
具名恆星,HIP 50218,High Judge I,,,,,,,HIP 50218,,,,
具名恆星,HIP 49593,High Judge II,,,,,,,HIP 49593,,,,
具名恆星,HIP 47631,High Judge III,,,,,,,HIP 47631,,,,
具名恆星,HIP 48742,High Judge IV,,,,,,,HIP 48742,,,,
具名恆星,HIP 48428,High Judge Added I,,,,,,,HIP 48428,,,,
具名恆星,HIP 48256,High Judge Added II,,,,,,,HIP 48256,,,,
具名恆星,HIP 47570,High Judge Added III,,,,,,,HIP 47570,,,,
具名恆星,HIP 47300,High Judge Added IV,,,,,,,HIP 47300,,,,
具名恆星,HIP 46904,High Judge Added V,,,,,,,HIP 46904,,,,
具名恆星,HIP 46952,High Judge Added VI,,,,,,,HIP 46952,,,,
具名恆星,HIP 47080,High Judge Added VII,,,,,,,HIP 47080,,,,
具名恆星,HIP 47436,High Judge Added VIII,,,,,,,HIP 47436,,,,
具名恆星,HIP 49081,High Judge Added IX,,,,,,,HIP 49081,,,,
具名恆星,HIP 50303,High Judge Added X,,,,,,,HIP 50303,,,,
具名恆星,HIP 50316,High Judge Added XI,,,,,,,HIP 50316,,,,
具名恆星,HIP 48356,Extended Net I,,,,,,,Zhang,,,,
具名恆星,HIP 49841,Extended Net II,,,,,,,HIP 49841,,,,
具名恆星,HIP 51069,Extended Net III,,,,,,,HIP 51069,,,,
具名恆星,HIP 49321,Extended Net IV,,,,,,,HIP 49321,,,,
具名恆星,HIP 47452,Extended Net V,,,,,,,Al Sharasif I,,,,
具名恆星,HIP 52085,Extended Net VI,,,,,,,HIP 52085,,,,
具名恆星,HIP 49402,Extended Net Added I,,,,,,,HIP 49402,,,,
具名恆星,HIP 51614,Extended Net Added II,,,,,,,HIP 51614,,,,
具名恆星,HIP 51905,Extended Net Added III,,,,,,,HIP 51905,,,,
具名恆星,HIP 51718,Extended Net Added IV,,,,,,,HIP 51718,,,,
具名恆星,HIP 49809,Extended Net Added V,,,,,,,HIP 49809,,,,
具名恆星,HIP 53740,Wings I,,,,,,,Alkes,,,,
具名恆星,HIP 55705,Wings II,,,,,,,HIP 55705,,,,
具名恆星,HIP 57283,Wings III,,,,,,,HIP 57283,,,,
具名恆星,HIP 55598,Wings IV,,,,,,,HIP 55598,,,,
具名恆星,HIP 52943,Wings V,,,,,,,HIP 52943,,,,
具名恆星,HIP 58188,Wings VI,,,,,,,HIP 58188,,,,
具名恆星,HIP 55282,Wings VII,,,,,,,HIP 55282,,,,
具名恆星,HIP 56802,Wings VIII,,,,,,,HIP 56802,,,,
具名恆星,HIP 55874,Wings IX,,,,,,,HIP 55874,,,,
具名恆星,HIP 55687,Wings X,,,,,,,HIP 55687,,,,
具名恆星,HIP 53975,Wings XII,,,,,,,HIP 53975,,,,
具名恆星,HIP 56633,Wings XIII,,,,,,,HIP 56633,,,,
具名恆星,HIP 57587,Wings XIV,,,,,,,HIP 57587,,,,
具名恆星,HIP 54682,Wings XVI,,,,,,,Al Sharasif,,,,
具名恆星,HIP 54204,Wings XX,,,,,,,HIP 54204,,,,
具名恆星,HIP 52980,Wings Added I,,,,,,,HIP 52980,,,,
具名恆星,HIP 52884,Wings Added II,,,,,,,HIP 52884,,,,
具名恆星,HIP 52737,Wings Added III,,,,,,,HIP 52737,,,,
具名恆星,HIP 53037,Wings Added IV,,,,,,,HIP 53037,,,,
具名恆星,HIP 53252,Wings Added V,,,,,,,HIP 53252,,,,
具名恆星,HIP 53963,Wings Added VI,,,,,,,HIP 53963,,,,
具名恆星,HIP 54477,Wings Added VII,,,,,,,HIP 54477,,,,
具名恆星,HIP 59803,Chariot I,,,,,,,Gienah,,,,
具名恆星,HIP 59316,Chariot II,,,,,,,Minkar,,,,
具名恆星,HIP 60965,Chariot III,,,,,,,Algorab,,,,
具名恆星,HIP 61359,Chariot IV,,,,,,,Kraz,,,,
具名恆星,HIP 61318,Chariot Added I,,,,,,,HIP 61318,,,,
具名恆星,HIP 60088,Chariot Added II,,,,,,,HIP 60088,,,,
具名恆星,HIP 58587,Chariot Added III,,,,,,,HIP 58587,,,,
具名恆星,HIP 59394,Chariot Added IV,,,,,,,HIP 59394,,,,
具名恆星,HIP 60425,Chariot Added V,,,,,,,HIP 60425,,,,
具名恆星,HIP 59199,Right linchpin,,,,右轄,,,Alchiba,,,,
具名恆星,HIP 61174,Left linchpin,,,,左轄,,,HIP 61174,,,,
具名恆星,HIP 60189,Changsha,,,,長沙,,,HIP 60189,,,,
具名恆星,HIP 57936,Green Hill I,,,,,,,HIP 57936,,,,
具名恆星,HIP 58158,Green Hill II,,,,,,,HIP 58158,,,,
具名恆星,HIP 56280,Green Hill III,,,,,,,HIP 56280,,,,
具名恆星,HIP 56332,Green Hill IV,,,,,,,HIP 56332,,,,
具名恆星,HIP 56343,Green Hill V,,,,,,,HIP 56343,,,,
具名恆星,HIP 56452,Green Hill VI,,,,,,,HIP 56452,,,,
具名恆星,HIP 56922,Green Hill VII,,,,,,,HIP 56922,,,,
具名恆星,HIP 57047,Green Hill Added I,,,,,,,HIP 57047,,,,
具名恆星,HIP 56657,Green Hill Added II,,,,,,,HIP 56657,,,,
具名恆星,HIP 56623,Green Hill Added III,,,,,,,HIP 56623,,,,
具名恆星,HIP 51232,Sea and Mountain I,,,,,,,HIP 51232,,,,
具名恆星,HIP 56561,Sea and Mountain V,,,,,,,HIP 56561,,,,
具名恆星,HIP 57363,Sea and Mountain VI,,,,,,,HIP 57363,,,,
具名恆星,HIP 51986,Sea and Mountain Added I,,,,,,,HIP 51986,,,,
具名恆星,HIP 52727,Sea and Mountain Added II,,,,,,,HIP 52727,,,,
具名恆星,HIP 61084,Cross I,,,,,,,Gacrux,,,,
具名恆星,HIP 60718,Cross II,,,,,,,Acrux,,,,
具名恆星,HIP 62434,Cross III,,,,,,,Mimosa,,,,
具名恆星,HIP 59747,Cross IV,,,,,,,Imai,,,,
具名恆星,HIP 60710,Horse's Tail I,,,,,,,HIP 60710,,,,
具名恆星,HIP 59449,Horse's Tail II,,,,,,,HIP 59449,,,,
具名恆星,HIP 59196,Horse's Tail III,,,,,,,HIP 59196,,,,
具名恆星,HIP 68702,Horse's Abdomen I,,,,,,,Hadar,,,,
具名恆星,HIP 62322,Bee I,,,,,,,HIP 62322,,,,
具名恆星,HIP 61585,Bee III,,,,,,,HIP 61585,,,,
具名恆星,HIP 74946,Triangle I,,,,,,,HIP 74946,,,,
具名恆星,HIP 77952,Triangle II,,,,,,,HIP 77952,,,,
具名恆星,HIP 82273,Triangle III,,,,,,,Atria,,,,
具名恆星,HIP 79664,Triangle Added I,,,,,,,HIP 79664,,,,
具名恆星,HIP 76440,Triangle Added II,,,,,,,HIP 76440,,,,
具名恆星,HIP 76013,Triangle Added III,,,,,,,HIP 76013,,,,
具名恆星,HIP 76750,Triangle Added IV,,,,,,,HIP 76750,,,,
具名恆星,HIP 84969,Exotic Bird I,,,,,,,HIP 84969,,,,
具名恆星,HIP 84979,Exotic Bird II,,,,,,,HIP 84979,,,,
具名恆星,HIP 81852,Exotic Bird III,,,,,,,HIP 81852,,,,
具名恆星,HIP 81065,Exotic Bird IV,,,,,,,HIP 81065,,,,
具名恆星,HIP 70638,Exotic Bird V,,,,,,,HIP 70638,,,,
具名恆星,HIP 80047,Exotic Bird VI,,,,,,,HIP 80047,,,,
具名恆星,HIP 69896,Exotic Bird VII,,,,,,,HIP 69896,,,,
具名恆星,HIP 72370,Exotic Bird VIII,,,,,,,HIP 72370,,,,
具名恆星,HIP 70248,Exotic Bird IX,,,,,,,HIP 70248,,,,
具名恆星,HIP 86929,Peafowl I,,,,,,,HIP 86929,,,,
具名恆星,HIP 88866,Peafowl II,,,,,,,HIP 88866,,,,
具名恆星,HIP 90797,Peafowl III,,,,,,,HIP 90797,,,,
具名恆星,HIP 92609,Peafowl IV,,,,,,,HIP 92609,,,,
具名恆星,HIP 93015,Peafowl V,,,,,,,HIP 93015,,,,
具名恆星,HIP 99240,Peafowl VI,,,,,,,HIP 99240,,,,
具名恆星,HIP 102395,Peafowl VII,,,,,,,HIP 102395,,,,
具名恆星,HIP 91792,Peafowl VIII,,,,,,,HIP 91792,,,,
具名恆星,HIP 98495,Peafowl IX,,,,,,,HIP 98495,,,,
具名恆星,HIP 105858,Peafowl X,,,,,,,HIP 105858,,,,
具名恆星,HIP 100751,Peafowl XI,,,,,,,Peacock,,,,
具名恆星,HIP 92024,Peafowl Added I,,,,,,,HIP 92024,,,,
具名恆星,HIP 90098,Peafowl Added II,,,,,,,HIP 90098,,,,
具名恆星,HIP 93163,Peafowl Added III,,,,,,,HIP 93163,,,,
具名恆星,HIP 103227,Peafowl Added IV,,,,,,,HIP 103227,,,,
具名恆星,HIP 101772,Persia II,,,,,,,Persian,,,,
具名恆星,HIP 2021,Snake's Tail I,,,,,,,HIP 2021,,,,
具名恆星,HIP 110078,Snake's Tail II,,,,,,,HIP 110078,,,,
具名恆星,HIP 107089,Snake's Tail III,,,,,,,HIP 107089,,,,
具名恆星,HIP 104043,Snake's Tail IV,,,,,,,HIP 104043,,,,
具名恆星,HIP 12876,Snake's Abdomen I,,,,,,,HIP 12876,,,,
具名恆星,HIP 12394,Snake's Abdomen II,,,,,,,HIP 12394,,,,
具名恆星,HIP 11001,Snake's Abdomen III,,,,,,,HIP 11001,,,,
具名恆星,HIP 8928,Snake's Abdomen IV,,,,,,,HIP 8928,,,,
具名恆星,HIP 9236,Snake's Head I,,,,,,,HIP 9236,,,,
具名恆星,HIP 17440,Snake's Head II,,,,,,,HIP 17440,,,,
具名恆星,HIP 110130,Bird's Beak I,,,,,,,HIP 110130,,,,
具名恆星,HIP 110838,Bird's Beak II,,,,,,,HIP 110838,,,,
具名恆星,HIP 118092,Bird's Beak III,,,,,,,HIP 118092,,,,
具名恆星,HIP 2484,Bird's Beak IV,,,,,,,HIP 2484,,,,
具名恆星,HIP 3330,Bird's Beak V,,,,,,,HIP 3330,,,,
具名恆星,HIP 1599,Bird's Beak VI,,,,,,,HIP 1599,,,,
具名恆星,HIP 118322,Bird's Beak VII,,,,,,,HIP 118322,,,,
具名恆星,HIP 118121,Bird's Beak Added I,,,,,,,HIP 118121,,,,
具名恆星,HIP 109268,Crane I,,,,,,,Alnair,,,,
具名恆星,HIP 112122,Crane II,,,,,,,Tiaki,,,,
具名恆星,HIP 112623,Crane III,,,,,,,HIP 112623,,,,
具名恆星,HIP 112374,Crane IV,,,,,,,HIP 112374,,,,
具名恆星,HIP 114996,Crane V,,,,,,,HIP 114996,,,,
具名恆星,HIP 113638,Crane VI,,,,,,,HIP 113638,,,,
具名恆星,HIP 114421,Crane VII,,,,,,,HIP 114421,,,,
具名恆星,HIP 114131,Crane VIII,,,,,,,HIP 114131,,,,
具名恆星,HIP 112203,Crane IX,,,,,,,HIP 112203,,,,
具名恆星,HIP 110936,Crane X,,,,,,,HIP 110936,,,,
具名恆星,HIP 111043,Crane XI,,,,,,,HIP 111043,,,,
具名恆星,HIP 109908,Crane XII,,,,,,,HIP 109908,,,,
具名恆星,HIP 109973,Crane Added I,,,,,,,HIP 109973,,,,
具名恆星,HIP 110997,Crane Added II,,,,,,,HIP 110997,,,,
具名恆星,HIP 116231,Firebird I,,,,,,,HIP 116231,,,,
具名恆星,HIP 116389,Firebird II,,,,,,,HIP 116389,,,,
具名恆星,HIP 116602,Firebird III / Firebird Added I,,,,,,,HIP 116602,,,,
具名恆星,HIP 765,Firebird IV,,,,,,,HIP 765,,,,
具名恆星,HIP 2072,Firebird V,,,,,,,HIP 2072,,,,
具名恆星,HIP 2081,Firebird VI,,,,,,,Ankaa,,,,
具名恆星,HIP 3245,Firebird VII,,,,,,,Alrial II,,,,
具名恆星,HIP 2472,Firebird VIII,,,,,,,HIP 2472,,,,
具名恆星,HIP 5165,Firebird IX,,,,,,,Alrial III,,,,
具名恆星,HIP 6867,Firebird X,,,,,,,Alrial V,,,,
具名恆星,HIP 7588,Crooked Running Water I,,,,,,,Achernar,,,,
具名恆星,HIP 5348,Crooked Running Water II,,,,,,,Wurren,,,,
具名恆星,HIP 3405,Crooked Running Water III,,,,,,,HIP 3405,,,,
具名恆星,HIP 17678,White Patched Nearby I,,,,,,,HIP 17678,,,,
具名恆星,HIP 13244,White Patched Nearby II,,,,,,,HIP 13244,,,,
具名恆星,HIP 24372,White Patches Attached I,,,,,,,HIP 24372,,,,
具名恆星,HIP 19780,White Patches Attached II,,,,,,,HIP 19780,,,,
具名恆星,HIP 19893,Goldfish I,,,,,,,HIP 19893,,,,
具名恆星,HIP 21281,Goldfish II,,,,,,,HIP 21281,,,,
具名恆星,HIP 26069,Goldfish III,,,,,,,HIP 26069,,,,
具名恆星,HIP 27100,Goldfish IV,,,,,,,HIP 27100,,,,
具名恆星,HIP 29134,Goldfish V,,,,,,,HIP 29134,,,,
具名恆星,HIP 32607,Goldfish Added I,,,,,,,HIP 32607,,,,
具名恆星,HIP 41037,Sea Rock I,,,,,,,Avior,,,,
具名恆星,HIP 45556,Sea Rock II,,,,,,,Aspidiske,,,,
具名恆星,HIP 46974,Sea Rock III,,,,,,,HIP 46974,,,,
具名恆星,HIP 47854,Sea Rock IV,,,,,,,HIP 47854,,,,
具名恆星,HIP 48002,Sea Rock V,,,,,,,HIP 48002,,,,
具名恆星,HIP 45080,Sea Rock Added I,,,,,,,HIP 45080,,,,
具名恆星,HIP 43783,Sea Rock Added II,,,,,,,HIP 43783,,,,
具名恆星,HIP 45101,Sea Rock Added III,,,,,,,HIP 45101,,,,
具名恆星,HIP 44382,Flying Fish I,,,,,,,HIP 44382,,,,
具名恆星,HIP 34481,Flying Fish II,,,,,,,HIP 34481,,,,
具名恆星,HIP 41312,Flying Fish III,,,,,,,HIP 41312,,,,
具名恆星,HIP 40817,Flying Fish IV,,,,,,,HIP 40817,,,,
具名恆星,HIP 35228,Flying Fish V,,,,,,,HIP 35228,,,,
具名恆星,HIP 37504,Flying Fish VI,,,,,,,HIP 37504,,,,
具名恆星,HIP 50371,Southern Boat I,,,,,,,HIP 50371,,,,
具名恆星,HIP 51576,Southern Boat II,,,,,,,HIP 51576,,,,
具名恆星,HIP 52419,Southern Boat III,,,,,,,HIP 52419,,,,
具名恆星,HIP 50099,Southern Boat IV,,,,,,,HIP 50099,,,,
具名恆星,HIP 45238,Southern Boat V,,,,,,,Miaplacidus,,,,
具名恆星,HIP 50954,Southern Boat Added I,,,,,,,HIP 50954,,,,
具名恆星,HIP 60000,Little Dipper I,,,,,,,HIP 60000,,,,
具名恆星,HIP 58484,Little Dipper II,,,,,,,HIP 58484,,,,
具名恆星,HIP 51839,Little Dipper III,,,,,,,HIP 51839,,,,
具名恆星,HIP 52633,Little Dipper IV,,,,,,,HIP 52633,,,,
具名恆星,HIP 46928,Little Dipper V,,,,,,,HIP 46928,,,,
具名恆星,HIP 46107,Little Dipper VI,,,,,,,HIP 46107,,,,
具名恆星,HIP 43012,Little Dipper VII,,,,,,,HIP 43012,,,,
具名恆星,HIP 40888,Little Dipper VIII,,,,,,,HIP 40888,,,,
具名恆星,HIP 36982,Little Dipper IX,,,,,,,HIP 36982,,,,
具名恆星,HIP 40702,Little Dipper Added I,,,,,,,HIP 40702,,,,
具名恆星,HIP 104382,Southern Star,,,,南方之星,,,Polaris Australis,,,,
具名深空天體,C 76,God's Palace,神宫,Shéngōng,,神宮,,,False Comet Nebula,,,,
具名深空天體,M 7,Fish,鱼,Yú,,魚,,,Ptolemy's Cluster,,,,
具名深空天體/其他,NAME Beehive Cluster,Cumulative Corpses,积尸,JīShī,,積尸,,,Beehive Cluster,,,,
具名深空天體/其他,NAME ω Cen Cluster,Arsenal Added I,库楼增一,Kùlóu Zēng I,,,,,ω Cen Cluster,,,,
具名深空天體/其他,NAME Andromeda Galaxy,Legs Mansion XXI,奎宿增廿一,Kuíxiù Zēng XXI,,,,,Andromeda Galaxy,,,,
具名深空天體/其他,NAME Carina Nebula,Sea and Mountain II,海山二,Hǎishān II,,,,,Carina Nebula,,,,
